source,target
0,12824
0,209
0,1
1,12962
1,63
1,1
3,7748
3,209
3,2
4,4649
4,63
4,2
7,4649
7,63
7,2
8,7735
8,12
8,2
10,12687
10,12
10,1
11,13122
11,12
11,1
12,12991
12,12992
12,204
12,1
13,6241
13,12
13,2
14,10125
14,12
14,2
15,7748
15,209
15,2
16,12811
16,12
16,1
17,2128
17,12
17,3
18,12656
18,12
18,1
19,12677
19,63
19,1
20,9406
20,12
20,3
21,7565
21,32
21,3
22,8021
22,12
22,2
23,5644
23,63
23,2
24,10295
24,7515
24,32
24,2
25,12616
25,12
25,1
26,10348
26,207
26,3
27,6241
27,12
27,2
28,4649
28,206
28,2
29,8380
29,12
29,2
30,13052
30,12
30,1
31,12541
31,209
31,1
32,5644
32,63
32,2
33,907
33,12
33,2
34,7927
34,12
34,2
35,11976
35,12
35,2
36,765
36,216
36,2
37,765
37,216
37,2
38,765
38,216
38,2
39,4138
39,12
39,2
40,1969
40,12
40,3
41,6267
41,12
41,2
42,5644
42,63
42,2
43,10378
43,12
43,2
44,765
44,216
44,2
45,6926
45,209
45,2
46,8957
46,12177
46,12
46,2
47,765
47,216
47,2
48,6926
48,209
48,2
49,12656
49,12
49,1
50,12677
50,63
50,1
51,765
51,12
51,2
52,11791
52,12
52,2
53,765
53,12
53,2
54,4649
54,206
54,2
55,8380
55,12
55,2
56,4890
56,12
56,2
58,2881
58,12
58,2
59,765
59,12
59,2
60,1180
60,12
60,2
61,4842
61,199
61,2
63,765
63,12
63,2
64,5644
64,63
64,2
65,8615
65,12
65,2
66,765
66,12
66,2
68,765
68,12
68,2
69,11626
69,199
69,2
70,5644
70,63
70,2
71,13070
71,12
71,1
72,7375
72,3135
72,12
72,2
73,765
73,12
73,2
74,13070
74,12
74,1
75,12715
75,12
75,1
76,12484
76,12
76,1
77,440
77,12
77,3
78,7768
78,204
78,2
79,7241
79,12
79,2
80,9550
80,12
80,2
81,10993
81,12
81,2
82,12738
82,12
82,1
83,7375
83,12
83,2
84,765
84,12
84,2
85,5644
85,63
85,2
86,7748
86,209
86,2
87,1765
87,12
87,2
88,7122
88,12
88,2
89,2547
89,12
89,2
90,765
90,12
90,2
91,7539
91,12
91,2
92,765
92,12
92,2
93,11201
93,12
93,2
94,5644
94,63
94,2
95,765
95,12
95,2
96,7768
96,204
96,2
97,5644
97,63
97,2
98,9336
98,12
98,2
99,765
99,12
99,2
100,12656
100,12
100,1
102,12919
102,63
102,1
103,4649
103,12
103,2
104,3512
104,199
104,2
105,9327
105,12
105,2
106,5651
106,63
106,2
107,3666
107,12
107,2
108,12480
108,12
108,1
109,4649
109,206
109,2
110,11797
110,12
110,2
111,6926
111,209
111,2
112,5651
112,63
112,2
113,5651
113,63
113,2
114,12806
114,12
114,1
115,4649
115,12
115,2
117,5651
117,63
117,2
118,4649
118,12
118,2
120,926
120,12
120,2
121,3251
121,131
121,12
121,2
122,4692
122,12
122,2
123,3574
123,12
123,2
124,4649
124,12
124,2
125,12690
125,63
125,1
127,12749
127,12
127,1
128,13122
128,63
128,1
131,5262
131,63
131,2
132,9780
132,207
132,2
134,5262
134,63
134,2
136,12633
136,545
136,12
136,1
137,7649
137,12
137,3
138,4251
138,12
138,2
139,5262
139,63
139,2
142,10869
142,199
142,2
143,5262
143,63
143,2
144,10869
144,199
144,2
145,5262
145,63
145,2
147,12944
147,12
147,1
148,12129
148,12
148,2
149,5262
149,63
149,2
150,907
150,12
150,2
151,5262
151,63
151,2
152,9585
152,199
152,2
153,13122
153,63
153,1
154,5675
154,12
154,2
155,9585
155,199
155,2
156,5262
156,63
156,2
157,12704
157,12
157,1
158,9585
158,199
158,2
159,12585
159,12
159,1
160,9585
160,199
160,2
161,5675
161,12
161,2
162,8531
162,63
162,2
163,12480
163,12
163,1
164,6761
164,12
164,2
166,5675
166,12
166,2
167,5675
167,12
167,2
169,5262
169,63
169,2
170,5675
170,12
170,2
172,5675
172,12
172,2
173,5262
173,63
173,2
174,962
174,12
174,2
175,5675
175,12
175,2
176,11515
176,199
176,2
177,5262
177,63
177,2
180,5675
180,209
180,2
181,12496
181,63
181,1
182,12796
182,12
182,1
183,11155
183,12
183,2
184,760
184,63
184,2
185,5675
185,209
185,2
186,8913
186,209
186,3
188,5620
188,12
188,3
189,5675
189,209
189,2
190,464
190,12
190,2
191,760
191,63
191,2
193,464
193,12
193,2
194,760
194,63
194,2
195,5675
195,209
195,2
196,464
196,12
196,2
197,12205
197,12
197,2
198,5675
198,209
198,2
199,12738
199,12
199,1
200,12989
200,12
200,1
201,6521
201,12
201,2
202,1045
202,24
202,2
203,12472
203,12
203,1
204,8531
204,63
204,2
206,13122
206,12
206,1
207,8417
207,32
207,3
208,13068
208,216
208,1
209,5630
209,12
209,3
210,8417
210,32
210,3
211,765
211,216
211,2
212,12855
212,12
212,1
213,998
213,6121
213,12
213,2
214,480
214,1860
214,2708
214,3273
214,3437
214,4598
214,6781
214,8266
214,8507
214,9739
214,9940
214,10105
214,10139
214,11105
214,11504
214,13068
214,13072
214,12
214,1
215,765
215,216
215,2
216,760
216,63
216,2
217,12953
217,12
217,1
218,5675
218,12
218,2
219,2106
219,12827
219,12
219,1
220,765
220,216
220,2
221,2277
221,12
221,3
222,5675
222,12
222,2
223,765
223,216
223,2
224,12738
224,12
224,1
225,760
225,63
225,2
227,5675
227,12
227,2
229,12919
229,63
229,1
230,10479
230,12
230,2
231,5651
231,63
231,2
232,1070
232,199
232,3
233,8531
233,63
233,2
235,13013
235,12
235,1
236,12473
236,12
236,1
238,6527
238,12
238,2
240,6910
240,199
240,2
242,12243
242,12
242,2
243,5646
243,12741
243,12
243,1
245,8531
245,63
245,2
246,12708
246,12
246,1
249,7755
249,12934
249,12
249,1
253,13095
253,12
253,1
254,9321
254,12
254,2
255,7610
255,63
255,2
256,994
256,12
256,2
259,8517
259,12
259,2
263,2880
263,12
263,2
264,5305
264,12
264,2
268,1684
268,24
268,2
269,8531
269,63
269,2
270,12541
270,12
270,1
271,12935
271,207
271,1
272,6926
272,12
272,2
273,2031
273,12
273,2
274,12854
274,12
274,1
275,3530
275,12
275,2
276,12302
276,12
276,2
277,12472
277,12
277,1
278,6130
278,12
278,2
279,8531
279,63
279,2
280,1350
280,12
280,2
281,12989
281,63
281,1
282,13009
282,12
282,1
283,3780
283,63
283,2
285,7494
285,12
285,2
286,10237
286,12
286,3
287,3780
287,63
287,2
288,8332
288,12
288,2
289,8239
289,12
289,2
290,12616
290,12
290,1
291,13067
291,12
291,1
292,12488
292,12
292,1
294,12815
294,12
294,1
297,12644
297,12
297,1
299,12989
299,12
299,1
301,7748
301,209
301,2
302,4649
302,206
302,2
303,12472
303,12
303,1
304,3780
304,63
304,2
305,7748
305,209
305,2
306,7610
306,209
306,2
307,3780
307,63
307,2
309,9957
309,12
309,2
310,12616
310,12
310,1
311,7748
311,209
311,2
313,12616
313,12
313,1
314,11483
314,12
314,2
315,765
315,63
315,2
316,1045
316,24
316,2
317,11483
317,12
317,2
318,12616
318,12
318,1
319,765
319,63
319,2
322,12616
322,12
322,1
323,12786
323,12
323,1
324,5714
324,12
324,4
325,12616
325,12
325,1
326,3043
326,199
326,2
328,2932
328,12
328,2
329,12989
329,12
329,1
330,7748
330,209
330,2
331,9063
331,12
331,2
332,12616
332,12
332,1
333,13055
333,12
333,1
334,765
334,63
334,2
335,12616
335,12
335,1
337,12989
337,216
337,1
338,12579
338,12
338,1
339,3780
339,216
339,2
340,11794
340,12
340,2
341,3780
341,216
341,2
342,2005
342,5378
342,6702
342,12187
342,12
342,2
343,5738
343,9635
343,10035
343,12
343,3
344,1798
344,12
344,3
345,7257
345,207
345,2
346,9321
346,12
346,2
347,3086
347,12
347,2
348,11468
348,12
348,2
349,9321
349,12
349,2
350,5675
350,63
350,2
351,2284
351,12
351,2
352,8237
352,12
352,2
353,13122
353,12
353,1
354,5675
354,63
354,2
355,876
355,4095
355,5732
355,5761
355,5766
355,8166
355,8168
355,9632
355,10288
355,10726
355,10824
355,13069
355,5180
355,5179
355,12
355,1
356,2018
356,2231
356,2254
356,5210
356,5353
356,5370
356,5528
356,5739
356,6128
356,8627
356,9145
356,9186
356,10037
356,12654
356,12655
356,12
356,1
357,5675
357,63
357,2
358,5675
358,63
358,2
359,13122
359,12
359,1
360,12118
360,12
360,2
361,12631
361,12
361,1
362,5675
362,63
362,2
363,13099
363,1316
363,207
363,1
364,13144
364,207
364,1
365,7541
365,12
365,2
366,8165
366,12
366,3
367,1045
367,24
367,2
368,8417
368,32
368,3
369,13122
369,12
369,1
370,12616
370,209
370,1
371,12795
371,12
371,1
372,8417
372,32
372,3
374,12478
374,12
374,1
375,13122
375,12
375,1
376,3780
376,216
376,2
377,3780
377,216
377,2
378,5675
378,63
378,2
379,3780
379,216
379,2
380,5775
380,12
380,3
381,4150
381,12
381,2
382,3780
382,216
382,2
383,11307
383,12
383,2
384,12474
384,12
384,1
385,5780
385,10064
385,12
385,2
386,12989
386,12
386,1
387,12807
387,207
387,1
389,4389
389,12
389,2
390,11740
390,12
390,2
391,5675
391,63
391,2
392,4708
392,12
392,2
393,12656
393,12
393,1
394,12677
394,63
394,1
399,13084
399,12
399,1
400,11606
400,13084
400,12
400,1
401,12720
401,12
401,1
402,12744
402,12
402,1
403,12683
403,1039
403,12
403,1
404,12703
404,12
404,1
405,12875
405,12
405,1
406,12744
406,12
406,1
407,1816
407,12697
407,12
407,1
409,12775
409,12
409,1
410,12855
410,12
410,1
411,5739
411,12
411,3
412,12471
412,12
412,1
414,12565
414,12
414,1
416,12563
416,12
416,1
417,12560
417,12
417,1
418,12916
418,12
418,1
419,12674
419,12
419,1
420,13104
420,13105
420,6666
420,12
420,1
421,12562
421,12
421,1
422,12946
422,12
422,1
423,5990
423,12
423,2
424,2162
424,12
424,2
425,12946
425,12
425,1
426,12707
426,13052
426,12
426,1
427,8261
427,12
427,2
428,10101
428,12
428,2
429,12803
429,12
429,1
431,12738
431,7675
431,554
431,12
431,1
433,2042
433,12742
433,12
433,1
434,12870
434,12
434,1
435,12715
435,12
435,1
436,12870
436,12
436,1
438,12924
438,12
438,1
439,12750
439,12
439,1
440,77
440,7913
440,6688
440,4576
440,12
440,2
441,4760
441,4905
441,12878
441,8638
441,3555
441,1650
441,12
441,1
443,503
443,6232
443,9134
443,10161
443,1929
443,202
443,12
443,2
444,12468
444,12
444,1
445,12886
445,12
445,1
446,12732
446,12
446,1
447,6868
447,136
447,12
447,1
448,8612
448,12584
448,12
448,1
449,2991
449,3524
449,11839
449,6217
449,2028
449,12
449,2
450,9451
450,12
450,2
451,12785
451,12
451,1
452,5215
452,12687
452,12
452,1
453,12911
453,3428
453,556
453,12
453,1
454,12892
454,1947
454,12
454,1
455,12952
455,7750
455,12
455,1
456,665
456,12557
456,12
456,1
457,10321
457,12911
457,12
457,1
458,8324
458,12
458,2
459,12958
459,6145
459,12
459,1
460,6536
460,12938
460,6327
460,6321
460,6300
460,12
460,1
462,10316
462,12479
462,12
462,1
463,12710
463,12
463,1
464,190
464,193
464,196
464,12484
464,12
464,1
465,12569
465,12570
465,12
465,1
466,13096
466,12
466,1
467,13067
467,12
467,1
468,5546
468,12933
468,12
468,1
469,12933
469,12
469,1
470,6256
470,12707
470,12
470,1
471,12479
471,12
471,1
472,12958
472,12
472,1
473,13017
473,12
473,1
475,13017
475,210
475,12
475,1
476,11046
476,12711
476,12
476,1
477,12581
477,12
477,1
478,12711
478,6868
478,12
478,1
479,13069
479,8589
479,61
479,12
479,1
480,214
480,21
480,12
480,2
481,12514
481,12
481,1
482,12478
482,12
482,1
483,12646
483,12647
483,7291
483,3470
483,3443
483,3406
483,1980
483,1187
483,12
483,1
484,12631
484,8232
484,12
484,1
485,12556
485,6786
485,12
485,1
486,12647
486,12
486,1
487,12956
487,12
487,1
488,13053
488,12
488,1
489,12916
489,12
489,1
490,13053
490,1133
490,12
490,1
491,3380
491,12643
491,12
491,1
492,12937
492,8039
492,7843
492,12
492,1
493,12636
493,8291
493,1203
493,12
493,1
494,12633
494,6579
494,545
494,12
494,1
495,3820
495,12949
495,12
495,1
496,12818
496,12
496,1
497,12915
497,6720
497,12
497,1
500,12776
500,12
500,1
501,12965
501,12966
501,167
501,12
501,1
502,4145
502,12986
502,485
502,12
502,1
503,443
503,12706
503,12
503,1
504,5048
504,13090
504,490
504,12
504,1
505,12577
505,12
505,1
506,12976
506,364
506,12
506,1
507,12713
507,54
507,12
507,1
508,666
508,12890
508,12
508,1
509,12576
509,12
509,1
510,13092
510,12
510,1
511,12577
511,12
511,1
512,12965
512,12
512,1
513,12801
513,12802
513,12
513,1
514,3254
514,4239
514,12
514,2
515,13019
515,12
515,1
516,12953
516,6163
516,12
516,1
517,2236
517,2623
517,12879
517,12
517,1
518,12490
518,12
518,1
519,12490
519,12
519,1
520,12803
520,12
520,1
521,12575
521,206
521,1
522,5500
522,12574
522,206
522,1
523,12784
523,12
523,1
524,12637
524,12638
524,12
524,1
525,12813
525,12
525,1
526,13099
526,12
526,1
527,12495
527,12
527,1
528,12472
528,12
528,1
529,12809
529,12
529,1
530,12696
530,12
530,1
531,12476
531,12
531,1
532,12709
532,12
532,1
533,12573
533,12
533,1
534,12559
534,12
534,1
535,12895
535,206
535,1
537,10582
537,12
537,2
538,12724
538,12
538,1
539,12634
539,12
539,1
540,12576
540,12577
540,12
540,1
541,12572
541,208
541,12
541,1
543,12959
543,8668
543,3372
543,12
543,1
544,12887
544,12
544,1
545,5861
545,12816
545,12817
545,206
545,1
546,12650
546,8637
546,8572
546,6740
546,6610
546,1353
546,1236
546,1190
546,12
546,1
547,12887
547,12
547,1
548,12475
548,12
548,1
549,9115
549,11841
549,12
549,3
550,12475
550,12
550,1
551,13121
551,2668
551,12
551,1
552,12627
552,12
552,1
553,12573
553,12
553,1
554,13108
554,13109
554,7234
554,12
554,1
555,2456
555,13108
555,12
555,1
557,12605
557,12
557,1
558,12724
558,12
558,1
559,12898
559,12
559,1
560,12951
560,12
560,1
561,12074
561,12
561,2
562,9859
562,12
562,2
563,12519
563,12
563,1
564,12807
564,12
564,1
565,12021
565,12519
565,12
565,1
567,13013
567,12
567,1
568,12957
568,12
568,1
569,12789
569,5129
569,4240
569,12
569,1
570,12806
570,12
570,1
571,3268
571,12
571,2
572,12721
572,12
572,1
573,12898
573,12
573,1
574,12947
574,1626
574,12
574,1
575,12040
575,12740
575,12
575,1
576,12948
576,12
576,1
577,12855
577,12
577,1
578,958
578,12
578,2
579,12773
579,12
579,1
580,12917
580,12
580,1
581,12725
581,12
581,1
582,12774
582,12
582,1
584,1711
584,12
584,2
585,1246
585,1395
585,12774
585,8330
585,7865
585,7543
585,7505
585,7439
585,7425
585,2704
585,1590
585,1585
585,1518
585,172
585,12
585,1
586,12486
586,12
586,1
587,12721
587,12
587,1
588,12984
588,8534
588,5143
588,4839
588,1978
588,12
588,1
589,5033
589,12973
589,12
589,1
590,12941
590,12
590,1
591,9584
591,12704
591,12
591,1
592,4798
592,2745
592,12
592,2
593,1697
593,12
593,2
594,12704
594,6407
594,12
594,1
595,12971
595,12
595,1
596,12965
596,12966
596,12
596,1
597,12541
597,12
597,1
598,13102
598,13103
598,12
598,1
599,13055
599,12
599,1
600,13096
600,8427
600,3684
600,2417
600,12
600,1
601,12969
601,12
601,1
602,13014
602,12
602,1
603,13014
603,12
603,1
604,12483
604,12
604,1
605,1576
605,3034
605,3700
605,12605
605,12606
605,12
605,1
606,12803
606,6837
606,12
606,1
607,12827
607,3550
607,12
607,1
608,12481
608,12
608,1
610,3728
610,3868
610,12497
610,8183
610,8182
610,7932
610,7889
610,7720
610,7677
610,7623
610,7592
610,7558
610,7512
610,7468
610,7445
610,7430
610,7427
610,7417
610,7412
610,7411
610,427
610,12
610,1
611,12794
611,12
611,1
612,12492
612,12
612,1
613,12821
613,12
613,1
614,11830
614,12820
614,12
614,1
615,11843
615,12604
615,12
615,1
616,13061
616,12
616,1
617,13064
617,13073
617,696
617,12
617,1
618,2002
618,2226
618,2825
618,3837
618,4048
618,4227
618,10268
618,12
618,3
620,2826
620,7172
620,9143
620,10569
620,12
620,2
621,3727
621,4098
621,10272
621,10513
621,12254
621,12
621,4
623,12530
623,12
623,1
624,12530
624,12
624,1
625,12623
625,12
625,1
626,13026
626,13027
626,6686
626,12
626,1
627,10558
627,12260
627,3522
627,539
627,12
627,2
628,12888
628,12
628,1
629,12494
629,12
629,1
630,12734
630,12
630,1
631,8427
631,8452
631,8661
631,8681
631,8690
631,8724
631,8877
631,8910
631,8956
631,8965
631,8992
631,9170
631,12654
631,12655
631,12656
631,4945
631,12
631,1
632,12795
632,12796
632,12
632,1
633,12494
633,12
633,1
634,13031
634,569
634,12
634,1
635,13064
635,12
635,1
636,13030
636,5764
636,12
636,1
637,13143
637,12
637,1
638,11844
638,13065
638,12
638,1
640,13103
640,12
640,1
641,13143
641,12
641,1
643,11845
643,12769
643,7261
643,7260
643,12
643,1
645,12531
645,12
645,1
647,5196
647,11307
647,12
647,2
648,9418
648,11307
648,3215
648,12
648,2
649,12903
649,12
649,1
651,12962
651,1288
651,12
651,1
653,12935
653,12
653,1
654,12945
654,8043
654,8042
654,12
654,1
655,11847
655,291
655,12
655,1
657,12786
657,12
657,1
658,8532
658,12
658,2
659,12883
659,12
659,1
661,12930
661,12
661,1
662,5644
662,896
662,63
662,2
663,10300
663,12
663,2
664,8286
664,12
664,2
665,456
665,207
665,2
666,508
666,12
666,2
667,3554
667,12
667,2
668,6470
668,12
668,2
669,5651
669,7046
669,63
669,2
671,7863
671,12
671,3
674,7077
674,12
674,2
675,9632
675,5647
675,5601
675,5572
675,5532
675,5448
675,5344
675,5285
675,5150
675,12
675,3
676,2430
676,6077
676,6025
676,5997
676,5986
676,5952
676,5942
676,5925
676,5894
676,5863
676,5848
676,5825
676,5822
676,5800
676,12
676,4
677,12438
677,12642
677,12
677,1
678,8342
678,12
678,2
679,1998
679,8739
679,12
679,2
681,768
681,12
681,2
682,788
682,10197
682,12
682,2
685,876
685,10739
685,12
685,3
686,829
686,8655
686,12187
686,12222
686,12
686,3
687,2180
687,2609
687,5775
687,8172
687,8949
687,9442
687,10297
687,12540
687,12677
687,12
687,1
688,1973
688,2432
688,4051
688,5549
688,12824
688,4624
688,687
688,12
688,1
689,2430
689,6073
689,6062
689,6029
689,6001
689,5961
689,5910
689,5882
689,5876
689,5867
689,5842
689,5788
689,12
689,4
691,12940
691,12
691,1
692,13082
692,2503
692,12
692,1
694,12720
694,12
694,1
695,12703
695,12
695,1
696,12744
696,12
696,1
697,13085
697,12
697,1
698,12474
698,8311
698,12
698,1
699,12699
699,12
699,1
701,12471
701,12
701,1
703,5580
703,12561
703,12
703,1
704,12917
704,3355
704,12
704,1
705,12561
705,12
705,1
706,12891
706,2605
706,12
706,1
707,12636
707,8503
707,12
707,1
708,6256
708,12707
708,12
708,1
709,12621
709,12
709,1
710,12216
710,12526
710,12
710,1
711,12674
711,12
711,1
712,13105
712,12
712,1
713,12528
713,12
713,1
715,12474
715,12
715,1
716,12870
716,1430
716,12
716,1
717,13021
717,12
717,1
718,12715
718,12
718,1
719,12567
719,12
719,1
720,5717
720,13104
720,13105
720,2725
720,12
720,1
721,12886
721,12
721,1
724,12926
724,12
724,1
725,12896
725,12
725,1
727,12682
727,12
727,1
728,12530
728,6956
728,12
728,1
730,12952
730,12
730,1
731,12952
731,12
731,1
732,12557
732,12
732,1
733,12911
733,8683
733,8464
733,8350
733,6424
733,2613
733,2316
733,564
733,556
733,12
733,1
734,12625
734,7957
734,12
734,1
735,13052
735,12
735,1
736,12880
736,12
736,1
737,13062
737,12
737,1
738,12484
738,12
738,1
739,12885
739,12
739,1
740,13067
740,6754
740,12
740,1
741,12484
741,12
741,1
742,12787
742,12
742,1
743,12787
743,12
743,1
744,12711
744,6719
744,12
744,1
745,12580
745,12
745,1
746,867
746,12919
746,8830
746,8627
746,8532
746,8480
746,3474
746,3409
746,1764
746,12
746,1
747,12647
747,12
747,1
749,13053
749,12
749,1
750,2115
750,12643
750,12644
750,12
750,1
751,13091
751,12
751,1
753,13060
753,12
753,1
754,13060
754,12
754,1
755,12633
755,2845
755,545
755,12
755,1
756,12949
756,8740
756,12
756,1
757,12564
757,12
757,1
758,10221
758,12974
758,12975
758,12
758,1
759,12975
759,12
759,1
760,184
760,191
760,194
760,216
760,225
760,12496
760,7141
760,7137
760,7108
760,7092
760,7079
760,7062
760,7052
760,7015
760,7011
760,7008
760,6997
760,6985
760,1857
760,1852
760,1836
760,1832
760,1822
760,1805
760,1727
760,1716
760,1701
760,1661
760,1536
760,1470
760,1027
760,1026
760,1025
760,992
760,991
760,969
760,966
760,964
760,961
760,922
760,919
760,912
760,889
760,837
760,817
760,809
760,808
760,778
760,776
760,731
760,714
760,12
760,1
761,5586
761,13090
761,12
761,1
762,13087
762,12
762,1
763,12713
763,12
763,1
764,12867
764,2860
764,12
764,1
765,36
765,37
765,38
765,44
765,47
765,51
765,53
765,59
765,63
765,66
765,68
765,73
765,84
765,90
765,92
765,95
765,99
765,211
765,215
765,220
765,223
765,315
765,319
765,334
765,3709
765,5181
765,5704
765,6863
765,8421
765,9184
765,12213
765,13068
765,7795
765,7789
765,7775
765,7754
765,7731
765,7040
765,4273
765,1610
765,1484
765,1479
765,1474
765,1423
765,1410
765,968
765,890
765,862
765,814
765,807
765,782
765,773
765,12
765,1
767,12800
767,12
767,1
768,681
768,13014
768,1865
768,12
768,1
769,12817
769,206
769,1
770,12879
770,12
770,1
771,12490
771,12
771,1
772,12943
772,7859
772,12
772,1
773,12696
773,12
773,1
774,12696
774,12
774,1
775,5735
775,12743
775,206
775,1
776,12512
776,12
776,1
777,12811
777,12812
777,3512
777,12
777,1
778,12512
778,12
778,1
779,12709
779,12
779,1
780,12634
780,12
780,1
781,5607
781,12575
781,206
781,1
782,12475
782,12
782,1
783,12876
783,6413
783,12
783,1
784,12475
784,12
784,1
785,12733
785,1552
785,12
785,1
786,12575
786,206
786,1
787,12606
787,12
787,1
788,682
788,12730
788,12
788,1
789,3024
789,12730
789,12
789,1
790,12606
790,12
790,1
791,12951
791,12
791,1
792,12519
792,12
792,1
793,5566
793,12927
793,12
793,1
794,12874
794,12
794,1
795,12676
795,12
795,1
796,12428
796,12676
796,12
796,1
797,12739
797,12
797,1
798,7832
798,7851
798,8927
798,12740
798,12
798,1
799,12948
799,12
799,1
800,6117
800,12717
800,1720
800,1700
800,12
800,1
801,12691
801,6505
801,6473
801,6472
801,2993
801,2961
801,2956
801,2954
801,2953
801,2952
801,2941
801,2938
801,2929
801,2910
801,2909
801,2908
801,2836
801,2834
801,2833
801,2832
801,2807
801,2804
801,2802
801,2801
801,1958
801,12
801,1
802,12917
802,12
802,1
803,12898
803,12
803,1
804,12722
804,12
804,1
805,12941
805,12
805,1
806,12941
806,12
806,1
808,12884
808,12
808,1
809,5715
809,12704
809,12
809,1
810,12533
810,12
810,1
811,11614
811,12967
811,12
811,1
813,12537
813,12
813,1
814,12985
814,12
814,1
815,13055
815,12
815,1
816,12536
816,64
816,12
816,1
817,12978
817,12979
817,1587
817,392
817,12
817,1
818,13014
818,8788
818,8633
818,12
818,1
819,12918
819,12
819,1
820,12803
820,12
820,1
821,12483
821,12
821,1
823,4236
823,12480
823,12
823,1
824,12793
824,12
824,1
825,12794
825,12
825,1
826,12793
826,12
826,1
827,12491
827,12492
827,12
827,1
828,13064
828,12
828,1
829,686
829,1202
829,5788
829,10727
829,12389
829,12
829,3
830,13026
830,13027
830,8621
830,12
830,1
831,13100
831,13101
831,3181
831,12
831,1
832,13065
832,12
832,1
833,2015
833,5202
833,12390
833,12
833,5
834,7007
834,13055
834,12
834,1
835,13065
835,12
835,1
836,12530
836,12
836,1
837,12623
837,12
837,1
838,12494
838,12
838,1
840,12801
840,12
840,1
841,12769
841,12
841,1
842,9369
842,12
842,2
844,12531
844,292
844,12
844,1
845,12951
845,12
845,1
846,12963
846,12
846,1
847,2455
847,12731
847,12
847,1
848,12529
848,12
848,1
849,5531
849,12770
849,12
849,1
850,12534
850,12
850,1
851,12469
851,12
851,1
852,12900
852,12
852,1
853,12786
853,12
853,1
854,12927
854,12
854,1
856,12527
856,12
856,1
858,6936
858,12
858,2
859,6583
859,12
859,2
862,5675
862,8109
862,12
862,2
863,905
863,12
863,2
864,908
864,12
864,2
865,5644
865,63
865,2
867,746
867,940
867,1333
867,1524
867,3705
867,5651
867,6589
867,9944
867,10557
867,11107
867,12034
867,12104
867,12922
867,3537
867,713
867,12
867,1
869,952
869,2723
869,12
869,2
870,962
870,12
870,2
871,988
871,12
871,2
872,3977
872,12
872,2
873,5675
873,1583
873,12
873,2
876,355
876,685
876,9437
876,12
876,2
877,5203
877,5349
877,5367
877,7172
877,9143
877,12
877,2
879,12940
879,12
879,1
880,12473
880,12
880,1
881,12473
881,12
881,1
882,5655
882,12720
882,12
882,1
883,12683
883,12
883,1
884,12875
884,12
884,1
885,13085
885,12
885,1
886,13052
886,12
886,1
887,12474
887,8176
887,7431
887,12
887,1
889,12836
889,12839
889,12840
889,6280
889,6261
889,6247
889,12
889,1
890,12699
890,3460
890,12
890,1
891,12684
891,1173
891,12
891,1
892,12775
892,12
892,1
894,12585
894,12
894,1
895,12563
895,12
895,1
896,12560
896,12
896,1
897,12891
897,12
897,1
898,12674
898,7353
898,12
898,1
900,12946
900,2516
900,12
900,1
901,2176
901,12788
901,12
901,1
902,12707
902,12
902,1
903,12621
903,7590
903,12
903,1
904,12526
904,12
904,1
905,863
905,13104
905,12
905,1
907,33
907,150
907,10816
907,12741
907,2041
907,74
907,12
907,1
908,864
908,12333
908,12528
908,12
908,1
909,12556
909,12
909,1
910,13021
910,12
910,1
911,13029
911,12
911,1
912,5539
912,12567
912,12568
912,12
912,1
913,12567
913,12
913,1
914,12763
914,12
914,1
916,12584
916,12
916,1
917,12681
917,12
917,1
918,5333
918,12896
918,12
918,1
919,12681
919,12
919,1
920,13058
920,12
920,1
921,12687
921,12707
921,12
921,1
922,12682
922,12
922,1
923,5639
923,12530
923,12
923,1
924,13015
924,6893
924,12
924,1
925,12952
925,12
925,1
926,120
926,12911
926,3445
926,556
926,12
926,1
927,12557
927,2728
927,2726
927,12
927,1
928,12893
928,12894
928,7480
928,12
928,1
929,12894
929,12
929,1
930,12872
930,12
930,1
931,12880
931,12
931,1
933,12885
933,6455
933,12
933,1
934,13096
934,7056
934,12
934,1
936,12787
936,12
936,1
937,12711
937,1796
937,1748
937,12
937,1
938,3196
938,13099
938,12
938,1
939,13097
939,13098
939,12
939,1
940,867
940,2731
940,4623
940,10157
940,10642
940,11710
940,11923
940,12919
940,12
940,1
941,12478
941,12
941,1
942,12647
942,12
942,1
943,12824
943,12
943,1
944,13053
944,12
944,1
945,12916
945,12
945,1
946,12916
946,12
946,1
947,12799
947,12
947,1
948,12644
948,12
948,1
949,1062
949,13091
949,12
949,1
950,12937
950,2510
950,12
950,1
951,12819
951,12
951,1
952,869
952,12716
952,12
952,1
953,12636
953,12
953,1
954,13060
954,2061
954,12
954,1
956,12653
956,12
956,1
957,12776
957,12857
957,7364
957,12
957,1
958,578
958,10221
958,12974
958,12975
958,12
958,1
959,13090
959,12
959,1
960,2869
960,12867
960,12
960,1
962,174
962,870
962,12801
962,12802
962,12
962,1
963,13014
963,12
963,1
965,12817
965,206
965,1
966,12879
966,12
966,1
967,12866
967,12
967,1
968,12939
968,8001
968,12
968,1
970,12943
970,8283
970,7663
970,12
970,1
971,12696
971,6544
971,12
971,1
972,12618
972,12
972,1
973,12512
973,12
973,1
974,12512
974,7954
974,12
974,1
975,12709
975,12
975,1
976,12702
976,12
976,1
977,12572
977,12
977,1
978,12944
978,12
978,1
979,12816
979,206
979,1
980,12876
980,12
980,1
981,12571
981,494
981,44
981,12
981,1
982,12573
982,12
982,1
983,11044
983,12261
983,13119
983,12
983,1
984,12573
984,12
984,1
986,4247
986,208
986,12
986,5
987,12617
987,1787
987,12
987,1
988,871
988,12704
988,12
988,1
989,4318
989,12
989,2
990,12724
990,12
990,1
991,12898
991,12
991,1
992,12487
992,12488
992,1090
992,12
992,1
993,12942
993,12
993,1
994,256
994,12798
994,12
994,1
995,12942
995,12
995,1
996,12519
996,12
996,1
997,12519
997,12
997,1
998,213
998,12739
998,12
998,1
1000,12690
1000,3290
1000,3289
1000,3274
1000,3272
1000,3269
1000,3266
1000,3225
1000,3224
1000,3223
1000,3222
1000,12
1000,1
1001,12917
1001,12
1001,1
1003,12774
1003,12
1003,1
1004,12509
1004,12
1004,1
1005,12973
1005,12
1005,1
1006,7662
1006,12941
1006,12
1006,1
1007,12988
1007,8398
1007,6113
1007,12
1007,1
1008,12971
1008,12
1008,1
1009,13102
1009,13103
1009,3587
1009,12
1009,1
1010,1010
1010,13096
1010,12
1010,1
1011,13014
1011,12
1011,1
1012,12536
1012,12
1012,1
1013,12533
1013,12
1013,1
1014,12823
1014,12
1014,1
1015,12481
1015,12
1015,1
1016,12496
1016,12
1016,1
1017,12794
1017,12
1017,1
1018,13103
1018,12
1018,1
1019,12491
1019,12
1019,1
1020,12820
1020,12
1020,1
1021,13064
1021,12
1021,1
1023,12530
1023,12
1023,1
1024,12623
1024,12
1024,1
1026,12805
1026,12
1026,1
1027,12862
1027,12
1027,1
1028,12494
1028,12
1028,1
1029,1069
1029,13101
1029,12
1029,1
1031,11621
1031,12769
1031,12
1031,1
1033,12531
1033,12
1033,1
1034,12891
1034,12
1034,1
1035,12963
1035,12
1035,1
1036,12714
1036,12
1036,1
1037,12731
1037,12
1037,1
1039,12529
1039,6447
1039,12
1039,1
1040,12962
1040,12
1040,1
1041,8504
1041,9634
1041,12
1041,2
1042,5524
1042,5618
1042,12
1042,2
1043,12527
1043,7025
1043,12
1043,1
1044,12748
1044,8472
1044,2796
1044,1908
1044,12
1044,1
1045,202
1045,316
1045,367
1045,3716
1045,7843
1045,12683
1045,8322
1045,8135
1045,7956
1045,7870
1045,6608
1045,3371
1045,2861
1045,2771
1045,12
1045,1
1048,10318
1048,63
1048,3
1049,3260
1049,12
1049,2
1050,10474
1050,12
1050,2
1051,4241
1051,5675
1051,12
1051,2
1053,12699
1053,12
1053,1
1055,13071
1055,13072
1055,6329
1055,6328
1055,6303
1055,6285
1055,6254
1055,12
1055,1
1057,2445
1057,12
1057,2
1059,1128
1059,12305
1059,12
1059,2
1060,1130
1060,12
1060,2
1061,1133
1061,3096
1061,12
1061,2
1062,949
1062,12
1062,2
1063,5651
1063,7102
1063,63
1063,2
1064,1186
1064,12
1064,2
1065,7237
1065,12
1065,2
1066,3512
1066,199
1066,2
1069,1029
1069,209
1069,2
1070,232
1070,6725
1070,199
1070,2
1071,9392
1071,12621
1071,12
1071,1
1073,5667
1073,12
1073,3
1076,3105
1076,12
1076,2
1077,7979
1077,12
1077,2
1078,12936
1078,12
1078,1
1079,12675
1079,492
1079,12
1079,1
1080,12473
1080,12
1080,1
1081,2241
1081,13084
1081,12
1081,1
1082,12552
1082,12
1082,1
1084,12697
1084,12
1084,1
1085,12471
1085,12
1085,1
1086,12565
1086,12566
1086,7890
1086,12
1086,1
1087,12585
1087,12
1087,1
1088,12565
1088,12
1088,1
1089,12563
1089,12
1089,1
1090,5675
1090,12
1090,2
1092,12674
1092,12
1092,1
1093,13105
1093,12
1093,1
1094,12946
1094,12
1094,1
1095,12732
1095,12
1095,1
1096,12783
1096,12
1096,1
1097,12472
1097,12
1097,1
1098,12707
1098,12
1098,1
1099,12621
1099,12
1099,1
1100,6736
1100,12617
1100,12
1100,1
1101,13105
1101,12
1101,1
1103,12950
1103,12
1103,1
1104,12556
1104,12
1104,1
1105,12342
1105,12556
1105,12
1105,1
1106,13021
1106,767
1106,12
1106,1
1107,12738
1107,2677
1107,554
1107,12
1107,1
1108,13021
1108,12
1108,1
1109,12568
1109,12
1109,1
1111,12568
1111,12
1111,1
1112,11483
1112,12
1112,2
1113,12926
1113,621
1113,12
1113,1
1114,12889
1114,1736
1114,394
1114,67
1114,12
1114,1
1116,12656
1116,1261
1116,1250
1116,1237
1116,12
1116,1
1117,12682
1117,12
1117,1
1118,11229
1118,12530
1118,12
1118,1
1119,12557
1119,12
1119,1
1120,12872
1120,12
1120,1
1121,12938
1121,6750
1121,5140
1121,12
1121,1
1122,5671
1122,12569
1122,12
1122,1
1123,9729
1123,12485
1123,12486
1123,3411
1123,12
1123,1
1124,10096
1124,207
1124,2
1125,13017
1125,12
1125,1
1126,12711
1126,12
1126,1
1127,12485
1127,12486
1127,8049
1127,6838
1127,12
1127,1
1128,1059
1128,12580
1128,12581
1128,12
1128,1
1129,12639
1129,12
1129,1
1130,1060
1130,12639
1130,6563
1130,2348
1130,12
1130,1
1131,12956
1131,12
1131,1
1132,12643
1132,12
1132,1
1133,1061
1133,12799
1133,12800
1133,12
1133,1
1134,9166
1134,12470
1134,12
1134,1
1135,10152
1135,32
1135,3
1136,13060
1136,12
1136,1
1137,12653
1137,12
1137,1
1138,12564
1138,1580
1138,12
1138,1
1139,2465
1139,13087
1139,12
1139,1
1140,12713
1140,12
1140,1
1141,13020
1141,6210
1141,3454
1141,1948
1141,12
1141,1
1143,12939
1143,12
1143,1
1144,12655
1144,7767
1144,12
1144,1
1145,13097
1145,12
1145,1
1147,13099
1147,12
1147,1
1148,12784
1148,12
1148,1
1149,7682
1149,12813
1149,12
1149,1
1150,12813
1150,1364
1150,12
1150,1
1151,12696
1151,12
1151,1
1152,7689
1152,12702
1152,12
1152,1
1153,12702
1153,6769
1153,12
1153,1
1154,12895
1154,206
1154,1
1155,12559
1155,12
1155,1
1156,5636
1156,12634
1156,12
1156,1
1158,12627
1158,12
1158,1
1159,12573
1159,669
1159,12
1159,1
1160,4614
1160,13109
1160,12
1160,1
1161,12572
1161,12
1161,1
1162,13109
1162,12
1162,1
1163,12559
1163,12
1163,1
1164,12704
1164,12
1164,1
1165,12724
1165,12
1165,1
1166,12898
1166,12
1166,1
1167,10814
1167,12488
1167,12
1167,1
1168,9657
1168,12
1168,2
1169,12951
1169,6161
1169,12
1169,1
1170,12792
1170,12
1170,1
1171,12747
1171,12
1171,1
1172,12747
1172,8684
1172,12
1172,1
1173,12519
1173,12
1173,1
1174,12807
1174,12
1174,1
1175,12676
1175,12
1175,1
1176,12616
1176,8458
1176,8457
1176,3380
1176,3378
1176,12
1176,1
1177,12676
1177,2509
1177,12
1177,1
1178,12739
1178,12
1178,1
1180,60
1180,12740
1180,12
1180,1
1181,12740
1181,8554
1181,12
1181,1
1182,13057
1182,8499
1182,12
1182,1
1183,12622
1183,12
1183,1
1184,12722
1184,12
1184,1
1185,12774
1185,12
1185,1
1186,1064
1186,8434
1186,12619
1186,12
1186,1
1187,12713
1187,8011
1187,7770
1187,7133
1187,1891
1187,12
1187,1
1188,12509
1188,12
1188,1
1189,5198
1189,12972
1189,12
1189,1
1190,12539
1190,6333
1190,1904
1190,12
1190,1
1191,12704
1191,12
1191,1
1192,2277
1192,12970
1192,12971
1192,12
1192,1
1193,7793
1193,13103
1193,12
1193,1
1194,12969
1194,12
1194,1
1195,7421
1195,12985
1195,12
1195,1
1196,12382
1196,13055
1196,12
1196,1
1197,13014
1197,12
1197,1
1198,12482
1198,12
1198,1
1199,3205
1199,12803
1199,12
1199,1
1200,3780
1200,1440
1200,12
1200,2
1201,12873
1201,12
1201,1
1202,829
1202,2222
1202,12389
1202,12
1202,4
1203,12623
1203,12
1203,1
1204,12805
1204,6532
1204,106
1204,12
1204,1
1205,12769
1205,12
1205,1
1207,12926
1207,12
1207,1
1208,12891
1208,12
1208,1
1209,12963
1209,12
1209,1
1210,12982
1210,12
1210,1
1212,12918
1212,12
1212,1
1213,12916
1213,12
1213,1
1214,12900
1214,12
1214,1
1215,12536
1215,64
1215,12
1215,1
1216,12883
1216,12
1216,1
1217,12748
1217,7023
1217,12
1217,1
1218,2365
1218,12
1218,5
1219,1420
1219,1721
1219,32
1219,2
1220,7507
1220,8139
1220,32
1220,2
1221,13072
1221,4740
1221,4694
1221,4676
1221,4675
1221,4573
1221,4292
1221,4286
1221,12
1221,1
1222,11693
1222,12
1222,2
1223,1260
1223,12
1223,2
1224,1284
1224,12
1224,2
1226,1338
1226,12
1226,2
1227,1350
1227,12
1227,2
1228,11974
1228,12
1228,2
1229,5323
1229,5483
1229,5777
1229,8173
1229,8950
1229,12540
1229,12677
1229,12
1229,1
1231,13082
1231,12
1231,1
1232,12473
1232,12
1232,1
1233,12720
1233,8294
1233,12
1233,1
1234,5513
1234,12
1234,3
1235,12703
1235,12
1235,1
1236,11459
1236,12875
1236,8304
1236,8153
1236,7708
1236,7621
1236,7589
1236,7581
1236,7557
1236,7548
1236,7511
1236,7477
1236,7460
1236,12
1236,1
1237,12744
1237,12
1237,1
1238,13052
1238,5617
1238,12
1238,1
1239,12675
1239,12
1239,1
1240,12699
1240,12
1240,1
1241,12573
1241,12
1241,1
1242,12775
1242,12
1242,1
1243,13018
1243,7327
1243,12
1243,1
1244,12620
1244,12
1244,1
1245,12565
1245,12
1245,1
1246,585
1246,1813
1246,279
1246,32
1246,2
1247,7282
1247,7507
1247,8069
1247,32
1247,2
1248,12788
1248,12
1248,1
1249,6256
1249,12707
1249,123
1249,12
1249,1
1250,12783
1250,6427
1250,12
1250,1
1251,12617
1251,12
1251,1
1252,12772
1252,12
1252,1
1253,3542
1253,12556
1253,12
1253,1
1254,13021
1254,12
1254,1
1255,5767
1255,13029
1255,12
1255,1
1256,12924
1256,12
1256,1
1257,12708
1257,12
1257,1
1258,12934
1258,12
1258,1
1259,12584
1259,7183
1259,12
1259,1
1260,1223
1260,12681
1260,12
1260,1
1261,12896
1261,3422
1261,12
1261,1
1262,12896
1262,8500
1262,12
1262,1
1263,12681
1263,12
1263,1
1264,5688
1264,12896
1264,12
1264,1
1266,12682
1266,4816
1266,12
1266,1
1268,8938
1268,12952
1268,12
1268,1
1269,12952
1269,12
1269,1
1270,12625
1270,12
1270,1
1271,12893
1271,12894
1271,12
1271,1
1272,12868
1272,12
1272,1
1273,5762
1273,13062
1273,12
1273,1
1274,7866
1274,12578
1274,12579
1274,12
1274,1
1275,12486
1275,12
1275,1
1277,13063
1277,12
1277,1
1278,12673
1278,12
1278,1
1279,12581
1279,12
1279,1
1281,1329
1281,12
1281,2
1282,9420
1282,12919
1282,12
1282,1
1283,12478
1283,2151
1283,2145
1283,12
1283,1
1284,1224
1284,12647
1284,12
1284,1
1285,3276
1285,12631
1285,7778
1285,7774
1285,12
1285,1
1286,7677
1286,12646
1286,12
1286,1
1287,12824
1287,12
1287,1
1288,12644
1288,12
1288,1
1289,12644
1289,12
1289,1
1290,13091
1290,12
1290,1
1291,13088
1291,12
1291,1
1292,13088
1292,12
1292,1
1293,12956
1293,6274
1293,12
1293,1
1294,12776
1294,12
1294,1
1295,12564
1295,5744
1295,12
1295,1
1296,9420
1296,3045
1296,1152
1296,12
1296,3
1297,13090
1297,12
1297,1
1298,13009
1298,6283
1298,12
1298,1
1299,13020
1299,12
1299,1
1301,13019
1301,12
1301,1
1302,12953
1302,1549
1302,12
1302,1
1303,12489
1303,12
1303,1
1304,12816
1304,12817
1304,206
1304,1
1305,13097
1305,13098
1305,5328
1305,12
1305,1
1306,12637
1306,12638
1306,3440
1306,12
1306,1
1307,12513
1307,12
1307,1
1308,12813
1308,12
1308,1
1309,12943
1309,12
1309,1
1310,12890
1310,12
1310,1
1312,10604
1312,12642
1312,206
1312,1
1313,12709
1313,12
1313,1
1314,12750
1314,12
1314,1
1315,13093
1315,12
1315,1
1316,12702
1316,8425
1316,381
1316,12
1316,1
1317,12634
1317,12
1317,1
1318,2324
1318,12
1318,2
1319,12702
1319,12
1319,1
1320,12895
1320,3500
1320,371
1320,206
1320,1
1321,3028
1321,12575
1321,206
1321,1
1322,1795
1322,12572
1322,12
1322,1
1323,12817
1323,206
1323,1
1324,12475
1324,12
1324,1
1325,12606
1325,12
1325,1
1326,12617
1326,4820
1326,12
1326,1
1327,12627
1327,12
1327,1
1328,12898
1328,12
1328,1
1329,1281
1329,12942
1329,12
1329,1
1330,12747
1330,12
1330,1
1331,12957
1331,12
1331,1
1332,10228
1332,12739
1332,12
1332,1
1333,867
1333,12919
1333,6507
1333,2577
1333,2576
1333,2574
1333,2573
1333,2561
1333,2454
1333,2453
1333,2452
1333,2436
1333,2423
1333,12
1333,1
1334,12622
1334,12
1334,1
1335,10678
1335,12917
1335,12
1335,1
1336,12917
1336,12
1336,1
1337,13080
1337,12
1337,1
1338,1226
1338,12722
1338,12
1338,1
1339,12721
1339,2225
1339,12
1339,1
1340,8152
1340,12972
1340,12
1340,1
1341,12539
1341,12
1341,1
1342,12539
1342,12
1342,1
1344,2277
1344,12970
1344,12971
1344,12
1344,1
1345,9964
1345,12
1345,2
1346,5637
1346,13055
1346,12
1346,1
1347,8150
1347,12969
1347,12
1347,1
1348,12985
1348,12
1348,1
1349,13055
1349,2748
1349,12
1349,1
1350,280
1350,1227
1350,13014
1350,12
1350,1
1351,12483
1351,12
1351,1
1352,12918
1352,12
1352,1
1353,3418
1353,12803
1353,12
1353,1
1354,13102
1354,12
1354,1
1355,6394
1355,12823
1355,8749
1355,7838
1355,12
1355,1
1356,12794
1356,12
1356,1
1357,12820
1357,12821
1357,7037
1357,12
1357,1
1358,5456
1358,1156
1358,12
1358,2
1359,13064
1359,12
1359,1
1360,12783
1360,12
1360,1
1361,13065
1361,12
1361,1
1362,13065
1362,12
1362,1
1363,12623
1363,8060
1363,7969
1363,12
1363,1
1364,12805
1364,6975
1364,12
1364,1
1365,12494
1365,12
1365,1
1366,12862
1366,7273
1366,12
1366,1
1367,12769
1367,12
1367,1
1368,12935
1368,12
1368,1
1369,13023
1369,13024
1369,12
1369,1
1370,10266
1370,5575
1370,12
1370,4
1371,2350
1371,12
1371,2
1372,12534
1372,291
1372,12
1372,1
1373,12963
1373,12
1373,1
1374,12799
1374,12
1374,1
1375,12470
1375,12
1375,1
1377,12731
1377,1264
1377,12
1377,1
1378,12962
1378,12
1378,1
1379,12877
1379,12
1379,1
1381,12469
1381,12
1381,1
1382,12537
1382,12
1382,1
1383,12535
1383,12
1383,1
1384,9657
1384,10192
1384,11034
1384,11349
1384,12680
1384,12
1384,1
1385,12927
1385,12
1385,1
1386,12680
1386,12
1386,1
1387,11234
1387,12748
1387,12
1387,1
1388,5714
1388,11013
1388,12
1388,2
1390,6916
1390,12
1390,2
1393,7111
1393,12
1393,2
1395,585
1395,32
1395,2
1396,9614
1396,12
1396,2
1397,2488
1397,12
1397,2
1398,1431
1398,9702
1398,12
1398,2
1400,1482
1400,2925
1400,12
1400,2
1402,1520
1402,12
1402,2
1404,3780
1404,1433
1404,12
1404,2
1405,1540
1405,12
1405,2
1407,9513
1407,12
1407,2
1408,12473
1408,2431
1408,12
1408,1
1409,12683
1409,12
1409,1
1410,13084
1410,12
1410,1
1411,12703
1411,12
1411,1
1412,12875
1412,12
1412,1
1413,12744
1413,12
1413,1
1414,11608
1414,13052
1414,12
1414,1
1415,12675
1415,12
1415,1
1416,12832
1416,3513
1416,3465
1416,3447
1416,349
1416,12
1416,1
1417,12699
1417,12
1417,1
1418,12573
1418,12
1418,1
1419,3895
1419,12684
1419,12
1419,1
1420,1219
1420,32
1420,3
1421,12585
1421,12
1421,1
1422,13021
1422,12
1422,1
1423,12563
1423,12
1423,1
1424,5335
1424,12916
1424,12
1424,1
1425,13105
1425,12
1425,1
1426,12946
1426,12
1426,1
1427,12732
1427,12
1427,1
1428,12617
1428,12
1428,1
1429,7082
1429,7226
1429,12
1429,2
1430,12772
1430,12
1430,1
1431,1398
1431,12741
1431,74
1431,12
1431,1
1432,12528
1432,7266
1432,12
1432,1
1433,12771
1433,8630
1433,6782
1433,6776
1433,12
1433,1
1434,12556
1434,12
1434,1
1435,13021
1435,12
1435,1
1436,12715
1436,12
1436,1
1438,12924
1438,12
1438,1
1439,12886
1439,7844
1439,12
1439,1
1440,6868
1440,8481
1440,136
1440,12
1440,1
1441,12584
1441,357
1441,12
1441,1
1443,12889
1443,67
1443,12
1443,1
1444,12656
1444,12
1444,1
1445,12681
1445,12
1445,1
1447,12681
1447,12
1447,1
1448,12896
1448,12
1448,1
1449,12785
1449,12
1449,1
1450,12019
1450,12
1450,2
1451,12530
1451,12
1451,1
1452,5564
1452,13015
1452,12
1452,1
1453,12557
1453,12
1453,1
1454,12868
1454,6812
1454,12
1454,1
1455,3541
1455,12868
1455,12
1455,1
1456,9414
1456,12958
1456,12
1456,1
1457,2905
1457,12938
1457,12
1457,1
1458,12479
1458,12
1458,1
1459,12484
1459,12
1459,1
1460,12579
1460,12
1460,1
1461,13096
1461,12
1461,1
1462,12885
1462,12
1462,1
1463,5684
1463,13096
1463,12
1463,1
1464,12933
1464,6611
1464,2579
1464,12
1464,1
1465,13063
1465,12
1465,1
1466,13063
1466,12
1466,1
1467,12581
1467,12
1467,1
1468,12580
1468,12581
1468,8803
1468,8488
1468,7243
1468,2764
1468,12
1468,1
1469,13098
1469,12
1469,1
1470,12478
1470,12
1470,1
1471,12919
1471,12
1471,1
1472,12646
1472,12
1472,1
1473,12633
1473,545
1473,12
1473,1
1474,12645
1474,12646
1474,12647
1474,8033
1474,12
1474,1
1475,12640
1475,574
1475,12
1475,1
1477,12799
1477,12800
1477,3665
1477,12
1477,1
1478,12805
1478,12
1478,1
1479,12672
1479,12
1479,1
1480,13060
1480,12
1480,1
1482,1400
1482,12653
1482,12
1482,1
1483,12564
1483,12
1483,1
1484,12776
1484,7665
1484,12
1484,1
1485,13090
1485,6439
1485,12
1485,1
1486,13090
1486,12
1486,1
1487,12713
1487,12
1487,1
1488,12618
1488,12
1488,1
1489,9469
1489,12
1489,2
1490,13009
1490,12
1490,1
1491,9177
1491,12986
1491,7284
1491,485
1491,12
1491,1
1492,13092
1492,12
1492,1
1493,12867
1493,2484
1493,12
1493,1
1495,3692
1495,12
1495,2
1496,12490
1496,12
1496,1
1497,12939
1497,12
1497,1
1498,12816
1498,206
1498,1
1499,5567
1499,12489
1499,12
1499,1
1500,3046
1500,5534
1500,11814
1500,12655
1500,7746
1500,7728
1500,7694
1500,7643
1500,7625
1500,7597
1500,7594
1500,7574
1500,7559
1500,7550
1500,7514
1500,7504
1500,7471
1500,7463
1500,12
1500,1
1501,12784
1501,12
1501,1
1502,12618
1502,12
1502,1
1503,13093
1503,12
1503,1
1504,12709
1504,12
1504,1
1505,12724
1505,7781
1505,12
1505,1
1506,12634
1506,12
1506,1
1507,12944
1507,12
1507,1
1508,9510
1508,12876
1508,12
1508,1
1509,12733
1509,12
1509,1
1510,12733
1510,12
1510,1
1511,12730
1511,12
1511,1
1512,8610
1512,13108
1512,13109
1512,12
1512,1
1513,12704
1513,12
1513,1
1514,12898
1514,12
1514,1
1515,12942
1515,12
1515,1
1516,12519
1516,12
1516,1
1517,12807
1517,12
1517,1
1518,12519
1518,12
1518,1
1519,12874
1519,347
1519,12
1519,1
1520,1402
1520,12676
1520,12
1520,1
1521,8111
1521,12712
1521,12
1521,1
1522,12739
1522,12
1522,1
1523,12947
1523,6183
1523,1567
1523,12
1523,1
1524,867
1524,12919
1524,6515
1524,2429
1524,2426
1524,2393
1524,12
1524,1
1525,12668
1525,6460
1525,6458
1525,6456
1525,3008
1525,3004
1525,3003
1525,3002
1525,3001
1525,2987
1525,2986
1525,2980
1525,2979
1525,2978
1525,2970
1525,2969
1525,2968
1525,2967
1525,2964
1525,2962
1525,2960
1525,2959
1525,2937
1525,2936
1525,2935
1525,2934
1525,2928
1525,2927
1525,2918
1525,2916
1525,2915
1525,2913
1525,2912
1525,2911
1525,2871
1525,2838
1525,2837
1525,2831
1525,2828
1525,2826
1525,2822
1525,2821
1525,2820
1525,2819
1525,2051
1525,12
1525,1
1526,12917
1526,12
1526,1
1527,12773
1527,360
1527,12
1527,1
1528,12917
1528,12
1528,1
1529,13080
1529,12
1529,1
1530,12774
1530,12
1530,1
1531,12619
1531,12
1531,1
1532,12721
1532,12
1532,1
1533,12539
1533,12
1533,1
1534,8926
1534,12988
1534,12
1534,1
1535,12971
1535,12
1535,1
1536,12884
1536,358
1536,12
1536,1
1538,12537
1538,8587
1538,8333
1538,6694
1538,3683
1538,2422
1538,2190
1538,12
1538,1
1539,12985
1539,12
1539,1
1540,1405
1540,8930
1540,13094
1540,13095
1540,12
1540,1
1541,12482
1541,12483
1541,12
1541,1
1542,12482
1542,12483
1542,8825
1542,6832
1542,2562
1542,1893
1542,1762
1542,879
1542,12
1542,1
1543,12793
1543,12
1543,1
1544,12793
1544,12
1544,1
1545,13102
1545,12
1545,1
1546,12820
1546,12821
1546,12
1546,1
1547,12873
1547,7880
1547,161
1547,12
1547,1
1549,13055
1549,12
1549,1
1550,12532
1550,309
1550,12
1550,1
1551,12623
1551,12
1551,1
1552,9617
1552,12862
1552,12
1552,1
1553,13025
1553,12
1553,1
1554,12801
1554,4876
1554,2158
1554,12
1554,1
1555,12935
1555,12
1555,1
1556,10595
1556,12529
1556,12
1556,1
1558,12918
1558,12
1558,1
1559,12935
1559,12
1559,1
1560,12877
1560,12
1560,1
1561,12900
1561,12
1561,1
1562,12469
1562,8706
1562,3457
1562,12
1562,1
1563,10192
1563,11034
1563,11349
1563,12680
1563,12
1563,1
1564,12536
1564,12
1564,1
1566,12527
1566,12
1566,1
1567,12748
1567,8590
1567,8435
1567,12
1567,1
1568,12683
1568,1085
1568,12
1568,1
1569,10096
1569,207
1569,2
1570,5675
1570,1031
1570,12
1570,2
1571,9361
1571,12
1571,2
1572,9705
1572,12
1572,2
1573,5675
1573,1119
1573,12
1573,2
1574,5262
1574,715
1574,12
1574,2
1575,8606
1575,12
1575,2
1576,605
1576,3700
1576,3166
1576,12
1576,2
1577,5826
1577,12
1577,2
1578,4289
1578,12
1578,2
1579,4837
1579,12
1579,2
1580,8571
1580,12
1580,2
1584,1608
1584,12
1584,2
1585,1615
1585,12
1585,2
1586,1763
1586,12
1586,2
1588,1588
1588,1669
1588,12
1588,2
1590,1679
1590,12
1590,2
1591,1726
1591,12
1591,2
1592,1731
1592,3656
1592,12
1592,2
1593,1734
1593,6795
1593,12
1593,2
1594,5675
1594,1044
1594,12
1594,2
1595,3780
1595,1399
1595,12
1595,2
1596,1754
1596,12
1596,2
1597,1756
1597,12
1597,2
1598,1773
1598,12
1598,2
1599,1778
1599,12
1599,2
1600,12940
1600,7947
1600,12
1600,1
1601,13082
1601,12
1601,1
1602,12473
1602,12
1602,1
1603,12684
1603,12
1603,1
1604,12473
1604,12
1604,1
1605,12552
1605,6401
1605,20
1605,12
1605,1
1606,12875
1606,12
1606,1
1607,12744
1607,12
1607,1
1608,1584
1608,12797
1608,12798
1608,12
1608,1
1609,12697
1609,12
1609,1
1610,12699
1610,12
1610,1
1611,12573
1611,12
1611,1
1612,12684
1612,12
1612,1
1613,12708
1613,12
1613,1
1614,12565
1614,12566
1614,8596
1614,12
1614,1
1615,1585
1615,13021
1615,12
1615,1
1616,5593
1616,12563
1616,12
1616,1
1617,12916
1617,12
1617,1
1618,12891
1618,12
1618,1
1619,13105
1619,12
1619,1
1620,13034
1620,12
1620,1
1621,12946
1621,12
1621,1
1623,4513
1623,12783
1623,12
1623,1
1624,12617
1624,12
1624,1
1626,12526
1626,12
1626,1
1627,12950
1627,587
1627,12
1627,1
1628,12772
1628,12
1628,1
1629,12528
1629,12
1629,1
1631,12556
1631,12
1631,1
1632,12886
1632,12
1632,1
1633,12886
1633,12
1633,1
1634,12934
1634,1163
1634,12
1634,1
1635,6868
1635,8055
1635,7090
1635,7089
1635,6900
1635,4775
1635,4731
1635,4697
1635,136
1635,12
1635,1
1636,12934
1636,12
1636,1
1637,12584
1637,12
1637,1
1638,10110
1638,12896
1638,12
1638,1
1639,13058
1639,12
1639,1
1640,12681
1640,2755
1640,12
1640,1
1641,12785
1641,1148
1641,12
1641,1
1642,12889
1642,12
1642,1
1643,12785
1643,12
1643,1
1644,12682
1644,12
1644,1
1645,12530
1645,12
1645,1
1646,13015
1646,12
1646,1
1647,13015
1647,7809
1647,7796
1647,7785
1647,7757
1647,1307
1647,12
1647,1
1648,12952
1648,12
1648,1
1649,12557
1649,12
1649,1
1650,12958
1650,12
1650,1
1651,12938
1651,12
1651,1
1652,12938
1652,6291
1652,12
1652,1
1653,12710
1653,6148
1653,12
1653,1
1655,7157
1655,12484
1655,12
1655,1
1656,12885
1656,12
1656,1
1657,12579
1657,12
1657,1
1658,13096
1658,12
1658,1
1659,12885
1659,12
1659,1
1660,13067
1660,12
1660,1
1661,13096
1661,12
1661,1
1662,12485
1662,12486
1662,2695
1662,12
1662,1
1663,13063
1663,12
1663,1
1664,12919
1664,8506
1664,6717
1664,3407
1664,12
1664,1
1665,12647
1665,12
1665,1
1666,12647
1666,12
1666,1
1667,12646
1667,12647
1667,8265
1667,12
1667,1
1668,12918
1668,12
1668,1
1669,1588
1669,13053
1669,2763
1669,12
1669,1
1670,12916
1670,1355
1670,12
1670,1
1671,12643
1671,12644
1671,12
1671,1
1672,2604
1672,12
1672,2
1673,12799
1673,12800
1673,7338
1673,12
1673,1
1674,12633
1674,12
1674,1
1675,12805
1675,12
1675,1
1676,5590
1676,12636
1676,12
1676,1
1677,13088
1677,12
1677,1
1678,5587
1678,13060
1678,12
1678,1
1679,1590
1679,13088
1679,12
1679,1
1680,2813
1680,12
1680,2
1681,12626
1681,12
1681,1
1682,7814
1682,12949
1682,12
1682,1
1683,12653
1683,12
1683,1
1684,268
1684,5948
1684,12036
1684,12965
1684,12966
1684,7964
1684,7801
1684,175
1684,167
1684,12
1684,1
1685,12705
1685,12
1685,1
1686,12976
1686,6531
1686,1938
1686,364
1686,12
1686,1
1687,3884
1687,5693
1687,7863
1687,13090
1687,12
1687,1
1688,13087
1688,12
1688,1
1689,13009
1689,12
1689,1
1693,13095
1693,12
1693,1
1694,12490
1694,1306
1694,12
1694,1
1695,12939
1695,12
1695,1
1697,593
1697,12939
1697,12
1697,1
1698,12637
1698,12638
1698,6580
1698,12
1698,1
1699,12784
1699,7072
1699,12
1699,1
1700,12430
1700,12943
1700,12
1700,1
1701,12512
1701,12
1701,1
1702,12709
1702,12
1702,1
1703,12702
1703,6364
1703,12
1703,1
1704,12895
1704,206
1704,1
1706,12559
1706,12
1706,1
1707,12702
1707,12
1707,1
1708,12724
1708,12
1708,1
1709,12895
1709,206
1709,1
1710,12944
1710,12
1710,1
1711,584
1711,12944
1711,12
1711,1
1712,12475
1712,12
1712,1
1713,12627
1713,7869
1713,12
1713,1
1714,13109
1714,12
1714,1
1715,12797
1715,12
1715,1
1716,3379
1716,12747
1716,12
1716,1
1717,12807
1717,12
1717,1
1718,12807
1718,12
1718,1
1719,13013
1719,12
1719,1
1720,12927
1720,12
1720,1
1721,1219
1721,12874
1721,8226
1721,12
1721,1
1722,12791
1722,12792
1722,1329
1722,266
1722,12
1722,1
1723,7436
1723,12676
1723,305
1723,12
1723,1
1724,9055
1724,12616
1724,12
1724,1
1725,12809
1725,12
1725,1
1726,1591
1726,12957
1726,12
1726,1
1727,12739
1727,12
1727,1
1728,12721
1728,12
1728,1
1729,12740
1729,12
1729,1
1730,12627
1730,12
1730,1
1731,1592
1731,13080
1731,12
1731,1
1732,12898
1732,12
1732,1
1733,12619
1733,1684
1733,12
1733,1
1734,1593
1734,12713
1734,6693
1734,12
1734,1
1735,12973
1735,12
1735,1
1736,12941
1736,12
1736,1
1737,12971
1737,12
1737,1
1738,12704
1738,12
1738,1
1739,8510
1739,12
1739,2
1740,12533
1740,12
1740,1
1741,12967
1741,12
1741,1
1742,5676
1742,12537
1742,12
1742,1
1743,13055
1743,12
1743,1
1744,12537
1744,12
1744,1
1745,12968
1745,12
1745,1
1746,13055
1746,12
1746,1
1747,11437
1747,12536
1747,12
1747,1
1748,5660
1748,12482
1748,12
1748,1
1749,12482
1749,12483
1749,6351
1749,12
1749,1
1750,13102
1750,12
1750,1
1751,12825
1751,12827
1751,12
1751,1
1752,12481
1752,12
1752,1
1753,12532
1753,6917
1753,12
1753,1
1754,1596
1754,1797
1754,13102
1754,13103
1754,12
1754,1
1755,12820
1755,12
1755,1
1756,1597
1756,12820
1756,12
1756,1
1757,13061
1757,12
1757,1
1758,12873
1758,6378
1758,12
1758,1
1759,13065
1759,12
1759,1
1760,12532
1760,12
1760,1
1761,12623
1761,1879
1761,12
1761,1
1762,13026
1762,13027
1762,906
1762,12
1762,1
1763,1586
1763,12805
1763,12
1763,1
1764,12494
1764,12
1764,1
1765,87
1765,12795
1765,12
1765,1
1766,13101
1766,12
1766,1
1767,12801
1767,12802
1767,6372
1767,2002
1767,12
1767,1
1768,12935
1768,12
1768,1
1770,12982
1770,12
1770,1
1771,12529
1771,12
1771,1
1772,12731
1772,12
1772,1
1773,1598
1773,12962
1773,12
1773,1
1775,12900
1775,12
1775,1
1776,12680
1776,12
1776,1
1777,12527
1777,8282
1777,8246
1777,8213
1777,8104
1777,7952
1777,7867
1777,12
1777,1
1778,1599
1778,12535
1778,12
1778,1
1780,2425
1780,12
1780,2
1782,3958
1782,12
1782,2
1784,2174
1784,204
1784,2
1785,3780
1785,1466
1785,12
1785,2
1786,4414
1786,12
1786,2
1788,1842
1788,11889
1788,12
1788,2
1789,1856
1789,12
1789,2
1790,1875
1790,12
1790,2
1791,1885
1791,9288
1791,12
1791,2
1792,1889
1792,12
1792,2
1793,4116
1793,9007
1793,12
1793,2
1794,3480
1794,12
1794,2
1795,1322
1795,12
1795,2
1796,1914
1796,12
1796,2
1797,1754
1797,12
1797,2
1798,344
1798,2594
1798,3175
1798,5486
1798,666
1798,12
1798,2
1799,1938
1799,12
1799,2
1800,1942
1800,12
1800,2
1801,1944
1801,4064
1801,12
1801,2
1802,10776
1802,12
1802,3
1803,12936
1803,12
1803,1
1804,13082
1804,6902
1804,12
1804,1
1805,12473
1805,12
1805,1
1806,12797
1806,12798
1806,12
1806,1
1807,13085
1807,12
1807,1
1808,13052
1808,6367
1808,12
1808,1
1809,12675
1809,12
1809,1
1810,12832
1810,6318
1810,6317
1810,6316
1810,6315
1810,6314
1810,6313
1810,6311
1810,6310
1810,6309
1810,6305
1810,6297
1810,6272
1810,6265
1810,6257
1810,6241
1810,349
1810,12
1810,1
1811,13018
1811,12
1811,1
1812,12565
1812,12
1812,1
1813,1246
1813,32
1813,3
1814,12560
1814,12
1814,1
1815,12814
1815,12815
1815,4595
1815,12
1815,1
1816,407
1816,8399
1816,12
1816,2
1817,12891
1817,7748
1817,7730
1817,7577
1817,7545
1817,7498
1817,7459
1817,12
1817,1
1818,12674
1818,12
1818,1
1819,13034
1819,12
1819,1
1820,12946
1820,12
1820,1
1821,12788
1821,12
1821,1
1822,12788
1822,12
1822,1
1823,12707
1823,12
1823,1
1824,12617
1824,461
1824,12
1824,1
1825,13104
1825,13105
1825,8392
1825,12
1825,1
1826,12950
1826,12
1826,1
1827,12772
1827,12
1827,1
1828,12473
1828,12
1828,1
1829,13021
1829,12
1829,1
1831,13104
1831,13105
1831,12
1831,1
1832,12886
1832,12
1832,1
1833,12708
1833,12
1833,1
1834,12934
1834,12
1834,1
1835,6868
1835,8502
1835,6908
1835,136
1835,12
1835,1
1836,12934
1836,12
1836,1
1837,2278
1837,9428
1837,12584
1837,12
1837,1
1838,12926
1838,2666
1838,12
1838,1
1839,12681
1839,12
1839,1
1840,12926
1840,1604
1840,12
1840,1
1841,12681
1841,12
1841,1
1842,1788
1842,12889
1842,67
1842,12
1842,1
1843,12681
1843,12
1843,1
1844,12687
1844,12
1844,1
1845,12682
1845,1188
1845,1183
1845,12
1845,1
1846,12687
1846,12
1846,1
1847,13015
1847,12
1847,1
1849,12938
1849,8686
1849,5325
1849,499
1849,12
1849,1
1850,12479
1850,12500
1850,6403
1850,98
1850,12
1850,1
1851,13062
1851,12
1851,1
1852,12484
1852,12
1852,1
1853,12570
1853,12
1853,1
1854,12486
1854,12
1854,1
1855,12885
1855,12
1855,1
1856,1789
1856,12578
1856,12579
1856,12
1856,1
1857,1877
1857,13063
1857,12
1857,1
1858,12872
1858,6607
1858,3534
1858,12
1858,1
1859,13017
1859,310
1859,12
1859,1
1860,214
1860,12
1860,2
1861,12115
1861,12
1861,2
1862,12646
1862,12647
1862,433
1862,12
1862,1
1863,12631
1863,12
1863,1
1864,12956
1864,12
1864,1
1865,12643
1865,12
1865,1
1866,12643
1866,12
1866,1
1868,12800
1868,12
1868,1
1869,12805
1869,12
1869,1
1870,12716
1870,12
1870,1
1871,2859
1871,12470
1871,12
1871,1
1872,13088
1872,12
1872,1
1873,13060
1873,12
1873,1
1874,10769
1874,12776
1874,12
1874,1
1875,1790
1875,12965
1875,12966
1875,167
1875,12
1875,1
1876,12776
1876,2751
1876,12
1876,1
1877,1857
1877,206
1877,2
1878,13090
1878,12
1878,1
1879,13087
1879,12
1879,1
1880,13020
1880,12
1880,1
1881,12801
1881,12802
1881,1565
1881,12
1881,1
1885,1791
1885,12489
1885,12490
1885,12
1885,1
1886,12638
1886,6818
1886,12
1886,1
1887,12784
1887,12
1887,1
1889,1792
1889,12943
1889,954
1889,12
1889,1
1890,12696
1890,2188
1890,12
1890,1
1891,12895
1891,206
1891,1
1892,12702
1892,12
1892,1
1893,4550
1893,12577
1893,12
1893,1
1894,12944
1894,12
1894,1
1896,12627
1896,12
1896,1
1898,12704
1898,12
1898,1
1899,12792
1899,12
1899,1
1900,12942
1900,12
1900,1
1902,12874
1902,7933
1902,12
1902,1
1906,12957
1906,12
1906,1
1907,12947
1907,12
1907,1
1908,12622
1908,12
1908,1
1910,12773
1910,8690
1910,7170
1910,12
1910,1
1911,12722
1911,12
1911,1
1912,12721
1912,8685
1912,12
1912,1
1913,12721
1913,12
1913,1
1914,1796
1914,5791
1914,12973
1914,12
1914,1
1915,12941
1915,3504
1915,12
1915,1
1916,7873
1916,8126
1916,12970
1916,12971
1916,12
1916,1
1917,12533
1917,12
1917,1
1918,2416
1918,12
1918,2
1919,12969
1919,12
1919,1
1920,12985
1920,12
1920,1
1921,5724
1921,12536
1921,12
1921,1
1923,13097
1923,13098
1923,12
1923,1
1924,12536
1924,12
1924,1
1925,12918
1925,12
1925,1
1926,13102
1926,12
1926,1
1927,12793
1927,12
1927,1
1928,12821
1928,12
1928,1
1929,12492
1929,12
1929,1
1930,13065
1930,12
1930,1
1931,12494
1931,12
1931,1
1932,13100
1932,13101
1932,7763
1932,12
1932,1
1934,12769
1934,3121
1934,12
1934,1
1935,12935
1935,7605
1935,12
1935,1
1937,12529
1937,12
1937,1
1938,1799
1938,12962
1938,12
1938,1
1939,12770
1939,12
1939,1
1940,12537
1940,12
1940,1
1941,12927
1941,12
1941,1
1942,1800
1942,12527
1942,12
1942,1
1943,11590
1943,12748
1943,12
1943,1
1944,1801
1944,12683
1944,12
1944,1
1946,11117
1946,12
1946,2
1947,7769
1947,12
1947,2
1950,4515
1950,209
1950,2
1952,13109
1952,12
1952,1
1953,2008
1953,11932
1953,206
1953,2
1954,12315
1954,2761
1954,12
1954,2
1956,4755
1956,12559
1956,12
1956,1
1957,2049
1957,7905
1957,12
1957,2
1959,2090
1959,4429
1959,12
1959,2
1961,5675
1961,12
1961,2
1962,2104
1962,12741
1962,12
1962,1
1964,5675
1964,12
1964,2
1965,5651
1965,740
1965,63
1965,2
1966,2116
1966,12
1966,2
1969,40
1969,5469
1969,12
1969,2
1973,688
1973,3392
1973,12
1973,2
1975,2192
1975,2434
1975,3185
1975,3362
1975,3529
1975,5342
1975,5364
1975,5373
1975,5380
1975,7293
1975,9147
1975,12688
1975,68
1975,12
1975,1
1977,5644
1977,63
1977,2
1978,2665
1978,12
1978,2
1979,12911
1979,12
1979,1
1980,2687
1980,12
1980,2
1981,6190
1981,12
1981,2
1982,2612
1982,12
1982,2
1983,10194
1983,12
1983,2
1984,13001
1984,13004
1984,6705
1984,6591
1984,591
1984,17
1984,12
1984,1
1985,3780
1985,1582
1985,12
1985,2
1986,5705
1986,10879
1986,12
1986,2
1987,2815
1987,12
1987,2
1988,2195
1988,2245
1988,2263
1988,4095
1988,12
1988,3
1989,3855
1989,3877
1989,4097
1989,12
1989,3
1990,9163
1990,12
1990,2
1991,2002
1991,2226
1991,3837
1991,4048
1991,4227
1991,5961
1991,10268
1991,5100
1991,5080
1991,5075
1991,5033
1991,4989
1991,4988
1991,4954
1991,4912
1991,4909
1991,4842
1991,12
1991,2
1992,10810
1992,10840
1992,12
1992,2
1993,5262
1993,12
1993,2
1994,12936
1994,1321
1994,12
1994,1
1995,12940
1995,90
1995,12
1995,1
1998,679
1998,2655
1998,12936
1998,12
1998,1
1999,7773
1999,12
1999,2
2000,12330
2000,12
2000,2
2002,618
2002,1991
2002,5126
2002,5096
2002,5066
2002,5052
2002,4997
2002,4962
2002,4953
2002,4941
2002,4921
2002,4900
2002,4897
2002,4841
2002,12
2002,3
2003,13082
2003,6844
2003,12
2003,1
2004,12473
2004,7899
2004,12
2004,1
2005,342
2005,5194
2005,6426
2005,5038
2005,4959
2005,12
2005,2
2006,13084
2006,12
2006,1
2007,6352
2007,12
2007,2
2008,1953
2008,206
2008,3
2009,12744
2009,12
2009,1
2011,4721
2011,12
2011,5
2012,5130
2012,8772
2012,12
2012,2
2013,7686
2013,3988
2013,3964
2013,3960
2013,3916
2013,3875
2013,3809
2013,3752
2013,3733
2013,3721
2013,3708
2013,12
2013,4
2014,13052
2014,12
2014,1
2015,833
2015,4517
2015,4512
2015,4484
2015,4471
2015,4450
2015,4447
2015,4444
2015,4427
2015,4389
2015,4365
2015,4348
2015,12
2015,5
2016,12700
2016,12
2016,1
2017,12474
2017,2588
2017,12
2017,1
2018,356
2018,8427
2018,4801
2018,4773
2018,4716
2018,4701
2018,12
2018,2
2019,6128
2019,4799
2019,4797
2019,4750
2019,3629
2019,12
2019,3
2020,12566
2020,12
2020,1
2021,9501
2021,12
2021,2
2022,10513
2022,12
2022,5
2023,3194
2023,6233
2023,12
2023,2
2024,12565
2024,12
2024,1
2025,5730
2025,12560
2025,12561
2025,12
2025,1
2026,2757
2026,12
2026,2
2028,2186
2028,4533
2028,4520
2028,4477
2028,4437
2028,4418
2028,4391
2028,4376
2028,4367
2028,4349
2028,4322
2028,4312
2028,12
2028,3
2029,12891
2029,12
2029,1
2030,12674
2030,12
2030,1
2031,273
2031,12946
2031,12
2031,1
2032,2828
2032,5973
2032,12
2032,3
2033,12946
2033,12
2033,1
2034,12707
2034,12
2034,1
2035,12783
2035,12
2035,1
2036,12223
2036,12
2036,2
2037,13022
2037,12
2037,1
2038,3392
2038,12
2038,3
2039,8807
2039,598
2039,12
2039,2
2040,11897
2040,12
2040,5
2041,12526
2041,12
2041,1
2042,433
2042,12
2042,2
2043,12950
2043,12
2043,1
2044,12772
2044,12
2044,1
2045,12528
2045,12
2045,1
2046,12771
2046,8606
2046,8582
2046,7319
2046,7081
2046,2443
2046,1914
2046,12
2046,1
2049,1957
2049,12474
2049,12
2049,1
2050,12870
2050,12
2050,1
2051,12715
2051,12
2051,1
2052,13021
2052,12
2052,1
2053,12567
2053,12568
2053,12
2053,1
2054,13029
2054,1501
2054,12
2054,1
2055,12886
2055,12
2055,1
2056,12886
2056,2
2056,12
2056,1
2057,12656
2057,1555
2057,1526
2057,1401
2057,1391
2057,430
2057,272
2057,5
2057,12
2057,1
2059,10829
2059,12681
2059,12
2059,1
2060,12785
2060,12
2060,1
2061,12687
2061,12
2061,1
2062,12682
2062,12
2062,1
2063,3699
2063,12557
2063,12
2063,1
2064,3206
2064,12680
2064,12
2064,1
2066,8660
2066,12894
2066,12
2066,1
2067,12868
2067,12
2067,1
2068,13052
2068,12
2068,1
2069,12958
2069,12
2069,1
2070,7618
2070,9286
2070,3148
2070,12
2070,2
2071,8795
2071,12
2071,2
2072,12484
2072,529
2072,102
2072,12
2072,1
2073,13062
2073,645
2073,12
2073,1
2074,12569
2074,12570
2074,6932
2074,12
2074,1
2075,12578
2075,12579
2075,12
2075,1
2076,13096
2076,12
2076,1
2078,6273
2078,12
2078,2
2080,13063
2080,12
2080,1
2081,12787
2081,12
2081,1
2082,12958
2082,12
2082,1
2083,10025
2083,12
2083,2
2084,12478
2084,12
2084,1
2085,12646
2085,12647
2085,380
2085,12
2085,1
2086,5148
2086,10781
2086,12
2086,2
2087,12918
2087,12
2087,1
2088,4883
2088,12
2088,2
2090,1959
2090,12640
2090,6549
2090,574
2090,378
2090,12
2090,1
2091,13053
2091,12
2091,1
2092,12874
2092,12
2092,1
2094,8003
2094,12470
2094,12
2094,1
2095,12204
2095,207
2095,2
2096,12626
2096,12
2096,1
2098,12626
2098,12
2098,1
2100,9830
2100,12
2100,2
2101,13087
2101,12
2101,1
2102,12713
2102,12
2102,1
2103,6058
2103,12
2103,2
2104,1962
2104,12
2104,2
2105,13020
2105,1345
2105,12
2105,1
2106,219
2106,12
2106,2
2109,12977
2109,12
2109,1
2111,11967
2111,12802
2111,12
2111,1
2112,5626
2112,12981
2112,12
2112,1
2113,12490
2113,12
2113,1
2114,6227
2114,12638
2114,12
2114,1
2115,750
2115,7094
2115,12
2115,2
2116,1966
2116,12784
2116,12
2116,1
2117,12513
2117,2055
2117,12
2117,1
2118,4364
2118,12370
2118,12
2118,2
2120,12512
2120,8119
2120,12
2120,1
2121,12476
2121,12
2121,1
2122,12512
2122,1595
2122,12
2122,1
2124,13093
2124,12
2124,1
2125,12709
2125,12
2125,1
2126,12702
2126,12
2126,1
2127,11110
2127,12
2127,2
2128,17
2128,2716
2128,12
2128,2
2129,12571
2129,12
2129,1
2130,12572
2130,12
2130,1
2131,12944
2131,6962
2131,12
2131,1
2132,12475
2132,12
2132,1
2133,12571
2133,12
2133,1
2134,12876
2134,12
2134,1
2135,11423
2135,12733
2135,12
2135,1
2136,13119
2136,12
2136,1
2137,12730
2137,7895
2137,12
2137,1
2138,13109
2138,12
2138,1
2139,12605
2139,12
2139,1
2140,12487
2140,12488
2140,12
2140,1
2141,9287
2141,12
2141,2
2142,12519
2142,12
2142,1
2143,12806
2143,12807
2143,12808
2143,324
2143,12
2143,1
2144,13090
2144,12
2144,1
2145,12676
2145,12
2145,1
2146,12712
2146,2721
2146,12
2146,1
2147,12470
2147,12
2147,1
2148,9160
2148,12
2148,2
2149,12627
2149,1525
2149,12
2149,1
2150,4815
2150,12948
2150,12
2150,1
2151,12493
2151,6490
2151,2319
2151,2318
2151,2317
2151,2240
2151,2238
2151,2237
2151,2150
2151,2034
2151,12
2151,1
2152,5024
2152,12
2152,2
2153,12773
2153,12
2153,1
2154,13080
2154,12
2154,1
2155,12619
2155,12
2155,1
2156,12722
2156,12
2156,1
2157,12619
2157,8007
2157,12
2157,1
2158,12972
2158,12973
2158,7702
2158,12
2158,1
2159,12539
2159,12
2159,1
2160,12884
2160,4050
2160,12
2160,1
2161,12704
2161,4158
2161,12
2161,1
2162,424
2162,3037
2162,11031
2162,12970
2162,12971
2162,12
2162,1
2164,13055
2164,2259
2164,12
2164,1
2165,13096
2165,12
2165,1
2166,10332
2166,4093
2166,12
2166,2
2167,9957
2167,12
2167,2
2169,12536
2169,12
2169,1
2170,12978
2170,12979
2170,12
2170,1
2171,13014
2171,12
2171,1
2172,5806
2172,12483
2172,12
2172,1
2173,13102
2173,13103
2173,8347
2173,12
2173,1
2174,1784
2174,12622
2174,12
2174,1
2175,12794
2175,12
2175,1
2176,901
2176,12
2176,2
2177,11393
2177,12491
2177,12
2177,1
2178,2430
2178,8428
2178,8645
2178,8676
2178,10740
2178,10741
2178,10771
2178,10787
2178,10803
2178,11012
2178,11030
2178,12
2178,2
2179,13061
2179,12
2179,1
2180,687
2180,8646
2180,8677
2180,1310
2180,12
2180,2
2181,12873
2181,12
2181,1
2182,3713
2182,8456
2182,12
2182,2
2183,10268
2183,12
2183,3
2185,11641
2185,12
2185,2
2186,2028
2186,8429
2186,8457
2186,12
2186,2
2187,12532
2187,12
2187,1
2188,12623
2188,12
2188,1
2189,2432
2189,4051
2189,5549
2189,12223
2189,12
2189,2
2190,12623
2190,12
2190,1
2192,1975
2192,5786
2192,6987
2192,7013
2192,7020
2192,8178
2192,9364
2192,12
2192,2
2194,12801
2194,12
2194,1
2195,1988
2195,5735
2195,5669
2195,5653
2195,5603
2195,5563
2195,5552
2195,5550
2195,5493
2195,5471
2195,5457
2195,12
2195,4
2196,11243
2196,5728
2196,5625
2196,5624
2196,5622
2196,5516
2196,5491
2196,5463
2196,5426
2196,5410
2196,12
2196,5
2197,12963
2197,12
2197,1
2199,10548
2199,12963
2199,12
2199,1
2200,12982
2200,12983
2200,6933
2200,6538
2200,12
2200,1
2201,5929
2201,6053
2201,6040
2201,5999
2201,5936
2201,5801
2201,12
2201,3
2202,12799
2202,12800
2202,1578
2202,12
2202,1
2203,12470
2203,6349
2203,1195
2203,1194
2203,12
2203,1
2204,12731
2204,12
2204,1
2205,10267
2205,6078
2205,6058
2205,5971
2205,5858
2205,5854
2205,12
2205,4
2206,12918
2206,12
2206,1
2207,8976
2207,5934
2207,5885
2207,5874
2207,5818
2207,12
2207,2
2208,12935
2208,406
2208,12
2208,1
2209,12770
2209,12
2209,1
2211,12534
2211,12
2211,1
2212,8702
2212,6101
2212,5877
2212,5815
2212,12
2212,3
2213,12877
2213,12
2213,1
2215,12900
2215,12
2215,1
2216,9342
2216,63
2216,3
2217,5328
2217,3847
2217,12
2217,4
2218,10801
2218,4020
2218,3905
2218,3855
2218,3770
2218,3764
2218,3761
2218,3745
2218,12
2218,5
2219,7354
2219,206
2219,2
2220,12786
2220,3164
2220,12
2220,1
2221,12537
2221,12
2221,1
2222,1202
2222,5103
2222,4934
2222,4924
2222,12
2222,5
2223,12683
2223,8196
2223,8188
2223,7981
2223,7878
2223,3544
2223,12
2223,1
2224,6702
2224,5086
2224,5017
2224,5012
2224,4977
2224,4950
2224,4949
2224,4931
2224,4913
2224,4911
2224,4906
2224,4889
2224,4846
2224,12
2224,3
2225,12683
2225,12
2225,1
2226,618
2226,1991
2226,5101
2226,5073
2226,5053
2226,5039
2226,5021
2226,4986
2226,4969
2226,4891
2226,4867
2226,4852
2226,4847
2226,4843
2226,12
2226,3
2227,5194
2227,12
2227,2
2228,4721
2228,12
2228,5
2229,7686
2229,4225
2229,4224
2229,4160
2229,4156
2229,4144
2229,4114
2229,4107
2229,4038
2229,12
2229,4
2230,3918
2230,4065
2230,9837
2230,8542
2230,7742
2230,6361
2230,12
2230,2
2231,356
2231,12
2231,2
2232,6128
2232,4813
2232,4812
2232,4780
2232,4766
2232,4746
2232,4717
2232,4709
2232,4704
2232,12
2232,3
2233,12223
2233,12
2233,2
2234,10936
2234,12
2234,2
2236,517
2236,12
2236,2
2237,10262
2237,12
2237,2
2238,10698
2238,12
2238,2
2239,9271
2239,12
2239,2
2240,6926
2240,831
2240,12
2240,2
2241,1081
2241,12
2241,2
2242,11568
2242,12
2242,2
2243,11645
2243,12
2243,2
2244,2625
2244,10251
2244,12
2244,4
2245,1988
2245,5699
2245,5662
2245,5658
2245,5480
2245,5478
2245,5434
2245,5427
2245,5390
2245,12
2245,4
2246,11243
2246,5673
2246,5650
2246,5634
2246,5615
2246,5456
2246,12
2246,5
2247,5929
2247,6102
2247,6093
2247,6092
2247,6088
2247,6059
2247,5957
2247,5814
2247,12
2247,3
2248,8702
2248,12
2248,3
2249,10801
2249,3941
2249,3792
2249,3734
2249,12
2249,5
2250,6702
2250,5119
2250,5079
2250,5070
2250,5068
2250,5063
2250,5051
2250,5031
2250,4984
2250,4967
2250,4932
2250,4869
2250,4836
2250,12
2250,3
2251,11342
2251,12
2251,2
2252,4721
2252,12
2252,5
2253,7686
2253,4013
2253,3924
2253,3882
2253,3859
2253,3827
2253,3773
2253,3738
2253,12
2253,4
2254,356
2254,12
2254,2
2255,6128
2255,4814
2255,4789
2255,4767
2255,12
2255,3
2257,12223
2257,12
2257,2
2259,12065
2259,12
2259,2
2260,11644
2260,12
2260,2
2261,5675
2261,1803
2261,12
2261,2
2262,4176
2262,12
2262,2
2263,1988
2263,5695
2263,5680
2263,5667
2263,5640
2263,5636
2263,5583
2263,5570
2263,5528
2263,5509
2263,5489
2263,5486
2263,5445
2263,5438
2263,12
2263,4
2264,5929
2264,6100
2264,6052
2264,6011
2264,5965
2264,5947
2264,5902
2264,5897
2264,5880
2264,5849
2264,5839
2264,5829
2264,5826
2264,12
2264,3
2265,10801
2265,4023
2265,3968
2265,3952
2265,3948
2265,3930
2265,3929
2265,3928
2265,3922
2265,3918
2265,3913
2265,3909
2265,3890
2265,3837
2265,3822
2265,3821
2265,3800
2265,3771
2265,3747
2265,12
2265,5
2266,6702
2266,5095
2266,5010
2266,5009
2266,5000
2266,4991
2266,4978
2266,4940
2266,4907
2266,4848
2266,4838
2266,12
2266,3
2267,4721
2267,3879
2267,12
2267,5
2268,7686
2268,3977
2268,3884
2268,12
2268,4
2270,2314
2270,12
2270,2
2271,2321
2271,12
2271,2
2272,6848
2272,12
2272,2
2273,2334
2273,12
2273,2
2274,10132
2274,12
2274,2
2276,2883
2276,6336
2276,12
2276,2
2277,221
2277,1192
2277,1344
2277,3539
2277,3691
2277,1184
2277,12
2277,2
2278,1837
2278,2545
2278,12
2278,2
2279,2399
2279,12
2279,2
2280,7658
2280,8527
2280,12068
2280,31
2280,12
2280,2
2282,5317
2282,6368
2282,10262
2282,12795
2282,12797
2282,12799
2282,12801
2282,12803
2282,12808
2282,12810
2282,12812
2282,12813
2282,12814
2282,12816
2282,12818
2282,12821
2282,12829
2282,12839
2282,6701
2282,1230
2282,266
2282,53
2282,12
2282,1
2284,351
2284,5784
2284,8177
2284,8629
2284,8953
2284,9174
2284,9446
2284,10306
2284,11245
2284,12689
2284,4007
2284,3956
2284,3613
2284,3611
2284,3606
2284,3601
2284,3588
2284,3573
2284,12
2284,1
2285,13144
2285,12
2285,1
2286,6702
2286,5123
2286,5106
2286,5105
2286,5094
2286,5065
2286,5035
2286,5008
2286,5006
2286,4990
2286,4965
2286,4948
2286,4939
2286,4883
2286,4873
2286,12
2286,3
2287,12936
2287,12
2287,1
2288,12940
2288,12
2288,1
2289,5641
2289,12473
2289,12
2289,1
2290,13082
2290,12
2290,1
2291,12473
2291,12
2291,1
2292,12604
2292,12
2292,1
2293,12875
2293,12
2293,1
2294,4721
2294,3959
2294,12
2294,5
2295,13085
2295,12
2295,1
2296,12798
2296,12
2296,1
2297,7686
2297,3945
2297,3914
2297,3891
2297,3872
2297,3865
2297,3828
2297,3823
2297,3778
2297,3767
2297,12
2297,4
2299,12891
2299,12
2299,1
2300,12674
2300,1377
2300,12
2300,1
2301,8925
2301,12946
2301,12
2301,1
2302,5707
2302,12788
2302,12
2302,1
2304,12783
2304,12
2304,1
2305,12707
2305,12
2305,1
2306,12621
2306,12
2306,1
2307,12617
2307,12
2307,1
2308,12674
2308,12
2308,1
2309,12528
2309,12
2309,1
2310,12738
2310,12
2310,1
2311,12715
2311,12
2311,1
2312,12708
2312,1452
2312,12
2312,1
2313,12886
2313,7379
2313,7295
2313,2
2313,12
2313,1
2314,2270
2314,12934
2314,12
2314,1
2315,12934
2315,12
2315,1
2316,12889
2316,404
2316,67
2316,12
2316,1
2317,12891
2317,12
2317,1
2318,12682
2318,1254
2318,12
2318,1
2319,12785
2319,12
2319,1
2320,13015
2320,12
2320,1
2321,2271
2321,12557
2321,12
2321,1
2322,12958
2322,12
2322,1
2323,12938
2323,12
2323,1
2324,1318
2324,12479
2324,12
2324,1
2325,12880
2325,8199
2325,12
2325,1
2327,13062
2327,12
2327,1
2328,8698
2328,12569
2328,12
2328,1
2329,12933
2329,12
2329,1
2330,12578
2330,12
2330,1
2331,8156
2331,13093
2331,12
2331,1
2333,13017
2333,12
2333,1
2334,2273
2334,8110
2334,12485
2334,12486
2334,12
2334,1
2336,12581
2336,12
2336,1
2337,13099
2337,12
2337,1
2339,12918
2339,12
2339,1
2340,12956
2340,6656
2340,12
2340,1
2341,13053
2341,12
2341,1
2342,12916
2342,12
2342,1
2343,12644
2343,12
2343,1
2344,8352
2344,13053
2344,12
2344,1
2345,13088
2345,12
2345,1
2346,13060
2346,12
2346,1
2347,12956
2347,12
2347,1
2348,12653
2348,12
2348,1
2349,5650
2349,12564
2349,12
2349,1
2350,1371
2350,12965
2350,12
2350,1
2351,12949
2351,12
2351,1
2352,3776
2352,1938
2352,12
2352,5
2356,13019
2356,12
2356,1
2357,12622
2357,1303
2357,12
2357,1
2358,12490
2358,12
2358,1
2359,13094
2359,13095
2359,8191
2359,12
2359,1
2360,5628
2360,12939
2360,12
2360,1
2361,12637
2361,12
2361,1
2362,10562
2362,13099
2362,12
2362,1
2363,12637
2363,12638
2363,6337
2363,12
2363,1
2364,12784
2364,12
2364,1
2365,1218
2365,199
2365,206
2365,5
2366,5852
2366,12472
2366,12
2366,1
2367,12811
2367,12
2367,1
2368,12512
2368,1417
2368,12
2368,1
2369,12811
2369,12
2369,1
2370,12702
2370,8209
2370,12
2370,1
2371,12702
2371,12
2371,1
2372,12729
2372,12
2372,1
2373,12724
2373,12
2373,1
2374,5595
2374,12576
2374,12
2374,1
2375,7460
2375,12
2375,2
2376,12634
2376,12
2376,1
2378,12559
2378,8775
2378,12
2378,1
2379,5760
2379,12876
2379,12
2379,1
2380,12475
2380,12
2380,1
2381,12733
2381,12
2381,1
2383,12733
2383,8571
2383,7387
2383,7308
2383,12
2383,1
2384,8564
2384,12730
2384,12
2384,1
2385,12431
2385,13108
2385,13109
2385,12
2385,1
2387,12620
2387,12
2387,1
2388,12942
2388,12
2388,1
2389,12797
2389,12798
2389,7977
2389,12
2389,1
2390,12519
2390,12
2390,1
2391,12806
2391,12
2391,1
2392,12519
2392,7848
2392,12
2392,1
2393,12806
2393,12
2393,1
2395,12874
2395,12
2395,1
2396,12676
2396,8485
2396,4655
2396,4577
2396,3033
2396,2013
2396,518
2396,12
2396,1
2397,12616
2397,12
2397,1
2399,2279
2399,9871
2399,12572
2399,6226
2399,6213
2399,6211
2399,208
2399,12
2399,1
2400,12627
2400,8120
2400,12
2400,1
2401,12948
2401,410
2401,70
2401,12
2401,1
2402,12493
2402,2293
2402,2291
2402,2207
2402,2053
2402,2048
2402,12
2402,1
2403,13057
2403,7906
2403,12
2403,1
2404,12597
2404,12598
2404,3247
2404,3246
2404,3245
2404,3244
2404,3243
2404,3239
2404,3151
2404,3128
2404,3127
2404,3126
2404,3125
2404,3123
2404,3122
2404,3116
2404,3115
2404,3106
2404,3105
2404,3104
2404,3103
2404,3101
2404,3098
2404,3095
2404,3062
2404,3061
2404,3007
2404,3006
2404,3005
2404,12
2404,1
2405,5689
2405,7164
2405,13057
2405,12
2405,1
2406,12917
2406,12
2406,1
2407,12917
2407,174
2407,12
2407,1
2408,12898
2408,2778
2408,12
2408,1
2409,12722
2409,12
2409,1
2410,12619
2410,7587
2410,12
2410,1
2411,3019
2411,291
2411,12
2411,5
2412,12539
2412,12
2412,1
2413,12941
2413,12
2413,1
2415,12704
2415,12
2415,1
2416,1918
2416,12704
2416,12
2416,1
2417,12533
2417,12
2417,1
2418,13103
2418,12
2418,1
2419,12967
2419,12
2419,1
2420,12537
2420,12
2420,1
2421,12979
2421,12
2421,1
2422,13102
2422,12
2422,1
2423,12825
2423,12827
2423,5739
2423,12
2423,1
2424,12823
2424,12
2424,1
2425,1780
2425,12622
2425,2226
2425,12
2425,1
2427,12793
2427,12
2427,1
2428,12794
2428,12
2428,1
2429,12492
2429,12
2429,1
2430,676
2430,689
2430,2178
2430,2866
2430,12401
2430,12435
2430,12
2430,3
2431,5535
2431,8133
2431,8429
2431,12259
2431,12427
2431,12
2431,2
2432,688
2432,2189
2432,2613
2432,5220
2432,6893
2432,7004
2432,12
2432,2
2433,13027
2433,12
2433,1
2434,1975
2434,5786
2434,6987
2434,7013
2434,7020
2434,8178
2434,9364
2434,12
2434,2
2435,12862
2435,12
2435,1
2436,12769
2436,12
2436,1
2437,12531
2437,6230
2437,292
2437,12
2437,1
2438,3285
2438,12
2438,2
2439,12963
2439,12
2439,1
2441,12962
2441,7287
2441,7282
2441,151
2441,12
2441,1
2443,12935
2443,12
2443,1
2444,12469
2444,12
2444,1
2445,1057
2445,12900
2445,12
2445,1
2446,12537
2446,12
2446,1
2447,5566
2447,12927
2447,12
2447,1
2448,12527
2448,12
2448,1
2449,12748
2449,12
2449,1
2450,6702
2450,12
2450,3
2451,4721
2451,3885
2451,3840
2451,3835
2451,3730
2451,12
2451,5
2452,4946
2452,12
2452,2
2454,7246
2454,12
2454,2
2455,847
2455,12
2455,2
2456,555
2456,12
2456,2
2457,12774
2457,12
2457,1
2458,12088
2458,12
2458,2
2459,9667
2459,12
2459,3
2460,6488
2460,12
2460,2
2464,4782
2464,12
2464,2
2465,1139
2465,12
2465,2
2467,7610
2467,7748
2467,1814
2467,63
2467,2
2468,2647
2468,12
2468,2
2469,2485
2469,4105
2469,7317
2469,11250
2469,12047
2469,3671
2469,12
2469,2
2471,9009
2471,12
2471,5
2472,5148
2472,12
2472,2
2473,5675
2473,12
2473,2
2474,2543
2474,12
2474,2
2475,2565
2475,12
2475,2
2477,3248
2477,206
2477,2
2478,5698
2478,12
2478,3
2479,9125
2479,12
2479,2
2480,5695
2480,12940
2480,12
2480,1
2481,8153
2481,13082
2481,12
2481,1
2482,12473
2482,12
2482,1
2483,12684
2483,12
2483,1
2484,13082
2484,12
2484,1
2485,2469
2485,6116
2485,6597
2485,7033
2485,7422
2485,8514
2485,8686
2485,11240
2485,12720
2485,6892
2485,12
2485,1
2486,11459
2486,12875
2486,8218
2486,8186
2486,8084
2486,8067
2486,8022
2486,7678
2486,7658
2486,7644
2486,7607
2486,7448
2486,7414
2486,12
2486,1
2487,12620
2487,12
2487,1
2488,1397
2488,12797
2488,12
2488,1
2489,12697
2489,6681
2489,12
2489,1
2491,5561
2491,12675
2491,12
2491,1
2492,12699
2492,12
2492,1
2493,12719
2493,12
2493,1
2494,12471
2494,12
2494,1
2495,13021
2495,12
2495,1
2496,12814
2496,12
2496,1
2498,12636
2498,8774
2498,8747
2498,12
2498,1
2499,12533
2499,12
2499,1
2500,12621
2500,12
2500,1
2504,12741
2504,12
2504,1
2505,12528
2505,6446
2505,12
2505,1
2506,12556
2506,2183
2506,12
2506,1
2507,12556
2507,41
2507,12
2507,1
2508,12474
2508,12
2508,1
2510,5586
2510,32
2510,3
2511,12926
2511,3175
2511,12
2511,1
2512,12926
2512,12
2512,1
2513,12896
2513,12
2513,1
2514,12530
2514,12
2514,1
2515,13015
2515,12
2515,1
2516,12557
2516,12
2516,1
2518,12958
2518,1657
2518,12
2518,1
2519,12569
2519,12570
2519,12
2519,1
2520,12569
2520,12
2520,1
2521,12569
2521,12570
2521,6341
2521,12
2521,1
2522,12484
2522,12
2522,1
2523,13067
2523,12
2523,1
2524,12578
2524,12
2524,1
2525,13096
2525,12
2525,1
2526,12885
2526,12
2526,1
2527,13067
2527,12
2527,1
2528,13096
2528,12
2528,1
2529,12933
2529,12
2529,1
2530,12578
2530,12
2530,1
2531,12787
2531,12
2531,1
2532,13017
2532,12
2532,1
2533,12581
2533,12
2533,1
2535,12514
2535,12
2535,1
2536,12633
2536,12
2536,1
2537,12646
2537,12
2537,1
2538,12643
2538,12644
2538,12
2538,1
2539,12640
2539,12
2539,1
2540,12916
2540,6843
2540,12
2540,1
2541,5034
2541,12937
2541,12
2541,1
2542,8610
2542,12716
2542,12
2542,1
2543,2474
2543,12949
2543,12
2543,1
2544,12470
2544,7049
2544,6860
2544,6354
2544,2868
2544,12
2544,1
2545,2278
2545,12653
2545,12
2545,1
2546,9406
2546,12776
2546,12
2546,1
2547,89
2547,12705
2547,12
2547,1
2548,12974
2548,12
2548,1
2550,13090
2550,12
2550,1
2551,12618
2551,12
2551,1
2552,9177
2552,12986
2552,1208
2552,485
2552,12
2552,1
2553,12729
2553,12
2553,1
2555,12799
2555,12800
2555,8567
2555,12
2555,1
2556,12801
2556,12
2556,1
2557,12622
2557,6977
2557,12
2557,1
2558,13095
2558,12
2558,1
2559,12890
2559,12
2559,1
2560,12939
2560,12
2560,1
2561,13099
2561,12
2561,1
2562,10465
2562,12
2562,2
2563,12696
2563,12
2563,1
2564,12476
2564,12
2564,1
2565,2475
2565,7826
2565,12512
2565,12
2565,1
2566,12512
2566,7974
2566,12
2566,1
2568,12729
2568,12
2568,1
2569,11991
2569,12576
2569,12577
2569,12
2569,1
2570,12620
2570,12
2570,1
2571,12944
2571,2744
2571,2738
2571,12
2571,1
2572,12475
2572,12
2572,1
2573,12876
2573,12
2573,1
2574,12733
2574,8021
2574,12
2574,1
2575,12627
2575,12
2575,1
2576,12733
2576,12
2576,1
2577,13109
2577,12
2577,1
2578,12488
2578,12
2578,1
2579,12676
2579,3226
2579,12
2579,1
2580,12809
2580,12810
2580,156
2580,142
2580,12
2580,1
2581,12676
2581,12
2581,1
2584,12622
2584,12
2584,1
2585,12803
2585,12
2585,1
2586,12773
2586,12
2586,1
2587,13080
2587,12
2587,1
2588,12917
2588,8122
2588,12
2588,1
2589,12722
2589,7755
2589,12
2589,1
2590,12619
2590,7921
2590,12
2590,1
2591,12972
2591,12
2591,1
2592,12941
2592,12
2592,1
2593,12971
2593,12
2593,1
2594,1798
2594,12967
2594,12
2594,1
2595,12536
2595,12
2595,1
2596,5905
2596,13097
2596,13098
2596,12
2596,1
2597,13014
2597,12
2597,1
2598,12918
2598,12
2598,1
2599,12918
2599,12
2599,1
2600,12827
2600,8601
2600,8591
2600,8553
2600,8461
2600,6698
2600,4830
2600,4578
2600,4575
2600,3560
2600,3540
2600,3382
2600,2008
2600,1232
2600,12
2600,1
2601,12482
2601,12483
2601,6926
2601,12
2601,1
2602,12622
2602,12
2602,1
2603,12480
2603,12
2603,1
2604,1672
2604,12794
2604,12
2604,1
2605,12532
2605,8498
2605,6685
2605,6440
2605,6370
2605,5754
2605,3521
2605,1920
2605,1638
2605,1206
2605,612
2605,12
2605,1
2607,12491
2607,12492
2607,8711
2607,5363
2607,1934
2607,220
2607,201
2607,12
2607,1
2608,12820
2608,12
2608,1
2609,687
2609,10743
2609,1310
2609,12
2609,2
2610,12873
2610,7875
2610,12
2610,1
2611,12532
2611,12
2611,1
2612,1982
2612,12623
2612,12
2612,1
2613,2432
2613,3001
2613,10587
2613,10764
2613,4617
2613,4614
2613,12
2613,3
2614,12494
2614,12
2614,1
2615,12862
2615,12
2615,1
2616,13101
2616,12
2616,1
2617,12935
2617,12
2617,1
2618,12951
2618,12
2618,1
2619,12552
2619,12
2619,1
2620,12469
2620,12
2620,1
2621,12537
2621,12
2621,1
2622,5793
2622,7834
2622,12683
2622,12
2622,1
2623,517
2623,12
2623,2
2624,10351
2624,12
2624,2
2625,2244
2625,12
2625,5
2626,12940
2626,8634
2626,12
2626,1
2627,12936
2627,12
2627,1
2628,12940
2628,1746
2628,12
2628,1
2629,12675
2629,12
2629,1
2630,13082
2630,633
2630,12
2630,1
2631,10538
2631,12473
2631,12
2631,1
2632,12704
2632,12
2632,1
2633,12746
2633,6675
2633,5459
2633,12
2633,1
2634,12703
2634,3590
2634,12
2634,1
2635,12875
2635,12
2635,1
2636,7433
2636,8426
2636,4227
2636,4209
2636,4148
2636,4123
2636,4088
2636,4043
2636,4034
2636,12
2636,2
2637,13052
2637,12
2637,1
2638,12700
2638,12
2638,1
2639,12573
2639,12
2639,1
2640,12675
2640,1619
2640,12
2640,1
2641,12719
2641,12
2641,1
2642,5527
2642,11039
2642,12775
2642,12
2642,1
2643,12471
2643,7478
2643,12
2643,1
2644,12585
2644,6644
2644,12
2644,1
2645,12565
2645,12
2645,1
2646,12561
2646,12
2646,1
2647,2468
2647,12563
2647,12
2647,1
2648,12560
2648,12
2648,1
2649,12563
2649,12
2649,1
2650,12562
2650,12
2650,1
2651,12788
2651,12
2651,1
2652,12788
2652,12
2652,1
2653,12653
2653,12
2653,1
2654,12783
2654,7283
2654,1283
2654,455
2654,12
2654,1
2655,1998
2655,32
2655,2
2656,13104
2656,13105
2656,6411
2656,12
2656,1
2657,12950
2657,8126
2657,12
2657,1
2658,12741
2658,74
2658,12
2658,1
2661,12556
2661,12
2661,1
2662,12870
2662,12
2662,1
2663,12715
2663,12
2663,1
2664,12742
2664,7705
2664,604
2664,12
2664,1
2665,1978
2665,12763
2665,12
2665,1
2667,12614
2667,12
2667,1
2668,12750
2668,12
2668,1
2669,7913
2669,4576
2669,1191
2669,12
2669,2
2670,13104
2670,12
2670,1
2672,12886
2672,3691
2672,2947
2672,2777
2672,2703
2672,1488
2672,1171
2672,12
2672,1
2673,12929
2673,12
2673,1
2675,12934
2675,12
2675,1
2676,12584
2676,6548
2676,12
2676,1
2677,4449
2677,12
2677,2
2679,12785
2679,12
2679,1
2681,12540
2681,6825
2681,12
2681,1
2682,10560
2682,556
2682,12
2682,5
2683,12952
2683,12
2683,1
2684,12516
2684,375
2684,374
2684,12
2684,1
2685,12893
2685,12894
2685,12
2685,1
2686,12929
2686,12
2686,1
2687,1980
2687,5547
2687,12880
2687,12
2687,1
2688,12479
2688,3664
2688,3415
2688,98
2688,12
2688,1
2689,12880
2689,12
2689,1
2690,12938
2690,12
2690,1
2691,12710
2691,12
2691,1
2692,12569
2692,12570
2692,7419
2692,12
2692,1
2693,13062
2693,12
2693,1
2694,12885
2694,12
2694,1
2695,12578
2695,12579
2695,8389
2695,6373
2695,2942
2695,12
2695,1
2696,13096
2696,5222
2696,12
2696,1
2697,12933
2697,1359
2697,12
2697,1
2698,12958
2698,12
2698,1
2699,12673
2699,12
2699,1
2700,13017
2700,8090
2700,12
2700,1
2701,12711
2701,8229
2701,12
2701,1
2702,12580
2702,12581
2702,1464
2702,12
2702,1
2703,12475
2703,12
2703,1
2704,12711
2704,6868
2704,12
2704,1
2705,13069
2705,8764
2705,8652
2705,8178
2705,5758
2705,3414
2705,2568
2705,1916
2705,1750
2705,285
2705,219
2705,12
2705,1
2706,13099
2706,12
2706,1
2707,12514
2707,12
2707,1
2708,214
2708,8261
2708,7372
2708,6539
2708,12
2708,2
2709,12581
2709,12
2709,1
2710,12514
2710,12
2710,1
2711,12478
2711,12
2711,1
2712,12919
2712,6528
2712,6193
2712,5765
2712,5050
2712,12
2712,1
2713,12633
2713,545
2713,12
2713,1
2714,12631
2714,8088
2714,12
2714,1
2715,4517
2715,12818
2715,12819
2715,12
2715,1
2716,2128
2716,12916
2716,12
2716,1
2718,13053
2718,12
2718,1
2719,12643
2719,12644
2719,2011
2719,12
2719,1
2721,12644
2721,12
2721,1
2722,12937
2722,7902
2722,12
2722,1
2723,869
2723,12716
2723,695
2723,12
2723,1
2724,12470
2724,8598
2724,12
2724,1
2725,12956
2725,12
2725,1
2726,11846
2726,12639
2726,12
2726,1
2727,12639
2727,12
2727,1
2728,12653
2728,12
2728,1
2729,12564
2729,12
2729,1
2730,12776
2730,12
2730,1
2731,940
2731,8374
2731,12122
2731,6888
2731,6856
2731,6558
2731,12
2731,2
2732,4238
2732,12705
2732,2867
2732,12
2732,1
2733,12576
2733,12
2733,1
2734,12974
2734,12975
2734,2716
2734,12
2734,1
2735,13090
2735,8074
2735,7491
2735,12
2735,1
2736,12976
2736,7793
2736,1938
2736,364
2736,12
2736,1
2737,12713
2737,7822
2737,12
2737,1
2738,3027
2738,12890
2738,12
2738,1
2739,12576
2739,12
2739,1
2741,13014
2741,12
2741,1
2743,12953
2743,5162
2743,12
2743,1
2744,8669
2744,12866
2744,12
2744,1
2745,12866
2745,12
2745,1
2746,12816
2746,12817
2746,206
2746,1
2747,12489
2747,12490
2747,1825
2747,12
2747,1
2749,12726
2749,12
2749,1
2750,6122
2750,12784
2750,12
2750,1
2751,12495
2751,12
2751,1
2752,12513
2752,12
2752,1
2753,12696
2753,7765
2753,12
2753,1
2754,12476
2754,12
2754,1
2755,12512
2755,12
2755,1
2756,12476
2756,12
2756,1
2757,2026
2757,12642
2757,206
2757,1
2758,5755
2758,12640
2758,12
2758,1
2759,13093
2759,3077
2759,12
2759,1
2760,12634
2760,12
2760,1
2761,12702
2761,3220
2761,1933
2761,12
2761,1
2762,12895
2762,206
2762,1
2763,10296
2763,12
2763,2
2765,5757
2765,12724
2765,12
2765,1
2766,12944
2766,2741
2766,12
2766,1
2767,12575
2767,206
2767,1
2768,12887
2768,514
2768,12
2768,1
2769,12475
2769,12
2769,1
2770,12571
2770,12
2770,1
2771,12475
2771,12
2771,1
2772,12733
2772,12
2772,1
2773,13119
2773,8585
2773,8493
2773,6592
2773,6530
2773,2196
2773,12
2773,1
2774,12951
2774,12
2774,1
2775,12797
2775,12798
2775,8846
2775,12
2775,1
2776,12747
2776,12
2776,1
2778,12927
2778,12
2778,1
2779,12874
2779,12
2779,1
2780,13013
2780,12
2780,1
2781,12616
2781,12
2781,1
2782,12855
2782,12
2782,1
2783,12957
2783,12
2783,1
2784,12299
2784,207
2784,2
2786,12948
2786,8483
2786,12
2786,1
2787,12500
2787,2315
2787,2313
2787,2311
2787,2266
2787,2260
2787,2257
2787,2236
2787,2235
2787,2234
2787,2232
2787,2231
2787,2219
2787,2217
2787,2215
2787,2210
2787,2209
2787,2162
2787,2156
2787,2133
2787,2131
2787,2128
2787,2117
2787,2115
2787,2056
2787,2049
2787,2046
2787,12
2787,1
2788,13057
2788,12
2788,1
2789,12917
2789,3183
2789,12
2789,1
2790,12484
2790,8687
2790,6813
2790,6741
2790,5780
2790,2170
2790,529
2790,12
2790,1
2791,12898
2791,12
2791,1
2793,12509
2793,6398
2793,566
2793,12
2793,1
2794,12619
2794,12
2794,1
2795,12973
2795,12
2795,1
2796,12542
2796,8699
2796,8221
2796,12
2796,1
2797,12539
2797,12
2797,1
2798,12884
2798,12
2798,1
2799,12970
2799,12
2799,1
2800,12884
2800,12
2800,1
2801,7981
2801,12
2801,2
2802,13097
2802,12
2802,1
2803,12969
2803,12
2803,1
2804,12968
2804,12969
2804,162
2804,12
2804,1
2805,12539
2805,12
2805,1
2806,12536
2806,12
2806,1
2807,13014
2807,12
2807,1
2808,12543
2808,12
2808,1
2809,12483
2809,1573
2809,12
2809,1
2810,12606
2810,12
2810,1
2811,13103
2811,12
2811,1
2812,12825
2812,12827
2812,12
2812,1
2813,1680
2813,12796
2813,12
2813,1
2814,12480
2814,12481
2814,12
2814,1
2815,1987
2815,12481
2815,12
2815,1
2816,5718
2816,9929
2816,8138
2816,12
2816,2
2817,12794
2817,12
2817,1
2818,12496
2818,12
2818,1
2819,13102
2819,12
2819,1
2820,12492
2820,12
2820,1
2821,12492
2821,12
2821,1
2822,12820
2822,12821
2822,2050
2822,12
2822,1
2823,12498
2823,466
2823,12
2823,1
2824,12873
2824,8157
2824,12
2824,1
2825,618
2825,4719
2825,5326
2825,8688
2825,12
2825,3
2826,620
2826,4721
2826,8444
2826,12390
2826,12
2826,3
2827,12530
2827,12
2827,1
2828,2032
2828,10558
2828,3522
2828,539
2828,12
2828,2
2829,8463
2829,12494
2829,2679
2829,12
2829,1
2830,12862
2830,7312
2830,12
2830,1
2831,12796
2831,12
2831,1
2832,13031
2832,12
2832,1
2833,13103
2833,12
2833,1
2834,12801
2834,12
2834,1
2835,13068
2835,12
2835,1
2836,12963
2836,12
2836,1
2837,12714
2837,12
2837,1
2838,12538
2838,12
2838,1
2839,13059
2839,12
2839,1
2840,12529
2840,12
2840,1
2841,12918
2841,12
2841,1
2842,13019
2842,12
2842,1
2844,12902
2844,12
2844,1
2845,12469
2845,8264
2845,12
2845,1
2846,12900
2846,6626
2846,12
2846,1
2847,12945
2847,8263
2847,8152
2847,8062
2847,7944
2847,7672
2847,7641
2847,7595
2847,7570
2847,7536
2847,7487
2847,7479
2847,7452
2847,12
2847,1
2848,6117
2848,12717
2848,8773
2848,4854
2848,2305
2848,2031
2848,1915
2848,12
2848,1
2849,12534
2849,12
2849,1
2850,13086
2850,6722
2850,12
2850,1
2851,12469
2851,7851
2851,12
2851,1
2852,12786
2852,12
2852,1
2853,4751
2853,12927
2853,12
2853,1
2854,12883
2854,12
2854,1
2855,12527
2855,12
2855,1
2856,12748
2856,8515
2856,7121
2856,5740
2856,12
2856,1
2857,4912
2857,12
2857,2
2858,6372
2858,12
2858,2
2859,1871
2859,12
2859,2
2860,5262
2860,802
2860,12
2860,2
2861,4457
2861,12
2861,2
2863,2937
2863,12
2863,2
2864,2945
2864,12
2864,2
2866,2430
2866,5337
2866,5362
2866,8428
2866,12
2866,2
2867,13089
2867,12
2867,1
2868,12683
2868,12
2868,1
2869,960
2869,12
2869,2
2870,12703
2870,12
2870,1
2871,12700
2871,12
2871,1
2872,12474
2872,12
2872,1
2873,12775
2873,12
2873,1
2874,6975
2874,12775
2874,2497
2874,12
2874,1
2875,6100
2875,12620
2875,12
2875,1
2876,12563
2876,12
2876,1
2877,12674
2877,12
2877,1
2878,5668
2878,13105
2878,12
2878,1
2879,12621
2879,12
2879,1
2880,263
2880,12617
2880,12
2880,1
2881,58
2881,12674
2881,12
2881,1
2882,12772
2882,8356
2882,7321
2882,3692
2882,12
2882,1
2883,2276
2883,12528
2883,12
2883,1
2886,12870
2886,12
2886,1
2887,13021
2887,12
2887,1
2890,12708
2890,12
2890,1
2892,12584
2892,6618
2892,6178
2892,1843
2892,12
2892,1
2893,12926
2893,12
2893,1
2895,12896
2895,3529
2895,12
2895,1
2896,3021
2896,12785
2896,12
2896,1
2897,12530
2897,1607
2897,12
2897,1
2898,12557
2898,12
2898,1
2899,12625
2899,12
2899,1
2900,12570
2900,12
2900,1
2901,12479
2901,335
2901,98
2901,12
2901,1
2902,12710
2902,12
2902,1
2903,13062
2903,12
2903,1
2904,13067
2904,7386
2904,12
2904,1
2905,1457
2905,12
2905,2
2906,13067
2906,12
2906,1
2907,13093
2907,12
2907,1
2908,13063
2908,5763
2908,379
2908,12
2908,1
2909,13017
2909,12
2909,1
2910,12673
2910,12
2910,1
2911,12514
2911,12
2911,1
2913,12631
2913,12
2913,1
2914,12556
2914,12
2914,1
2915,12646
2915,12647
2915,7614
2915,12
2915,1
2916,12916
2916,6867
2916,12
2916,1
2917,12643
2917,12644
2917,8095
2917,12
2917,1
2918,12639
2918,12
2918,1
2919,12937
2919,12
2919,1
2920,13088
2920,12
2920,1
2921,13060
2921,446
2921,12
2921,1
2922,12949
2922,6780
2922,12
2922,1
2923,12639
2923,12
2923,1
2924,11470
2924,11651
2924,12949
2924,12
2924,1
2925,1400
2925,12653
2925,12
2925,1
2927,12705
2927,12
2927,1
2928,12617
2928,8693
2928,12
2928,1
2929,12713
2929,12
2929,1
2930,4243
2930,5079
2930,12618
2930,2494
2930,12
2930,1
2931,13092
2931,12
2931,1
2932,328
2932,12867
2932,12
2932,1
2933,12729
2933,12
2933,1
2934,12867
2934,12
2934,1
2935,12977
2935,12
2935,1
2937,2863
2937,12953
2937,6287
2937,12
2937,1
2939,12622
2939,2090
2939,12
2939,1
2940,6867
2940,12953
2940,12
2940,1
2941,12866
2941,12
2941,1
2942,12618
2942,12
2942,1
2943,12939
2943,12
2943,1
2944,13097
2944,12
2944,1
2945,2864
2945,5548
2945,13099
2945,12
2945,1
2946,12784
2946,12
2946,1
2947,12574
2947,12575
2947,206
2947,1
2948,12696
2948,12
2948,1
2949,10786
2949,12472
2949,12
2949,1
2950,12512
2950,12
2950,1
2951,12709
2951,12
2951,1
2952,12641
2952,206
2952,1
2953,12895
2953,206
2953,1
2954,7814
2954,12475
2954,12
2954,1
2955,12627
2955,7923
2955,12
2955,1
2956,12733
2956,12
2956,1
2957,12617
2957,12
2957,1
2958,12704
2958,12
2958,1
2959,12620
2959,12
2959,1
2960,12724
2960,12
2960,1
2961,12942
2961,12
2961,1
2962,12874
2962,12
2962,1
2963,12926
2963,12
2963,1
2964,12616
2964,12
2964,1
2965,12739
2965,12
2965,1
2966,12807
2966,12
2966,1
2967,12479
2967,98
2967,12
2967,1
2968,12947
2968,8127
2968,12
2968,1
2969,12874
2969,12
2969,1
2970,12622
2970,12
2970,1
2971,12931
2971,3364
2971,3363
2971,3334
2971,3322
2971,3320
2971,3319
2971,3318
2971,3304
2971,3284
2971,3283
2971,3265
2971,3264
2971,3263
2971,3262
2971,3250
2971,3249
2971,3091
2971,3076
2971,3073
2971,3071
2971,3069
2971,3068
2971,3066
2971,3063
2971,3019
2971,12
2971,1
2972,13057
2972,12
2972,1
2973,12854
2973,6404
2973,1575
2973,12
2973,1
2974,12722
2974,8124
2974,12
2974,1
2975,12484
2975,6377
2975,529
2975,12
2975,1
2976,3032
2976,12774
2976,8034
2976,6774
2976,12
2976,1
2977,12713
2977,12
2977,1
2978,13107
2978,12
2978,1
2979,12972
2979,12973
2979,6380
2979,12
2979,1
2980,12970
2980,12
2980,1
2981,12533
2981,12
2981,1
2982,12537
2982,6913
2982,6757
2982,12
2982,1
2983,13055
2983,12
2983,1
2984,13055
2984,12
2984,1
2985,13014
2985,12
2985,1
2986,12979
2986,12
2986,1
2987,12483
2987,12
2987,1
2988,13103
2988,12
2988,1
2989,12622
2989,12
2989,1
2990,12431
2990,12480
2990,12481
2990,12
2990,1
2991,449
2991,10556
2991,12
2991,3
2992,12793
2992,12
2992,1
2993,12532
2993,12
2993,1
2994,12821
2994,12
2994,1
2995,12820
2995,12
2995,1
2996,12622
2996,12
2996,1
2997,12873
2997,6981
2997,12
2997,1
2999,6588
2999,12
2999,2
3000,13026
3000,13027
3000,12
3000,1
3001,2613
3001,3207
3001,3742
3001,4663
3001,4644
3001,4635
3001,4626
3001,4602
3001,4600
3001,4588
3001,4585
3001,12
3001,4
3004,12769
3004,12
3004,1
3005,12531
3005,292
3005,12
3005,1
3006,12891
3006,3433
3006,12
3006,1
3007,12963
3007,12
3007,1
3008,12714
3008,12
3008,1
3009,13059
3009,12
3009,1
3010,12529
3010,12
3010,1
3011,12935
3011,1414
3011,12
3011,1
3012,12770
3012,6841
3012,12
3012,1
3013,12927
3013,2825
3013,12
3013,1
3014,12527
3014,12
3014,1
3015,12015
3015,12748
3015,12
3015,1
3016,12535
3016,2039
3016,12
3016,1
3017,10811
3017,12
3017,3
3018,5134
3018,12
3018,2
3019,2411
3019,12
3019,5
3021,2896
3021,12
3021,2
3022,5675
3022,1051
3022,12
3022,2
3023,6402
3023,12
3023,2
3024,789
3024,12
3024,2
3026,10527
3026,32
3026,2
3027,2738
3027,12
3027,2
3028,1321
3028,12
3028,2
3029,3786
3029,12
3029,2
3030,3099
3030,12
3030,2
3031,3164
3031,12
3031,2
3032,2976
3032,12
3032,2
3034,605
3034,3179
3034,12
3034,2
3035,3184
3035,12
3035,3
3036,3189
3036,12
3036,2
3037,2162
3037,12
3037,2
3038,13082
3038,12
3038,1
3039,13084
3039,12
3039,1
3040,12720
3040,6467
3040,1249
3040,12
3040,1
3041,12683
3041,1378
3041,12
3041,1
3042,12744
3042,12
3042,1
3043,326
3043,6879
3043,13052
3043,12
3043,1
3044,12719
3044,6929
3044,12
3044,1
3046,1500
3046,7486
3046,32
3046,2
3047,12916
3047,12
3047,1
3048,12732
3048,12
3048,1
3049,12707
3049,665
3049,647
3049,12
3049,1
3050,13022
3050,12
3050,1
3051,13105
3051,12
3051,1
3052,12741
3052,8336
3052,74
3052,12
3052,1
3054,12556
3054,12
3054,1
3055,12474
3055,12
3055,1
3056,12924
3056,12
3056,1
3057,12568
3057,2442
3057,12
3057,1
3059,12886
3059,2766
3059,12
3059,1
3060,5566
3060,12926
3060,12
3060,1
3062,12889
3062,3492
3062,67
3062,12
3062,1
3063,12889
3063,12
3063,1
3064,13058
3064,12
3064,1
3066,12530
3066,8316
3066,8277
3066,8037
3066,7560
3066,7516
3066,7472
3066,12
3066,1
3067,13015
3067,12
3067,1
3068,12557
3068,12
3068,1
3069,12868
3069,7525
3069,7520
3069,7467
3069,7465
3069,7464
3069,7458
3069,7450
3069,7442
3069,268
3069,66
3069,65
3069,12
3069,1
3070,13052
3070,12
3070,1
3071,12892
3071,5609
3071,1947
3071,12
3071,1
3072,12880
3072,2749
3072,2746
3072,12
3072,1
3073,12569
3073,12570
3073,12
3073,1
3074,13062
3074,12
3074,1
3075,12570
3075,12
3075,1
3076,13062
3076,6768
3076,2730
3076,12
3076,1
3077,12885
3077,12
3077,1
3078,12578
3078,12579
3078,2077
3078,12
3078,1
3079,13093
3079,12
3079,1
3080,13063
3080,12
3080,1
3081,12872
3081,12
3081,1
3082,12673
3082,12
3082,1
3083,9535
3083,12581
3083,12
3083,1
3084,12475
3084,12
3084,1
3085,12486
3085,12
3085,1
3086,347
3086,12581
3086,12
3086,1
3087,12514
3087,12
3087,1
3088,12646
3088,12647
3088,12
3088,1
3089,12633
3089,2847
3089,545
3089,12
3089,1
3090,12646
3090,12647
3090,7961
3090,12
3090,1
3092,12644
3092,12
3092,1
3093,12640
3093,6921
3093,574
3093,12
3093,1
3094,12916
3094,8752
3094,8730
3094,12
3094,1
3095,12640
3095,12
3095,1
3096,1061
3096,12799
3096,12
3096,1
3097,12643
3097,12644
3097,7407
3097,12
3097,1
3098,12937
3098,12
3098,1
3099,3030
3099,12805
3099,12
3099,1
3100,9431
3100,12716
3100,12
3100,1
3101,13060
3101,2130
3101,12
3101,1
3102,13060
3102,8254
3102,12
3102,1
3103,12626
3103,12
3103,1
3104,12949
3104,12
3104,1
3105,1076
3105,12639
3105,12
3105,1
3106,12564
3106,1634
3106,12
3106,1
3107,3885
3107,12705
3107,12
3107,1
3108,12975
3108,12
3108,1
3109,13090
3109,113
3109,12
3109,1
3110,12976
3110,1938
3110,1293
3110,364
3110,12
3110,1
3111,13087
3111,12
3111,1
3112,12618
3112,12
3112,1
3113,12986
3113,1579
3113,485
3113,12
3113,1
3115,13014
3115,6259
3115,12
3115,1
3117,12489
3117,12
3117,1
3118,13094
3118,13095
3118,6959
3118,12
3118,1
3120,12638
3120,12
3120,1
3121,12574
3121,206
3121,1
3122,12637
3122,12
3122,1
3123,12575
3123,206
3123,1
3124,12813
3124,8053
3124,3676
3124,1902
3124,12
3124,1
3125,12813
3125,12
3125,1
3126,12513
3126,12
3126,1
3127,12696
3127,12
3127,1
3128,12472
3128,12
3128,1
3129,12890
3129,12
3129,1
3131,12512
3131,1486
3131,12
3131,1
3132,12476
3132,12
3132,1
3134,12702
3134,12
3134,1
3135,12576
3135,12
3135,1
3136,12724
3136,12
3136,1
3137,12620
3137,12
3137,1
3138,12944
3138,6781
3138,5743
3138,12
3138,1
3139,12475
3139,12
3139,1
3140,12475
3140,12
3140,1
3141,7323
3141,12
3141,2
3142,12627
3142,7924
3142,12
3142,1
3143,12733
3143,6645
3143,693
3143,12
3143,1
3144,13119
3144,12
3144,1
3145,12730
3145,12
3145,1
3146,13109
3146,12
3146,1
3147,12704
3147,12
3147,1
3148,12724
3148,12
3148,1
3149,12519
3149,12
3149,1
3150,12747
3150,12
3150,1
3151,10449
3151,12519
3151,12
3151,1
3152,13013
3152,12
3152,1
3153,12874
3153,12
3153,1
3154,12792
3154,12
3154,1
3155,8160
3155,12809
3155,12
3155,1
3156,12947
3156,636
3156,12
3156,1
3157,12729
3157,689
3157,12
3157,1
3158,10717
3158,12874
3158,12
3158,1
3159,12622
3159,2087
3159,12
3159,1
3160,12917
3160,6792
3160,12
3160,1
3161,13080
3161,7662
3161,7648
3161,12
3161,1
3162,12722
3162,8236
3162,12
3162,1
3164,3031
3164,12488
3164,12
3164,1
3165,12722
3165,12
3165,1
3166,12619
3166,557
3166,12
3166,1
3167,12509
3167,12
3167,1
3168,5678
3168,12941
3168,12
3168,1
3169,3657
3169,12
3169,2
3170,12941
3170,12
3170,1
3171,12971
3171,12
3171,1
3172,12533
3172,12
3172,1
3173,12967
3173,12
3173,1
3174,13055
3174,12
3174,1
3175,1798
3175,12968
3175,12969
3175,641
3175,12
3175,1
3176,12536
3176,12
3176,1
3177,6061
3177,13098
3177,12
3177,1
3178,13014
3178,12
3178,1
3179,3034
3179,12605
3179,12
3179,1
3180,12339
3180,12
3180,2
3181,13090
3181,6855
3181,12
3181,1
3182,13093
3182,12
3182,1
3184,3035
3184,5409
3184,629
3184,12
3184,2
3185,1975
3185,5344
3185,9364
3185,12
3185,2
3187,3187
3187,13025
3187,12
3187,1
3188,12891
3188,12
3188,1
3189,3036
3189,12926
3189,12
3189,1
3190,12935
3190,7988
3190,12
3190,1
3191,12900
3191,1925
3191,12
3191,1
3192,12469
3192,12
3192,1
3193,12927
3193,12
3193,1
3194,2023
3194,12
3194,3
3196,938
3196,12
3196,2
3198,7776
3198,12
3198,2
3199,6217
3199,12
3199,2
3200,3318
3200,12
3200,2
3201,10527
3201,32
3201,2
3202,3242
3202,12
3202,2
3203,3254
3203,12
3203,2
3204,3264
3204,12
3204,2
3205,1199
3205,12
3205,2
3206,2064
3206,12
3206,2
3207,3001
3207,3392
3207,12265
3207,4658
3207,4656
3207,4654
3207,4649
3207,4640
3207,4628
3207,4627
3207,4616
3207,4606
3207,4597
3207,4596
3207,12
3207,3
3209,4516
3209,12
3209,2
3210,9294
3210,11309
3210,12
3210,2
3211,9370
3211,199
3211,2
3213,5262
3213,737
3213,12
3213,2
3215,3780
3215,12
3215,2
3216,12936
3216,1416
3216,12
3216,1
3217,13082
3217,12
3217,1
3218,12684
3218,4692
3218,12
3218,1
3219,13084
3219,6358
3219,3615
3219,12
3219,1
3220,10481
3220,12
3220,2
3221,12620
3221,12
3221,1
3222,12797
3222,12798
3222,7786
3222,12
3222,1
3223,13052
3223,3209
3223,12
3223,1
3224,12699
3224,12
3224,1
3225,12573
3225,669
3225,12
3225,1
3226,12620
3226,12
3226,1
3228,12565
3228,12
3228,1
3230,12565
3230,12566
3230,12
3230,1
3231,13021
3231,12
3231,1
3232,12563
3232,12
3232,1
3233,12563
3233,12
3233,1
3234,12916
3234,12
3234,1
3235,12636
3235,12
3235,1
3236,12707
3236,2140
3236,12
3236,1
3237,3873
3237,12526
3237,12
3237,1
3238,6388
3238,12738
3238,12
3238,1
3239,12526
3239,1159
3239,12
3239,1
3240,13104
3240,12
3240,1
3242,3202
3242,12528
3242,126
3242,12
3242,1
3243,12771
3243,12
3243,1
3244,12528
3244,7681
3244,12
3244,1
3245,12474
3245,12
3245,1
3246,12870
3246,12
3246,1
3248,2477
3248,12924
3248,12
3248,1
3249,12741
3249,12
3249,1
3250,12924
3250,12
3250,1
3251,121
3251,12567
3251,12568
3251,12
3251,1
3252,12567
3252,12568
3252,12
3252,1
3253,13104
3253,13105
3253,8154
3253,12
3253,1
3254,514
3254,3203
3254,8298
3254,12934
3254,12
3254,1
3255,5566
3255,12926
3255,8407
3255,12
3255,1
3256,12926
3256,12
3256,1
3257,12896
3257,12
3257,1
3258,5683
3258,12892
3258,12
3258,1
3259,13015
3259,1435
3259,12
3259,1
3260,1049
3260,12952
3260,12
3260,1
3261,13052
3261,12
3261,1
3262,12880
3262,2746
3262,12
3262,1
3263,13143
3263,12
3263,1
3264,3204
3264,12484
3264,6435
3264,529
3264,12
3264,1
3265,13096
3265,12
3265,1
3266,12485
3266,12486
3266,513
3266,12
3266,1
3267,8933
3267,12933
3267,12
3267,1
3268,571
3268,13063
3268,12
3268,1
3269,12673
3269,12
3269,1
3270,12711
3270,7207
3270,12
3270,1
3271,12580
3271,12
3271,1
3272,7989
3272,12
3272,2
3273,214
3273,121
3273,12
3273,2
3274,12647
3274,12
3274,1
3275,5613
3275,12478
3275,12
3275,1
3276,1285
3276,12631
3276,7740
3276,7698
3276,12
3276,1
3277,13053
3277,12
3277,1
3278,13053
3278,1945
3278,1928
3278,12
3278,1
3279,12874
3279,12
3279,1
3280,12799
3280,12
3280,1
3281,12639
3281,2348
3281,1311
3281,12
3281,1
3282,13091
3282,12
3282,1
3283,13090
3283,7013
3283,12
3283,1
3284,12805
3284,12
3284,1
3285,2438
3285,12716
3285,12
3285,1
3286,12636
3286,12
3286,1
3287,13060
3287,7185
3287,12
3287,1
3288,13088
3288,12
3288,1
3289,12949
3289,12
3289,1
3290,12564
3290,1508
3290,12
3290,1
3291,12776
3291,12
3291,1
3292,12974
3292,12975
3292,12
3292,1
3293,13090
3293,12
3293,1
3294,12890
3294,12
3294,1
3296,12801
3296,12
3296,1
3298,13019
3298,488
3298,12
3298,1
3299,11159
3299,12817
3299,206
3299,1
3300,12879
3300,1548
3300,12
3300,1
3301,12489
3301,12490
3301,6394
3301,12
3301,1
3302,5651
3302,7082
3302,63
3302,2
3303,12866
3303,7252
3303,1222
3303,12
3303,1
3304,12618
3304,12
3304,1
3305,12939
3305,12
3305,1
3306,11871
3306,12
3306,2
3308,12637
3308,12638
3308,8679
3308,8442
3308,8353
3308,3578
3308,1312
3308,648
3308,12
3308,1
3309,12784
3309,12
3309,1
3310,12513
3310,12
3310,1
3311,12943
3311,7383
3311,7021
3311,6970
3311,6889
3311,3000
3311,12
3311,1
3312,12743
3312,199
3312,206
3312,1
3313,12943
3313,12
3313,1
3315,12709
3315,12
3315,1
3316,5357
3316,13093
3316,12
3316,1
3317,13093
3317,12
3317,1
3318,3200
3318,12559
3318,12
3318,1
3319,12702
3319,12
3319,1
3321,12577
3321,12
3321,1
3322,12887
3322,8307
3322,12
3322,1
3323,12475
3323,6980
3323,12
3323,1
3324,12573
3324,12
3324,1
3325,13108
3325,13109
3325,12
3325,1
3326,12730
3326,8364
3326,12
3326,1
3328,12792
3328,12
3328,1
3329,12622
3329,6437
3329,12
3329,1
3330,12874
3330,12
3330,1
3331,13090
3331,7357
3331,12
3331,1
3332,12712
3332,1502
3332,12
3332,1
3333,12616
3333,1172
3333,12
3333,1
3334,12957
3334,2717
3334,12
3334,1
3335,3387
3335,12739
3335,12
3335,1
3336,12739
3336,12
3336,1
3337,12947
3337,651
3337,12
3337,1
3338,13057
3338,12
3338,1
3339,12622
3339,12
3339,1
3340,5665
3340,12917
3340,12
3340,1
3341,12488
3341,12
3341,1
3342,12619
3342,12
3342,1
3343,8002
3343,199
3343,2
3344,12941
3344,8809
3344,6602
3344,12
3344,1
3346,7306
3346,13055
3346,12
3346,1
3347,12539
3347,12
3347,1
3348,13055
3348,12
3348,1
3349,12536
3349,12
3349,1
3350,12978
3350,12979
3350,12
3350,1
3351,13014
3351,12
3351,1
3352,12533
3352,653
3352,12
3352,1
3353,12481
3353,12
3353,1
3354,12480
3354,12481
3354,12
3354,1
3355,12794
3355,12
3355,1
3356,13090
3356,6734
3356,12
3356,1
3357,12492
3357,12
3357,1
3358,12821
3358,12
3358,1
3359,13093
3359,215
3359,12
3359,1
3360,13065
3360,332
3360,302
3360,12
3360,1
3362,1975
3362,6985
3362,7012
3362,9364
3362,12
3362,2
3363,12805
3363,12
3363,1
3364,12795
3364,12
3364,1
3365,13100
3365,13101
3365,2344
3365,12
3365,1
3367,12769
3367,258
3367,12
3367,1
3368,12935
3368,8169
3368,8010
3368,7927
3368,7656
3368,7636
3368,7616
3368,7588
3368,7555
3368,7535
3368,7510
3368,7466
3368,12
3368,1
3369,12891
3369,12
3369,1
3370,12963
3370,1519
3370,1451
3370,12
3370,1
3371,13059
3371,12
3371,1
3372,12962
3372,12
3372,1
3373,12935
3373,6441
3373,12
3373,1
3374,12877
3374,12
3374,1
3375,12916
3375,12
3375,1
3378,9678
3378,12
3378,2
3379,1716
3379,12
3379,2
3380,491
3380,12
3380,2
3381,5644
3381,724
3381,63
3381,2
3382,10527
3382,32
3382,2
3383,8229
3383,12
3383,2
3384,3780
3384,1421
3384,12
3384,2
3385,7610
3385,7748
3385,1795
3385,63
3385,2
3387,3335
3387,12
3387,2
3389,3492
3389,3803
3389,12
3389,2
3390,12233
3390,12
3390,2
3391,7463
3391,12
3391,2
3392,1973
3392,2038
3392,3207
3392,12223
3392,4659
3392,4651
3392,4650
3392,4645
3392,4636
3392,4633
3392,4625
3392,4623
3392,4613
3392,4608
3392,4605
3392,4589
3392,4587
3392,12
3392,2
3393,12936
3393,12
3393,1
3394,12675
3394,12
3394,1
3395,13082
3395,2482
3395,12
3395,1
3396,12720
3396,1176
3396,12
3396,1
3398,12875
3398,12
3398,1
3399,12620
3399,6923
3399,12
3399,1
3400,13085
3400,12
3400,1
3401,12719
3401,12
3401,1
3402,12775
3402,12
3402,1
3404,12566
3404,12
3404,1
3405,12891
3405,107
3405,12
3405,1
3406,12675
3406,12
3406,1
3407,9661
3407,12636
3407,12
3407,1
3408,12783
3408,12
3408,1
3409,12472
3409,8315
3409,12
3409,1
3410,12526
3410,12
3410,1
3411,8936
3411,12738
3411,620
3411,554
3411,12
3411,1
3412,12528
3412,12
3412,1
3413,12474
3413,12
3413,1
3414,12741
3414,2596
3414,74
3414,12
3414,1
3415,12584
3415,12
3415,1
3416,12681
3416,12
3416,1
3417,12687
3417,12
3417,1
3418,1353
3418,199
3418,2
3419,13015
3419,8071
3419,8026
3419,7936
3419,7832
3419,7829
3419,7542
3419,12
3419,1
3420,12557
3420,12
3420,1
3421,12958
3421,12
3421,1
3423,5609
3423,12
3423,3
3424,5591
3424,12570
3424,12
3424,1
3425,12938
3425,7717
3425,12
3425,1
3426,12479
3426,98
3426,12
3426,1
3427,12484
3427,12
3427,1
3428,12885
3428,12
3428,1
3429,13067
3429,12
3429,1
3430,12579
3430,12
3430,1
3431,12485
3431,12486
3431,12
3431,1
3432,12578
3432,12
3432,1
3433,12579
3433,12
3433,1
3434,13017
3434,12
3434,1
3435,13017
3435,12
3435,1
3436,12514
3436,12
3436,1
3437,214
3437,12
3437,2
3438,12478
3438,12
3438,1
3439,12647
3439,12
3439,1
3440,12631
3440,12
3440,1
3441,12639
3441,12
3441,1
3442,13091
3442,12
3442,1
3443,12799
3443,12800
3443,12
3443,1
3444,12805
3444,7022
3444,12
3444,1
3445,13088
3445,12
3445,1
3446,13060
3446,8489
3446,6800
3446,5599
3446,5588
3446,5502
3446,5387
3446,3510
3446,2788
3446,1828
3446,1779
3446,12
3446,1
3447,12626
3447,12
3447,1
3448,12949
3448,12
3448,1
3449,12776
3449,7959
3449,12
3449,1
3450,12564
3450,1629
3450,12
3450,1
3451,12776
3451,12
3451,1
3452,12965
3452,12
3452,1
3453,8143
3453,12617
3453,12
3453,1
3454,12713
3454,2169
3454,12
3454,1
3455,12890
3455,1276
3455,12
3455,1
3456,12618
3456,12
3456,1
3457,12729
3457,12
3457,1
3459,12977
3459,12
3459,1
3460,12953
3460,12
3460,1
3461,12879
3461,7831
3461,12
3461,1
3463,12866
3463,12
3463,1
3464,13095
3464,12
3464,1
3465,12890
3465,12
3465,1
3466,12637
3466,12638
3466,1235
3466,12
3466,1
3467,12513
3467,12
3467,1
3468,12513
3468,12
3468,1
3469,12943
3469,12
3469,1
3470,12512
3470,12
3470,1
3472,13094
3472,12
3472,1
3473,12512
3473,12
3473,1
3474,12702
3474,12
3474,1
3475,12887
3475,6156
3475,6149
3475,3205
3475,12
3475,1
3476,12876
3476,8698
3476,6814
3476,2564
3476,1922
3476,331
3476,12
3476,1
3477,12475
3477,7210
3477,12
3477,1
3478,12733
3478,12
3478,1
3479,13119
3479,8382
3479,12
3479,1
3480,1794
3480,12573
3480,12
3480,1
3481,12730
3481,7359
3481,6737
3481,6619
3481,12
3481,1
3482,12730
3482,12
3482,1
3483,13108
3483,12
3483,1
3484,13109
3484,12
3484,1
3485,12620
3485,12
3485,1
3486,12898
3486,12
3486,1
3487,12942
3487,12
3487,1
3488,12951
3488,8151
3488,12
3488,1
3489,12519
3489,227
3489,12
3489,1
3490,13013
3490,12
3490,1
3491,12712
3491,8106
3491,12
3491,1
3492,3389
3492,12809
3492,12810
3492,142
3492,12
3492,1
3493,12676
3493,12
3493,1
3494,12957
3494,1189
3494,12
3494,1
3495,12957
3495,12
3495,1
3496,12721
3496,12
3496,1
3497,12947
3497,12
3497,1
3499,12947
3499,12
3499,1
3500,12740
3500,12
3500,1
3501,12788
3501,3231
3501,3229
3501,3227
3501,3192
3501,3050
3501,3049
3501,12
3501,1
3502,12917
3502,12
3502,1
3503,13080
3503,12
3503,1
3504,12722
3504,12
3504,1
3505,12774
3505,12
3505,1
3506,12619
3506,12
3506,1
3507,12721
3507,2783
3507,12
3507,1
3508,12941
3508,12
3508,1
3509,12971
3509,12
3509,1
3510,5726
3510,12704
3510,12
3510,1
3511,12967
3511,12
3511,1
3512,104
3512,1066
3512,9413
3512,11425
3512,12537
3512,12
3512,1
3513,12985
3513,367
3513,12
3513,1
3514,12536
3514,6865
3514,64
3514,12
3514,1
3515,13055
3515,2752
3515,12
3515,1
3516,13014
3516,12
3516,1
3517,13014
3517,1419
3517,12
3517,1
3518,12483
3518,12
3518,1
3519,12918
3519,12
3519,1
3520,6394
3520,12823
3520,8536
3520,8434
3520,8358
3520,12
3520,1
3521,12481
3521,12
3521,1
3522,12794
3522,12
3522,1
3523,12794
3523,12
3523,1
3524,449
3524,12
3524,3
3525,11211
3525,13103
3525,12
3525,1
3526,12492
3526,12
3526,1
3527,13064
3527,588
3527,12
3527,1
3529,1975
3529,9364
3529,12412
3529,12437
3529,12
3529,2
3530,275
3530,12494
3530,12
3530,1
3531,13100
3531,12
3531,1
3534,12891
3534,12
3534,1
3535,12534
3535,6386
3535,291
3535,12
3535,1
3536,13059
3536,1932
3536,12
3536,1
3537,12962
3537,12
3537,1
3538,12469
3538,12
3538,1
3539,2277
3539,12536
3539,64
3539,12
3539,1
3540,5402
3540,9570
3540,12
3540,2
3541,1455
3541,12
3541,2
3542,1253
3542,12
3542,2
3544,6926
3544,727
3544,12
3544,2
3548,13084
3548,7251
3548,3436
3548,2448
3548,654
3548,12
3548,1
3549,12875
3549,12
3549,1
3550,12620
3550,6718
3550,12
3550,1
3551,13057
3551,12
3551,1
3552,12675
3552,12
3552,1
3553,12775
3553,7903
3553,12
3553,1
3554,667
3554,12565
3554,12
3554,1
3555,13022
3555,12
3555,1
3556,12916
3556,12
3556,1
3557,12674
3557,709
3557,12
3557,1
3558,12707
3558,12
3558,1
3559,12783
3559,592
3559,12
3559,1
3560,12621
3560,12
3560,1
3563,12950
3563,12
3563,1
3565,12771
3565,12
3565,1
3566,5577
3566,13029
3566,12
3566,1
3567,12568
3567,12
3567,1
3568,12924
3568,12
3568,1
3569,12568
3569,12
3569,1
3570,12708
3570,12
3570,1
3571,12926
3571,12
3571,1
3572,12681
3572,12
3572,1
3573,12889
3573,12
3573,1
3574,123
3574,12892
3574,12
3574,1
3575,13015
3575,7297
3575,12
3575,1
3576,12557
3576,12
3576,1
3577,12680
3577,12
3577,1
3578,12557
3578,2754
3578,2019
3578,1328
3578,203
3578,12
3578,1
3579,12868
3579,12
3579,1
3580,12570
3580,12
3580,1
3581,12710
3581,12
3581,1
3582,13062
3582,12
3582,1
3583,12570
3583,12
3583,1
3584,12885
3584,12
3584,1
3585,9668
3585,12579
3585,12
3585,1
3586,12885
3586,3198
3586,12
3586,1
3588,12579
3588,12
3588,1
3589,13093
3589,12
3589,1
3590,7530
3590,12787
3590,12
3590,1
3591,12958
3591,6842
3591,12
3591,1
3593,12581
3593,12
3593,1
3594,12580
3594,12581
3594,8745
3594,12
3594,1
3595,12514
3595,7885
3595,12
3595,1
3596,12514
3596,12
3596,1
3597,12478
3597,3618
3597,12
3597,1
3598,12647
3598,12
3598,1
3599,12646
3599,12
3599,1
3600,4427
3600,13053
3600,12
3600,1
3601,12874
3601,12
3601,1
3602,12799
3602,12800
3602,1157
3602,12
3602,1
3603,12937
3603,12
3603,1
3604,13090
3604,12
3604,1
3605,12716
3605,116
3605,12
3605,1
3606,12636
3606,3389
3606,12
3606,1
3607,12949
3607,12
3607,1
3608,12966
3608,12
3608,1
3609,12705
3609,12
3609,1
3610,12976
3610,1938
3610,12
3610,1
3611,13009
3611,6140
3611,12
3611,1
3612,13092
3612,12
3612,1
3613,12867
3613,12
3613,1
3614,13020
3614,12
3614,1
3615,12801
3615,12802
3615,2720
3615,12
3615,1
3616,11612
3616,12981
3616,12
3616,1
3617,13020
3617,6194
3617,12
3617,1
3619,12801
3619,12802
3619,130
3619,12
3619,1
3620,12866
3620,12
3620,1
3621,13094
3621,12
3621,1
3622,12490
3622,12
3622,1
3623,12890
3623,12
3623,1
3624,12939
3624,12
3624,1
3625,12939
3625,12
3625,1
3626,12574
3626,12575
3626,1147
3626,206
3626,1
3627,12813
3627,5548
3627,12
3627,1
3628,12943
3628,8794
3628,12
3628,1
3629,12696
3629,12
3629,1
3630,13093
3630,12
3630,1
3631,12702
3631,12
3631,1
3632,12895
3632,206
3632,1
3633,12577
3633,12
3633,1
3634,12634
3634,12
3634,1
3635,12887
3635,12
3635,1
3636,12475
3636,12
3636,1
3637,12627
3637,12
3637,1
3638,11833
3638,12733
3638,12
3638,1
3639,13119
3639,12
3639,1
3640,11241
3640,13108
3640,13109
3640,12
3640,1
3641,12942
3641,12
3641,1
3642,12951
3642,472
3642,12
3642,1
3643,12942
3643,12
3643,1
3644,12519
3644,12
3644,1
3645,12622
3645,12
3645,1
3646,13013
3646,8089
3646,7855
3646,12
3646,1
3647,12874
3647,12
3647,1
3648,12616
3648,12
3648,1
3649,12809
3649,6184
3649,12
3649,1
3650,12676
3650,12
3650,1
3651,6115
3651,12739
3651,12
3651,1
3652,12729
3652,12
3652,1
3653,12788
3653,3080
3653,3078
3653,12
3653,1
3654,5666
3654,12917
3654,12
3654,1
3655,5696
3655,12773
3655,12
3655,1
3656,1592
3656,13080
3656,12
3656,1
3657,3169
3657,12773
3657,12
3657,1
3658,12898
3658,12
3658,1
3660,12941
3660,12
3660,1
3661,12704
3661,12
3661,1
3663,13103
3663,12
3663,1
3664,12537
3664,12
3664,1
3665,13096
3665,12
3665,1
3666,107
3666,12968
3666,12
3666,1
3667,12536
3667,12
3667,1
3668,11649
3668,12
3668,2
3669,13103
3669,12
3669,1
3670,12480
3670,12481
3670,7551
3670,12
3670,1
3672,12793
3672,12
3672,1
3673,12491
3673,12492
3673,519
3673,12
3673,1
3674,7018
3674,12821
3674,12
3674,1
3676,12623
3676,12
3676,1
3678,12862
3678,12
3678,1
3679,12963
3679,12
3679,1
3680,12534
3680,6728
3680,4579
3680,2799
3680,291
3680,12
3680,1
3681,12891
3681,12
3681,1
3682,12982
3682,12
3682,1
3683,13059
3683,12
3683,1
3684,12731
3684,12
3684,1
3685,12962
3685,12
3685,1
3686,12918
3686,409
3686,12
3686,1
3687,12877
3687,12
3687,1
3688,12916
3688,12
3688,1
3689,12537
3689,12
3689,1
3690,12927
3690,12
3690,1
3691,2277
3691,12536
3691,64
3691,12
3691,1
3692,1495
3692,6329
3692,6450
3692,6622
3692,6805
3692,7984
3692,8302
3692,8538
3692,9771
3692,9966
3692,12883
3692,7292
3692,7290
3692,1269
3692,12
3692,1
3696,9998
3696,12
3696,2
3699,2063
3699,12
3699,2
3700,605
3700,1576
3700,12
3700,2
3701,4752
3701,12
3701,2
3702,5262
3702,12
3702,2
3703,13048
3703,13126
3703,13127
3703,13129
3703,13135
3703,13136
3703,13137
3703,13138
3703,1882
3703,1231
3703,1197
3703,1038
3703,639
3703,581
3703,576
3703,510
3703,438
3703,435
3703,416
3703,304
3703,284
3703,192
3703,12
3703,1
3704,5644
3704,63
3704,2
3705,867
3705,6394
3705,12034
3705,2685
3705,12
3705,2
3706,10449
3706,12
3706,3
3707,3830
3707,12
3707,3
3708,9273
3708,12
3708,2
3709,765
3709,63
3709,2
3710,3833
3710,12
3710,2
3712,3840
3712,10731
3712,12
3712,2
3713,2182
3713,5532
3713,8132
3713,8921
3713,9407
3713,10082
3713,10581
3713,10761
3713,10809
3713,11831
3713,12257
3713,12426
3713,13054
3713,12
3713,1
3714,5675
3714,63
3714,2
3715,10880
3715,12
3715,2
3716,1045
3716,12
3716,2
3717,12936
3717,6412
3717,6385
3717,12
3717,1
3718,7838
3718,12684
3718,12
3718,1
3719,12552
3719,12
3719,1
3720,12720
3720,2262
3720,12
3720,1
3721,9635
3721,12
3721,3
3722,7172
3722,9143
3722,4547
3722,4495
3722,4490
3722,4463
3722,4380
3722,4372
3722,4339
3722,4327
3722,4314
3722,4310
3722,12
3722,2
3723,12697
3723,12
3723,1
3724,13057
3724,12
3724,1
3725,12775
3725,12
3725,1
3727,621
3727,4784
3727,4749
3727,12
3727,5
3728,610
3728,8228
3728,32
3728,2
3729,10513
3729,12
3729,5
3730,12565
3730,12566
3730,6942
3730,12
3730,1
3731,10626
3731,7868
3731,32
3731,2
3732,12917
3732,12
3732,1
3733,12561
3733,12
3733,1
3734,8429
3734,4465
3734,4441
3734,4430
3734,4366
3734,4360
3734,4344
3734,12
3734,2
3736,10558
3736,5959
3736,5907
3736,5843
3736,3522
3736,539
3736,12
3736,2
3737,5503
3737,12533
3737,12
3737,1
3738,12788
3738,12
3738,1
3739,8607
3739,12
3739,2
3740,12783
3740,12
3740,1
3741,12617
3741,12
3741,1
3742,3001
3742,4591
3742,12
3742,5
3743,12526
3743,1917
3743,12
3743,1
3744,5893
3744,12
3744,2
3745,12528
3745,12
3745,1
3746,12771
3746,8808
3746,12
3746,1
3747,12556
3747,579
3747,12
3747,1
3748,12474
3748,12
3748,1
3749,12567
3749,12568
3749,3167
3749,12
3749,1
3750,13029
3750,12
3750,1
3751,12886
3751,12
3751,1
3752,12708
3752,12
3752,1
3753,12886
3753,12
3753,1
3754,12934
3754,7737
3754,7723
3754,7686
3754,7533
3754,7485
3754,7449
3754,12
3754,1
3755,4534
3755,12
3755,2
3756,12892
3756,12
3756,1
3757,13015
3757,7729
3757,12
3757,1
3758,12938
3758,12
3758,1
3759,12479
3759,12
3759,1
3760,13062
3760,12
3760,1
3761,12484
3761,12
3761,1
3762,5960
3762,13067
3762,12
3762,1
3763,10367
3763,12
3763,2
3764,12579
3764,12
3764,1
3765,12787
3765,12
3765,1
3767,12475
3767,12
3767,1
3768,3985
3768,8367
3768,2876
3768,12
3768,2
3769,13053
3769,12
3769,1
3770,13091
3770,8604
3770,2285
3770,12
3770,1
3771,12937
3771,4174
3771,4062
3771,3677
3771,12
3771,1
3772,13088
3772,12
3772,1
3773,13060
3773,7572
3773,7538
3773,7489
3773,7455
3773,7446
3773,7418
3773,12
3773,1
3774,13088
3774,12
3774,1
3776,2352
3776,12
3776,5
3778,7637
3778,10157
3778,12122
3778,7105
3778,7104
3778,7098
3778,6829
3778,12
3778,2
3779,12949
3779,12
3779,1
3780,283
3780,287
3780,304
3780,307
3780,339
3780,341
3780,376
3780,377
3780,379
3780,382
3780,1200
3780,1404
3780,1595
3780,1785
3780,1985
3780,3215
3780,3384
3780,4087
3780,4626
3780,5740
3780,5758
3780,6093
3780,6094
3780,7165
3780,7821
3780,8092
3780,9864
3780,10823
3780,12989
3780,7807
3780,7764
3780,7738
3780,7716
3780,7710
3780,7709
3780,7697
3780,7692
3780,7140
3780,7100
3780,7096
3780,7095
3780,7094
3780,7086
3780,7047
3780,7019
3780,6998
3780,6993
3780,1854
3780,1808
3780,1755
3780,1726
3780,1718
3780,1707
3780,1705
3780,1682
3780,1680
3780,1679
3780,1677
3780,1675
3780,1673
3780,1668
3780,1665
3780,1664
3780,1663
3780,1656
3780,1652
3780,1651
3780,1646
3780,1645
3780,1643
3780,1641
3780,1633
3780,1624
3780,1622
3780,1609
3780,1606
3780,1594
3780,1592
3780,1586
3780,1572
3780,1568
3780,1554
3780,1550
3780,1546
3780,1542
3780,1540
3780,1538
3780,1530
3780,1528
3780,1523
3780,1522
3780,1512
3780,1511
3780,1504
3780,1503
3780,1500
3780,1499
3780,1497
3780,1495
3780,1485
3780,1483
3780,1480
3780,1475
3780,1473
3780,1465
3780,1463
3780,1459
3780,1453
3780,1449
3780,1448
3780,1445
3780,1444
3780,1438
3780,1422
3780,1412
3780,1407
3780,1402
3780,1400
3780,1394
3780,1390
3780,1389
3780,1017
3780,939
3780,12
3780,1
3781,13087
3781,8811
3781,12
3781,1
3782,13087
3782,12
3782,1
3783,10382
3783,649
3783,12
3783,2
3784,13092
3784,12
3784,1
3785,12802
3785,12
3785,1
3786,3029
3786,12977
3786,12
3786,1
3789,12490
3789,12
3789,1
3790,5551
3790,12866
3790,12
3790,1
3791,13094
3791,12
3791,1
3792,12890
3792,8817
3792,496
3792,12
3792,1
3793,12618
3793,12
3793,1
3794,9862
3794,12939
3794,1678
3794,1618
3794,1616
3794,1614
3794,1613
3794,12
3794,1
3795,12489
3795,12490
3795,3680
3795,12
3795,1
3796,13098
3796,12
3796,1
3797,12637
3797,12638
3797,6911
3797,12
3797,1
3798,12784
3798,12
3798,1
3799,12813
3799,2598
3799,12
3799,1
3800,12472
3800,12
3800,1
3801,12476
3801,12
3801,1
3802,12512
3802,176
3802,12
3802,1
3803,3389
3803,12811
3803,12812
3803,7298
3803,3512
3803,1179
3803,12
3803,1
3805,12709
3805,12
3805,1
3806,13093
3806,12
3806,1
3807,12702
3807,12
3807,1
3808,12724
3808,12
3808,1
3809,12876
3809,12
3809,1
3810,10068
3810,13119
3810,12
3810,1
3811,12730
3811,12
3811,1
3812,8176
3812,12620
3812,12
3812,1
3813,12488
3813,12
3813,1
3814,12747
3814,12
3814,1
3815,12807
3815,12
3815,1
3816,13013
3816,12
3816,1
3817,12874
3817,12
3817,1
3818,12676
3818,1131
3818,12
3818,1
3820,495
3820,12
3820,2
3821,8775
3821,12
3821,2
3822,13062
3822,3324
3822,3306
3822,3238
3822,3094
3822,3093
3822,3043
3822,3020
3822,12
3822,1
3823,13080
3823,8281
3823,12
3823,1
3824,12722
3824,7769
3824,6770
3824,6733
3824,3517
3824,3031
3824,2786
3824,12
3824,1
3825,12774
3825,12
3825,1
3827,12967
3827,26
3827,12
3827,1
3828,12537
3828,12
3828,1
3829,12536
3829,12
3829,1
3830,3707
3830,6930
3830,12
3830,2
3831,12622
3831,12
3831,1
3832,12793
3832,12
3832,1
3833,3710
3833,12793
3833,12794
3833,12
3833,1
3834,11943
3834,12492
3834,12
3834,1
3835,6980
3835,7010
3835,8428
3835,12
3835,2
3836,13064
3836,12
3836,1
3837,618
3837,1991
3837,6877
3837,4896
3837,4882
3837,12
3837,3
3839,13065
3839,594
3839,12
3839,1
3840,3712
3840,12530
3840,12
3840,1
3841,12623
3841,12
3841,1
3842,4051
3842,10590
3842,12223
3842,4639
3842,4631
3842,4604
3842,4599
3842,12
3842,2
3843,12877
3843,12
3843,1
3845,13101
3845,12
3845,1
3846,13025
3846,12
3846,1
3848,12935
3848,12
3848,1
3850,4095
3850,5683
3850,5654
3850,5475
3850,5406
3850,12
3850,3
3851,11584
3851,11784
3851,5726
3851,5702
3851,5663
3851,5481
3851,5469
3851,12
3851,4
3852,12891
3852,12
3852,1
3853,13059
3853,12
3853,1
3855,1989
3855,6083
3855,6069
3855,6005
3855,5838
3855,5789
3855,12
3855,4
3856,12918
3856,6362
3856,12
3856,1
3857,12534
3857,12
3857,1
3858,12877
3858,8647
3858,6797
3858,1330
3858,1223
3858,12
3858,1
3859,12469
3859,12
3859,1
3860,11245
3860,4004
3860,4001
3860,3992
3860,3927
3860,3899
3860,3868
3860,3813
3860,3779
3860,3756
3860,3751
3860,3732
3860,3712
3860,12
3860,3
3861,12786
3861,12
3861,1
3862,12187
3862,12222
3862,5104
3862,5097
3862,5059
3862,5056
3862,5045
3862,5015
3862,4864
3862,12
3862,3
3863,11244
3863,5356
3863,5353
3863,5318
3863,5263
3863,5254
3863,5234
3863,5212
3863,5201
3863,5185
3863,5153
3863,12
3863,4
3864,12527
3864,2223
3864,12
3864,1
3865,6973
3865,5324
3865,5248
3865,5244
3865,5229
3865,5197
3865,5190
3865,5183
3865,5155
3865,12
3865,4
3866,9635
3866,12
3866,3
3867,7172
3867,9143
3867,4507
3867,4371
3867,4307
3867,12
3867,2
3868,610
3868,7732
3868,32
3868,2
3869,8429
3869,4544
3869,4487
3869,4478
3869,4469
3869,4452
3869,4338
3869,12
3869,2
3870,10558
3870,6106
3870,5930
3870,3522
3870,539
3870,12
3870,2
3872,5244
3872,8015
3872,12
3872,2
3873,3237
3873,5706
3873,12
3873,2
3874,7149
3874,12
3874,2
3875,4095
3875,5605
3875,5602
3875,5450
3875,5442
3875,12
3875,3
3876,11584
3876,11784
3876,5707
3876,5614
3876,5595
3876,5565
3876,5525
3876,5523
3876,5403
3876,5394
3876,12
3876,4
3877,1989
3877,12
3877,4
3878,11245
3878,3999
3878,3984
3878,3938
3878,3824
3878,3815
3878,3805
3878,3801
3878,3753
3878,3748
3878,3731
3878,12
3878,3
3879,12187
3879,12222
3879,5108
3879,5062
3879,5029
3879,4947
3879,4936
3879,4926
3879,12
3879,3
3880,11244
3880,5333
3880,5310
3880,5258
3880,5214
3880,5198
3880,5186
3880,5164
3880,12
3880,4
3881,6973
3881,5368
3881,5367
3881,5334
3881,5249
3881,5215
3881,5207
3881,4878
3881,12
3881,4
3882,8165
3882,12
3882,3
3883,9635
3883,12
3883,3
3884,1687
3884,12
3884,2
3885,3107
3885,12
3885,2
3887,4095
3887,5626
3887,5606
3887,5515
3887,5399
3887,5392
3887,5386
3887,12
3887,3
3888,11584
3888,11784
3888,5723
3888,5701
3888,5698
3888,5674
3888,5567
3888,5498
3888,5440
3888,5418
3888,5417
3888,5395
3888,5376
3888,12
3888,4
3889,12187
3889,12222
3889,5088
3889,5077
3889,4980
3889,4952
3889,4917
3889,12
3889,3
3890,11244
3890,5262
3890,5217
3890,5160
3890,12
3890,4
3891,9635
3891,12
3891,3
3892,11242
3892,13048
3892,13126
3892,13127
3892,13129
3892,13135
3892,13136
3892,13137
3892,13138
3892,1882
3892,1231
3892,639
3892,581
3892,576
3892,438
3892,435
3892,416
3892,391
3892,304
3892,284
3892,192
3892,12
3892,1
3893,5254
3893,12
3893,2
3895,1419
3895,12
3895,2
3897,3988
3897,12
3897,2
3899,4008
3899,12
3899,2
3900,4025
3900,12
3900,2
3901,5675
3901,1819
3901,12
3901,2
3902,4040
3902,12
3902,2
3903,4044
3903,4222
3903,12
3903,2
3904,4050
3904,4878
3904,12
3904,2
3905,4095
3905,5705
3905,5560
3905,12
3905,3
3906,11584
3906,11784
3906,5738
3906,5652
3906,5608
3906,5562
3906,5546
3906,5527
3906,5512
3906,5472
3906,5451
3906,5449
3906,5446
3906,5413
3906,5412
3906,12
3906,4
3907,12132
3907,12
3907,2
3908,11244
3908,5350
3908,5298
3908,5210
3908,5181
3908,12
3908,4
3909,12940
3909,12
3909,1
3910,5010
3910,8942
3910,10822
3910,12940
3910,401
3910,12
3910,1
3911,12473
3911,8216
3911,12
3911,1
3912,12875
3912,8708
3912,12
3912,1
3914,13085
3914,12
3914,1
3916,12700
3916,12
3916,1
3917,12474
3917,12
3917,1
3918,2230
3918,4288
3918,12
3918,3
3919,12775
3919,12
3919,1
3920,7709
3920,12565
3920,12566
3920,8299
3920,8247
3920,8171
3920,8113
3920,8105
3920,8061
3920,8038
3920,7971
3920,7935
3920,7928
3920,7816
3920,7695
3920,7657
3920,7632
3920,7606
3920,7598
3920,7580
3920,7573
3920,7547
3920,7541
3920,7539
3920,7499
3920,7490
3920,7424
3920,7395
3920,1654
3920,12
3920,1
3921,13022
3921,453
3921,12
3921,1
3922,12560
3922,12
3922,1
3923,12916
3923,12
3923,1
3924,12674
3924,12
3924,1
3925,12732
3925,12
3925,1
3926,5583
3926,12707
3926,12
3926,1
3927,12783
3927,12
3927,1
3928,12621
3928,8831
3928,12
3928,1
3929,12526
3929,12
3929,1
3930,13105
3930,12
3930,1
3932,12473
3932,12
3932,1
3933,6641
3933,12556
3933,12
3933,1
3934,12474
3934,12
3934,1
3935,12870
3935,12
3935,1
3936,13029
3936,12
3936,1
3937,12567
3937,12568
3937,6943
3937,6894
3937,12
3937,1
3938,13104
3938,12
3938,1
3940,12934
3940,12
3940,1
3941,12584
3941,8735
3941,7673
3941,4571
3941,626
3941,12
3941,1
3942,12926
3942,12
3942,1
3943,12896
3943,12
3943,1
3944,12892
3944,12
3944,1
3946,5801
3946,12682
3946,12
3946,1
3947,12952
3947,12
3947,1
3948,12868
3948,12
3948,1
3949,12958
3949,12
3949,1
3950,12479
3950,12
3950,1
3951,12938
3951,12
3951,1
3952,12710
3952,8109
3952,12
3952,1
3953,12484
3953,12
3953,1
3954,13067
3954,12
3954,1
3955,13096
3955,12
3955,1
3956,12885
3956,12
3956,1
3957,13096
3957,8357
3957,12
3957,1
3958,1782
3958,12933
3958,12
3958,1
3959,8929
3959,12579
3959,12
3959,1
3960,13063
3960,2191
3960,12
3960,1
3961,12787
3961,12
3961,1
3962,12673
3962,3612
3962,3605
3962,12
3962,1
3963,13017
3963,8732
3963,8673
3963,6723
3963,6671
3963,12
3963,1
3964,12475
3964,12
3964,1
3965,12580
3965,12581
3965,264
3965,12
3965,1
3966,12514
3966,1706
3966,1411
3966,12
3966,1
3967,6408
3967,12514
3967,12
3967,1
3968,12633
3968,1631
3968,545
3968,12
3968,1
3969,12647
3969,12
3969,1
3970,12956
3970,12
3970,1
3971,12644
3971,12
3971,1
3972,12916
3972,12
3972,1
3973,13091
3973,12
3973,1
3974,12799
3974,12
3974,1
3975,12636
3975,12
3975,1
3976,13060
3976,8305
3976,12
3976,1
3977,872
3977,12626
3977,12
3977,1
3979,12564
3979,12
3979,1
3981,9167
3981,12564
3981,12
3981,1
3982,12656
3982,12
3982,1
3983,12713
3983,747
3983,12
3983,1
3984,12890
3984,6755
3984,12
3984,1
3985,3768
3985,12986
3985,12
3985,1
3986,13019
3986,12
3986,1
3987,12802
3987,12
3987,1
3988,3897
3988,12866
3988,12
3988,1
3989,12879
3989,8280
3989,12
3989,1
3990,12866
3990,12
3990,1
3991,12890
3991,12
3991,1
3992,12939
3992,8743
3992,12
3992,1
3993,12816
3993,12817
3993,206
3993,1
3994,13097
3994,13098
3994,6906
3994,12
3994,1
3995,12574
3995,12575
3995,1082
3995,206
3995,1
3996,12813
3996,12
3996,1
3997,12513
3997,12
3997,1
3998,12476
3998,12
3998,1
3999,12512
3999,12
3999,1
4000,12476
4000,12
4000,1
4001,12811
4001,12812
4001,3512
4001,3212
4001,12
4001,1
4003,12895
4003,206
4003,1
4004,12887
4004,6158
4004,12
4004,1
4005,12876
4005,7810
4005,12
4005,1
4006,12571
4006,4727
4006,44
4006,12
4006,1
4007,12876
4007,8504
4007,1973
4007,1918
4007,12
4007,1
4008,3899
4008,12627
4008,1608
4008,12
4008,1
4009,13109
4009,12
4009,1
4010,7544
4010,7645
4010,9447
4010,12730
4010,6415
4010,12
4010,1
4011,13108
4011,12
4011,1
4012,7835
4012,12617
4012,12
4012,1
4013,12620
4013,12
4013,1
4014,12942
4014,12
4014,1
4016,12942
4016,12
4016,1
4017,8373
4017,12
4017,2
4019,12739
4019,7216
4019,12
4019,1
4020,12957
4020,12
4020,1
4021,12740
4021,12
4021,1
4022,12948
4022,12
4022,1
4023,13062
4023,3325
4023,3257
4023,3117
4023,3032
4023,12
4023,1
4024,13057
4024,12
4024,1
4025,3900
4025,12874
4025,12
4025,1
4026,12622
4026,12
4026,1
4027,13126
4027,6504
4027,6503
4027,6502
4027,6450
4027,2390
4027,2356
4027,2355
4027,2354
4027,2353
4027,2351
4027,2331
4027,2329
4027,2328
4027,2325
4027,2324
4027,2303
4027,2302
4027,2299
4027,2298
4027,2297
4027,2295
4027,2294
4027,2284
4027,2279
4027,2277
4027,2246
4027,2245
4027,2227
4027,2222
4027,2220
4027,2194
4027,2181
4027,2177
4027,2171
4027,2168
4027,2166
4027,2122
4027,2080
4027,2078
4027,2072
4027,2071
4027,2068
4027,2066
4027,2064
4027,2063
4027,2059
4027,2058
4027,2054
4027,400
4027,304
4027,12
4027,1
4028,12917
4028,12
4028,1
4029,12773
4029,12
4029,1
4030,12722
4030,12
4030,1
4031,13106
4031,13107
4031,6955
4031,12
4031,1
4032,12721
4032,8125
4032,12
4032,1
4034,12704
4034,12
4034,1
4035,12537
4035,12
4035,1
4036,12537
4036,12
4036,1
4037,12968
4037,12
4037,1
4038,13055
4038,12
4038,1
4039,12536
4039,64
4039,12
4039,1
4040,3902
4040,13014
4040,12
4040,1
4041,12482
4041,12483
4041,450
4041,12
4041,1
4043,12622
4043,12
4043,1
4044,3903
4044,12532
4044,12
4044,1
4045,12492
4045,12
4045,1
4046,12820
4046,12
4046,1
4048,618
4048,1991
4048,8438
4048,5014
4048,4893
4048,4856
4048,12
4048,3
4049,13027
4049,12
4049,1
4050,3904
4050,13055
4050,12
4050,1
4051,688
4051,2189
4051,3842
4051,6895
4051,7005
4051,12
4051,2
4052,13025
4052,8622
4052,12
4052,1
4054,12531
4054,12
4054,1
4056,12891
4056,12
4056,1
4057,12963
4057,12
4057,1
4058,12714
4058,1967
4058,12
4058,1
4059,12534
4059,4159
4059,291
4059,12
4059,1
4060,12786
4060,12
4060,1
4061,12680
4061,12
4061,1
4062,5616
4062,12927
4062,12
4062,1
4063,11244
4063,5366
4063,5315
4063,5314
4063,5281
4063,5240
4063,5228
4063,5202
4063,5175
4063,5151
4063,12
4063,4
4064,1801
4064,12683
4064,12
4064,1
4065,2230
4065,12
4065,3
4068,11244
4068,5362
4068,5348
4068,5331
4068,5313
4068,5289
4068,5287
4068,5233
4068,5225
4068,5191
4068,5159
4068,12
4068,4
4070,13048
4070,13126
4070,13129
4070,13135
4070,13136
4070,13137
4070,13138
4070,13139
4070,1882
4070,1038
4070,639
4070,581
4070,576
4070,510
4070,435
4070,416
4070,400
4070,284
4070,192
4070,12
4070,1
4072,4120
4072,12
4072,2
4073,4176
4073,7997
4073,12
4073,2
4074,5675
4074,7042
4074,12
4074,2
4075,4223
4075,12
4075,2
4077,8180
4077,12
4077,3
4078,4515
4078,209
4078,2
4081,12454
4081,3627
4081,12
4081,1
4082,4572
4082,7922
4082,10869
4082,12
4082,2
4083,7831
4083,11091
4083,12
4083,3
4084,4084
4084,4598
4084,8266
4084,12
4084,3
4085,6602
4085,12
4085,2
4086,9654
4086,9854
4086,10305
4086,10532
4086,12200
4086,12989
4086,12
4086,1
4087,3780
4087,1461
4087,12
4087,2
4088,12903
4088,12
4088,1
4089,7610
4089,63
4089,2
4090,4664
4090,6649
4090,7342
4090,3330
4090,1708
4090,1455
4090,1038
4090,541
4090,510
4090,12
4090,2
4091,7305
4091,12
4091,3
4093,6609
4093,204
4093,2
4094,9063
4094,12
4094,2
4095,355
4095,1988
4095,3850
4095,3875
4095,3887
4095,3905
4095,9437
4095,11584
4095,11784
4095,5497
4095,5496
4095,5495
4095,5494
4095,12
4095,2
4096,8465
4096,12
4096,5
4097,1989
4097,5340
4097,5363
4097,10557
4097,12
4097,2
4098,621
4098,6128
4098,6884
4098,7001
4098,8453
4098,4756
4098,12
4098,3
4099,8633
4099,8884
4099,9365
4099,13047
4099,8822
4099,6919
4099,6752
4099,2424
4099,560
4099,12
4099,1
4100,13143
4100,13144
4100,12
4100,1
4101,5675
4101,63
4101,2
4102,12940
4102,8222
4102,12
4102,1
4103,12936
4103,12
4103,1
4104,12684
4104,3622
4104,12
4104,1
4105,2469
4105,12720
4105,12
4105,1
4106,13052
4106,314
4106,12
4106,1
4110,12561
4110,12
4110,1
4111,12917
4111,12
4111,1
4112,12815
4112,12
4112,1
4113,12675
4113,12
4113,1
4114,12533
4114,2684
4114,12
4114,1
4115,12788
4115,12
4115,1
4116,1793
4116,12472
4116,2678
4116,12
4116,1
4117,12621
4117,12
4117,1
4118,12950
4118,12
4118,1
4120,4072
4120,12528
4120,2025
4120,12
4120,1
4122,12474
4122,12
4122,1
4123,12870
4123,12
4123,1
4124,12715
4124,12
4124,1
4125,12924
4125,12
4125,1
4127,12934
4127,12
4127,1
4128,12584
4128,4828
4128,12
4128,1
4129,12926
4129,12
4129,1
4130,12681
4130,12
4130,1
4131,12682
4131,12
4131,1
4132,12557
4132,12
4132,1
4133,12893
4133,12894
4133,6395
4133,12
4133,1
4134,5241
4134,12938
4134,12
4134,1
4135,7833
4135,12885
4135,12
4135,1
4136,5657
4136,13096
4136,12
4136,1
4137,12485
4137,12486
4137,3536
4137,12
4137,1
4138,39
4138,12579
4138,12
4138,1
4139,12485
4139,12
4139,1
4140,12787
4140,12
4140,1
4141,12787
4141,2472
4141,12
4141,1
4142,12514
4142,8259
4142,12
4142,1
4143,12478
4143,3248
4143,12
4143,1
4144,12647
4144,12
4144,1
4145,502
4145,8651
4145,190
4145,12
4145,2
4146,12631
4146,12
4146,1
4147,12956
4147,6374
4147,12
4147,1
4148,5576
4148,13053
4148,12
4148,1
4149,12916
4149,6839
4149,12
4149,1
4150,381
4150,7868
4150,13091
4150,12
4150,1
4151,5643
4151,12636
4151,12
4151,1
4152,13060
4152,7989
4152,12
4152,1
4153,13060
4153,7603
4153,1957
4153,12
4153,1
4154,12626
4154,155
4154,12
4154,1
4155,12626
4155,12
4155,1
4156,12653
4156,8762
4156,12
4156,1
4157,12776
4157,12
4157,1
4158,12705
4158,12
4158,1
4159,12976
4159,1955
4159,1938
4159,364
4159,12
4159,1
4160,13087
4160,12
4160,1
4161,13087
4161,12
4161,1
4163,12867
4163,12
4163,1
4164,12729
4164,3178
4164,12
4164,1
4166,13019
4166,12
4166,1
4167,12622
4167,12
4167,1
4168,5952
4168,12866
4168,12
4168,1
4169,12879
4169,12
4169,1
4171,12490
4171,12
4171,1
4172,12784
4172,12
4172,1
4174,9850
4174,199
4174,206
4174,5
4175,12476
4175,12
4175,1
4176,2262
4176,4073
4176,12811
4176,12
4176,1
4177,12512
4177,12
4177,1
4179,12724
4179,12
4179,1
4180,12634
4180,6433
4180,1985
4180,1969
4180,12
4180,1
4181,12620
4181,12
4181,1
4182,12944
4182,12
4182,1
4183,12887
4183,8244
4183,12
4183,1
4184,12876
4184,7914
4184,56
4184,12
4184,1
4185,12475
4185,1087
4185,12
4185,1
4186,12475
4186,12
4186,1
4187,12730
4187,12
4187,1
4188,12730
4188,12
4188,1
4189,12617
4189,12
4189,1
4190,12898
4190,12
4190,1
4191,9607
4191,12
4191,2
4192,12951
4192,12
4192,1
4193,12942
4193,12
4193,1
4195,4850
4195,12
4195,2
4196,12926
4196,1532
4196,12
4196,1
4197,12809
4197,12810
4197,7805
4197,7298
4197,396
4197,142
4197,12
4197,1
4200,12739
4200,12
4200,1
4201,12739
4201,12
4201,1
4202,12729
4202,12
4202,1
4203,12947
4203,12
4203,1
4204,5663
4204,12948
4204,12
4204,1
4205,12773
4205,12
4205,1
4206,13080
4206,12
4206,1
4207,12917
4207,12
4207,1
4208,13080
4208,12
4208,1
4209,12898
4209,12
4209,1
4210,12619
4210,12
4210,1
4211,12884
4211,12
4211,1
4212,12971
4212,12
4212,1
4213,12884
4213,12
4213,1
4214,12537
4214,12
4214,1
4215,12537
4215,12
4215,1
4216,13096
4216,365
4216,87
4216,12
4216,1
4217,13014
4217,12
4217,1
4218,12482
4218,12483
4218,382
4218,12
4218,1
4219,12793
4219,12
4219,1
4221,13090
4221,6431
4221,12
4221,1
4222,3903
4222,12532
4222,12
4222,1
4223,4075
4223,12820
4223,12821
4223,12
4223,1
4224,13093
4224,12
4224,1
4225,13061
4225,12
4225,1
4226,12873
4226,12
4226,1
4227,618
4227,1991
4227,12235
4227,5060
4227,5037
4227,5016
4227,5013
4227,4928
4227,4855
4227,12
4227,3
4228,12530
4228,12
4228,1
4229,12623
4229,12
4229,1
4230,12805
4230,12
4230,1
4231,12862
4231,7272
4231,12
4231,1
4232,12801
4232,12802
4232,12
4232,1
4233,12769
4233,1252
4233,12
4233,1
4234,13059
4234,12
4234,1
4235,12962
4235,12
4235,1
4236,823
4236,12
4236,2
4237,12331
4237,12
4237,2
4238,2732
4238,12
4238,2
4239,514
4239,12
4239,3
4240,6783
4240,12
4240,2
4241,1051
4241,63
4241,3
4242,13048
4242,13126
4242,13129
4242,13135
4242,13136
4242,13137
4242,13138
4242,1882
4242,1197
4242,1038
4242,639
4242,581
4242,576
4242,510
4242,438
4242,435
4242,416
4242,304
4242,284
4242,192
4242,12
4242,1
4243,2930
4243,5079
4243,2491
4243,12
4243,2
4244,4276
4244,12
4244,2
4245,4290
4245,12
4245,2
4246,4325
4246,12
4246,2
4247,986
4247,12
4247,5
4248,4352
4248,6379
4248,12
4248,2
4249,12797
4249,12
4249,1
4250,13052
4250,460
4250,12
4250,1
4251,138
4251,12697
4251,12
4251,1
4252,12474
4252,12
4252,1
4253,5811
4253,12775
4253,12
4253,1
4254,12775
4254,12
4254,1
4255,12565
4255,12566
4255,8269
4255,12
4255,1
4256,12563
4256,12
4256,1
4257,8700
4257,12815
4257,12
4257,1
4259,12211
4259,12533
4259,8200
4259,7985
4259,7937
4259,7866
4259,12
4259,1
4260,12788
4260,414
4260,12
4260,1
4261,12788
4261,12
4261,1
4262,12526
4262,12
4262,1
4266,12528
4266,12
4266,1
4267,12474
4267,2707
4267,12
4267,1
4269,12567
4269,12568
4269,12
4269,1
4271,12934
4271,12
4271,1
4272,4900
4272,12681
4272,12
4272,1
4274,5677
4274,12687
4274,12
4274,1
4275,12557
4275,12
4275,1
4276,4244
4276,12625
4276,8137
4276,12
4276,1
4277,12868
4277,7826
4277,12
4277,1
4278,12938
4278,12
4278,1
4279,12479
4279,12
4279,1
4280,12938
4280,340
4280,12
4280,1
4281,12486
4281,12
4281,1
4283,12581
4283,12
4283,1
4284,12514
4284,7852
4284,12
4284,1
4285,12956
4285,12
4285,1
4286,13053
4286,12
4286,1
4287,13053
4287,7509
4287,12
4287,1
4288,12874
4288,12
4288,1
4289,1578
4289,13091
4289,12
4289,1
4290,4245
4290,12805
4290,12
4290,1
4291,12949
4291,12
4291,1
4292,12949
4292,12
4292,1
4293,12653
4293,12
4293,1
4294,13087
4294,12
4294,1
4295,12618
4295,12
4295,1
4296,12729
4296,12
4296,1
4297,12802
4297,12
4297,1
4298,12977
4298,12
4298,1
4299,12866
4299,12
4299,1
4301,12939
4301,6141
4301,12
4301,1
4302,12489
4302,12
4302,1
4303,12638
4303,12
4303,1
4304,12574
4304,206
4304,1
4305,12813
4305,12
4305,1
4306,12696
4306,12
4306,1
4307,12512
4307,1894
4307,12
4307,1
4308,13093
4308,7231
4308,2885
4308,12
4308,1
4309,12702
4309,6344
4309,1557
4309,30
4309,12
4309,1
4310,12634
4310,12668
4310,3554
4310,12
4310,1
4312,12572
4312,7360
4312,208
4312,12
4312,1
4313,12876
4313,12
4313,1
4314,12475
4314,6357
4314,12
4314,1
4315,12733
4315,642
4315,12
4315,1
4316,12730
4316,12
4316,1
4317,12572
4317,468
4317,208
4317,12
4317,1
4318,989
4318,12724
4318,12
4318,1
4319,12942
4319,12
4319,1
4320,12519
4320,12
4320,1
4321,12926
4321,8174
4321,7500
4321,12
4321,1
4322,12792
4322,12
4322,1
4323,12712
4323,12
4323,1
4324,12712
4324,12
4324,1
4325,4246
4325,12947
4325,12
4325,1
4326,12795
4326,12796
4326,12
4326,1
4327,12920
4327,2662
4327,2661
4327,2660
4327,2645
4327,2643
4327,2642
4327,2639
4327,2637
4327,2629
4327,2628
4327,2627
4327,2626
4327,2625
4327,2623
4327,2619
4327,2612
4327,2610
4327,2609
4327,2608
4327,2607
4327,2606
4327,2566
4327,2563
4327,2542
4327,2449
4327,2433
4327,2432
4327,2421
4327,2374
4327,713
4327,12
4327,1
4328,4740
4328,12917
4328,12
4328,1
4329,13080
4329,431
4329,12
4329,1
4330,12917
4330,12
4330,1
4331,12941
4331,12
4331,1
4332,12970
4332,12971
4332,2007
4332,12
4332,1
4335,12985
4335,12
4335,1
4336,12483
4336,12
4336,1
4337,12622
4337,12
4337,1
4338,12795
4338,12
4338,1
4340,12821
4340,12
4340,1
4341,12491
4341,12
4341,1
4342,13061
4342,12
4342,1
4343,12530
4343,12
4343,1
4345,12623
4345,12
4345,1
4346,12494
4346,12
4346,1
4347,12494
4347,12
4347,1
4348,12801
4348,12
4348,1
4349,12531
4349,12
4349,1
4350,12891
4350,1939
4350,12
4350,1
4351,12731
4351,12
4351,1
4352,4248
4352,12962
4352,12
4352,1
4353,12770
4353,12
4353,1
4354,12469
4354,12
4354,1
4357,12775
4357,12
4357,1
4358,4380
4358,4919
4358,10342
4358,12
4358,2
4359,8546
4359,12
4359,2
4360,7145
4360,206
4360,2
4361,4392
4361,12
4361,2
4362,4442
4362,12
4362,2
4364,2118
4364,12
4364,3
4366,4496
4366,12
4366,2
4367,12936
4367,12
4367,1
4368,12675
4368,12
4368,1
4369,13082
4369,12
4369,1
4370,12473
4370,12
4370,1
4371,12720
4371,12
4371,1
4372,12620
4372,1900
4372,12
4372,1
4373,13085
4373,12
4373,1
4374,12797
4374,12
4374,1
4375,12697
4375,12
4375,1
4376,12699
4376,8678
4376,8548
4376,12
4376,1
4377,12719
4377,12
4377,1
4378,8500
4378,12
4378,2
4379,12775
4379,7334
4379,6759
4379,81
4379,12
4379,1
4380,4358
4380,12565
4380,12
4380,1
4382,12563
4382,12
4382,1
4383,12563
4383,2872
4383,12
4383,1
4384,6592
4384,8172
4384,32
4384,2
4386,12788
4386,12
4386,1
4388,12621
4388,7983
4388,12
4388,1
4389,389
4389,12526
4389,12
4389,1
4391,12528
4391,12
4391,1
4392,4361
4392,12771
4392,12
4392,1
4393,12474
4393,12
4393,1
4394,12715
4394,12
4394,1
4396,12567
4396,12
4396,1
4397,12258
4397,13029
4397,12
4397,1
4398,12924
4398,12
4398,1
4399,13104
4399,12
4399,1
4401,12708
4401,12
4401,1
4404,12681
4404,12
4404,1
4405,12681
4405,7776
4405,2649
4405,12
4405,1
4406,12687
4406,12
4406,1
4407,12682
4407,2288
4407,12
4407,1
4408,12530
4408,6146
4408,12
4408,1
4409,12952
4409,2141
4409,12
4409,1
4410,12625
4410,12
4410,1
4411,12868
4411,12
4411,1
4412,12894
4412,4779
4412,12
4412,1
4413,12958
4413,1432
4413,12
4413,1
4414,1786
4414,12570
4414,12
4414,1
4415,12484
4415,12
4415,1
4416,12579
4416,12
4416,1
4417,13096
4417,6657
4417,12
4417,1
4418,7813
4418,12579
4418,12
4418,1
4419,12787
4419,12
4419,1
4420,12958
4420,12
4420,1
4421,12673
4421,12
4421,1
4422,6254
4422,12580
4422,12581
4422,12
4422,1
4423,12580
4423,12581
4423,7322
4423,12
4423,1
4424,12633
4424,12
4424,1
4425,12631
4425,8646
4425,5774
4425,12
4425,1
4426,12918
4426,12
4426,1
4427,3600
4427,2282
4427,12
4427,2
4428,12643
4428,12644
4428,6353
4428,5749
4428,3562
4428,2634
4428,12
4428,1
4429,1959
4429,12640
4429,574
4429,12
4429,1
4430,13091
4430,12
4430,1
4431,8558
4431,12799
4431,12
4431,1
4432,13060
4432,8512
4432,12
4432,1
4433,13060
4433,2948
4433,12
4433,1
4434,12949
4434,12
4434,1
4435,12653
4435,12
4435,1
4436,6102
4436,12949
4436,12
4436,1
4437,12656
4437,12
4437,1
4438,13090
4438,12
4438,1
4439,13087
4439,8338
4439,12
4439,1
4440,12890
4440,12
4440,1
4442,4362
4442,12799
4442,12800
4442,12
4442,1
4443,4619
4443,7034
4443,12953
4443,12
4443,1
4444,12489
4444,12
4444,1
4445,12816
4445,206
4445,1
4446,7984
4446,12
4446,3
4447,12784
4447,1166
4447,12
4447,1
4448,12784
4448,12
4448,1
4449,2677
4449,12476
4449,12
4449,1
4451,12702
4451,7949
4451,12
4451,1
4452,12895
4452,206
4452,1
4453,12729
4453,12
4453,1
4454,12724
4454,141
4454,140
4454,111
4454,12
4454,1
4455,12475
4455,301
4455,12
4455,1
4456,13108
4456,12
4456,1
4457,2861
4457,12729
4457,12
4457,1
4458,12730
4458,7888
4458,12
4458,1
4459,12898
4459,12
4459,1
4460,12951
4460,12
4460,1
4461,12798
4461,12
4461,1
4462,5632
4462,13013
4462,12
4462,1
4463,12792
4463,12
4463,1
4464,12926
4464,7883
4464,12
4464,1
4465,12809
4465,6667
4465,12
4465,1
4466,12739
4466,12
4466,1
4468,12729
4468,12
4468,1
4469,12824
4469,6501
4469,2522
4469,2434
4469,687
4469,12
4469,1
4470,13057
4470,12
4470,1
4471,6926
4471,806
4471,12
4471,2
4472,12917
4472,2488
4472,12
4472,1
4473,13080
4473,8224
4473,12
4473,1
4474,12722
4474,12
4474,1
4475,12721
4475,12
4475,1
4476,12941
4476,12
4476,1
4478,12884
4478,12
4478,1
4479,13103
4479,12
4479,1
4480,12967
4480,12
4480,1
4481,12537
4481,12
4481,1
4482,12969
4482,12
4482,1
4483,12537
4483,12
4483,1
4484,13096
4484,7901
4484,12
4484,1
4485,12483
4485,12
4485,1
4486,12481
4486,12
4486,1
4487,12793
4487,12
4487,1
4488,13090
4488,12
4488,1
4489,12821
4489,12
4489,1
4490,12873
4490,1265
4490,627
4490,624
4490,12
4490,1
4491,12873
4491,12
4491,1
4492,13064
4492,12
4492,1
4493,12623
4493,12
4493,1
4494,12623
4494,12
4494,1
4495,12805
4495,12
4495,1
4496,4366
4496,5816
4496,12862
4496,8355
4496,12
4496,1
4497,12494
4497,12
4497,1
4498,13025
4498,3399
4498,12
4498,1
4499,12769
4499,12
4499,1
4502,12714
4502,12858
4502,12
4502,1
4503,12470
4503,12
4503,1
4504,12962
4504,12
4504,1
4505,12918
4505,12
4505,1
4506,12531
4506,2487
4506,292
4506,12
4506,1
4507,12935
4507,322
4507,12
4507,1
4508,12469
4508,12
4508,1
4509,12680
4509,12
4509,1
4510,12927
4510,8368
4510,12
4510,1
4511,12883
4511,655
4511,12
4511,1
4512,12527
4512,3162
4512,12
4512,1
4513,1623
4513,12
4513,2
4514,6054
4514,12
4514,2
4515,1950
4515,4078
4515,12936
4515,12
4515,1
4516,3209
4516,13082
4516,12
4516,1
4517,2715
4517,7362
4517,12
4517,2
4518,12473
4518,8005
4518,300
4518,12
4518,1
4519,12683
4519,12
4519,1
4520,12683
4520,8602
4520,6859
4520,12
4520,1
4521,13085
4521,12
4521,1
4522,12797
4522,12
4522,1
4524,12700
4524,12
4524,1
4525,12573
4525,12
4525,1
4526,13052
4526,12
4526,1
4527,12775
4527,12
4527,1
4529,11998
4529,32
4529,2
4530,12471
4530,12
4530,1
4531,11228
4531,12708
4531,12
4531,1
4533,8791
4533,32
4533,2
4534,3755
4534,12585
4534,12
4534,1
4535,12565
4535,12
4535,1
4537,12563
4537,8644
4537,4242
4537,3349
4537,1975
4537,12
4537,1
4539,4677
4539,3216
4539,12
4539,2
4540,11460
4540,12
4540,2
4541,12916
4541,12
4541,1
4542,13018
4542,12
4542,1
4544,13104
4544,13105
4544,12
4544,1
4545,12990
4545,12991
4545,6330
4545,4281
4545,4259
4545,4238
4545,12
4545,1
4546,12562
4546,12
4546,1
4548,11492
4548,12
4548,2
4549,12533
4549,12
4549,1
4550,1893
4550,12
4550,2
4551,12617
4551,671
4551,656
4551,12
4551,1
4552,12526
4552,12
4552,1
4553,12526
4553,12
4553,1
4554,12738
4554,12
4554,1
4555,12674
4555,12
4555,1
4556,13105
4556,12
4556,1
4557,12950
4557,206
4557,12
4557,1
4559,12772
4559,7751
4559,12
4559,1
4560,12528
4560,8593
4560,7703
4560,2784
4560,12
4560,1
4561,12556
4561,12
4561,1
4562,12528
4562,2296
4562,12
4562,1
4563,12556
4563,12
4563,1
4564,12474
4564,12
4564,1
4565,11227
4565,12715
4565,12
4565,1
4567,13029
4567,12
4567,1
4568,12886
4568,12
4568,1
4569,12763
4569,12
4569,1
4570,12468
4570,6925
4570,12
4570,1
4571,12886
4571,3691
4571,1488
4571,1171
4571,12
4571,1
4572,4082
4572,12889
4572,67
4572,12
4572,1
4573,12656
4573,12
4573,1
4574,12896
4574,12
4574,1
4575,12290
4575,12
4575,2
4577,12540
4577,2221
4577,12
4577,1
4579,11610
4579,12952
4579,12
4579,1
4580,12686
4580,12
4580,1
4581,12952
4581,12
4581,1
4582,10893
4582,12680
4582,12
4582,1
4583,12557
4583,12
4583,1
4584,8210
4584,12892
4584,12
4584,1
4585,13085
4585,12
4585,1
4586,12868
4586,12
4586,1
4587,12880
4587,12
4587,1
4588,12569
4588,12
4588,1
4589,12880
4589,6578
4589,12
4589,1
4590,13144
4590,12
4590,1
4591,12484
4591,12
4591,1
4592,12579
4592,12
4592,1
4593,6039
4593,12
4593,2
4594,11765
4594,12
4594,2
4595,12787
4595,2514
4595,12
4595,1
4596,12711
4596,8056
4596,12
4596,1
4597,12475
4597,12
4597,1
4598,214
4598,4084
4598,1357
4598,1352
4598,12
4598,2
4599,13097
4599,12
4599,1
4600,12804
4600,8563
4600,7323
4600,3535
4600,2292
4600,12
4600,1
4601,12646
4601,12647
4601,12
4601,1
4602,8401
4602,12
4602,2
4603,12631
4603,8270
4603,12
4603,1
4604,12646
4604,12647
4604,135
4604,12
4604,1
4605,7537
4605,10939
4605,2052
4605,12
4605,2
4606,12956
4606,12
4606,1
4607,13053
4607,2400
4607,12
4607,1
4609,12640
4609,574
4609,12
4609,1
4610,12799
4610,12800
4610,12
4610,1
4611,12644
4611,12
4611,1
4612,12805
4612,8789
4612,8558
4612,8290
4612,12
4612,1
4613,12949
4613,12
4613,1
4614,1160
4614,207
4614,2
4615,13088
4615,12
4615,1
4616,12639
4616,12
4616,1
4619,4443
4619,12
4619,2
4620,12915
4620,12
4620,1
4621,12965
4621,12966
4621,6276
4621,167
4621,12
4621,1
4622,12776
4622,12
4622,1
4623,940
4623,8374
4623,12034
4623,7034
4623,6856
4623,6558
4623,12
4623,2
4625,12356
4625,12
4625,2
4626,3780
4626,8854
4626,9677
4626,10012
4626,13004
4626,51
4626,12
4626,0
4627,12706
4627,12
4627,1
4628,13090
4628,8189
4628,12
4628,1
4629,12976
4629,6346
4629,2408
4629,1938
4629,486
4629,364
4629,12
4629,1
4630,13090
4630,12
4630,1
4631,13070
4631,12
4631,1
4632,12713
4632,8237
4632,12
4632,1
4633,12890
4633,12
4633,1
4634,13009
4634,12
4634,1
4635,13092
4635,12
4635,1
4636,12576
4636,12
4636,1
4637,13020
4637,7071
4637,7070
4637,7067
4637,7066
4637,7017
4637,3464
4637,12
4637,1
4638,12801
4638,12
4638,1
4640,12953
4640,7847
4640,12
4640,1
4641,12866
4641,12
4641,1
4642,12890
4642,12
4642,1
4643,10843
4643,12
4643,2
4644,12655
4644,8341
4644,6895
4644,6350
4644,4669
4644,4234
4644,2461
4644,2079
4644,1930
4644,1896
4644,596
4644,546
4644,12
4644,1
4645,12637
4645,12638
4645,12
4645,1
4646,12726
4646,12
4646,1
4647,13099
4647,2667
4647,12
4647,1
4648,13099
4648,12
4648,1
4649,4
4649,7
4649,28
4649,54
4649,103
4649,109
4649,115
4649,118
4649,124
4649,302
4649,7314
4649,7426
4649,7431
4649,7673
4649,8659
4649,10318
4649,11827
4649,11891
4649,12962
4649,5970
4649,5741
4649,5541
4649,3571
4649,2902
4649,2893
4649,2880
4649,2790
4649,2379
4649,2024
4649,1669
4649,1621
4649,1591
4649,1558
4649,1553
4649,1420
4649,12
4649,1
4650,12813
4650,12
4650,1
4651,12642
4651,206
4651,1
4652,12512
4652,12
4652,1
4653,12709
4653,12
4653,1
4654,12640
4654,12
4654,1
4655,12634
4655,12
4655,1
4656,12702
4656,12
4656,1
4658,12571
4658,12589
4658,44
4658,12
4658,1
4659,12887
4659,12
4659,1
4660,12605
4660,12
4660,1
4661,12573
4661,669
4661,12
4661,1
4662,12876
4662,12
4662,1
4663,7610
4663,7748
4663,189
4663,63
4663,2
4664,4090
4664,13121
4664,8733
4664,8097
4664,7840
4664,482
4664,112
4664,12
4664,1
4665,12733
4665,12
4665,1
4666,12730
4666,4728
4666,12
4666,1
4668,12605
4668,12606
4668,4581
4668,12
4668,1
4669,12572
4669,4582
4669,208
4669,12
4669,1
4670,12479
4670,98
4670,12
4670,1
4671,9424
4671,12951
4671,12
4671,1
4672,12791
4672,12792
4672,6678
4672,1329
4672,266
4672,12
4672,1
4673,12942
4673,12
4673,1
4674,5832
4674,12519
4674,7896
4674,7782
4674,7768
4674,1284
4674,12
4674,1
4675,7073
4675,12
4675,2
4676,12927
4676,12
4676,1
4677,4539
4677,12791
4677,12792
4677,1329
4677,266
4677,12
4677,1
4678,12676
4678,6649
4678,12
4678,1
4679,12616
4679,12
4679,1
4680,12676
4680,12
4680,1
4681,12789
4681,7712
4681,7668
4681,7638
4681,7526
4681,7484
4681,12
4681,1
4682,12721
4682,12
4682,1
4683,12740
4683,8704
4683,2593
4683,2387
4683,2366
4683,2347
4683,1772
4683,1274
4683,1204
4683,114
4683,12
4683,1
4684,5516
4684,12627
4684,12
4684,1
4685,12948
4685,436
4685,12
4685,1
4686,13057
4686,12
4686,1
4687,8045
4687,204
4687,2
4688,12773
4688,12
4688,1
4689,13080
4689,12
4689,1
4690,12484
4690,12
4690,1
4691,12898
4691,12
4691,1
4692,122
4692,6571
4692,12487
4692,12488
4692,12
4692,1
4693,12722
4693,12
4693,1
4695,12542
4695,8320
4695,7175
4695,12
4695,1
4696,12457
4696,12704
4696,12
4696,1
4697,12541
4697,12
4697,1
4698,8659
4698,63
4698,3
4699,13096
4699,12
4699,1
4700,12969
4700,12
4700,1
4701,12985
4701,12
4701,1
4702,12536
4702,2780
4702,64
4702,12
4702,1
4703,12985
4703,12
4703,1
4704,5257
4704,12536
4704,12
4704,1
4705,13014
4705,12
4705,1
4706,12483
4706,1573
4706,12
4706,1
4707,12918
4707,12
4707,1
4708,392
4708,12483
4708,12
4708,1
4709,12533
4709,321
4709,12
4709,1
4710,12827
4710,8717
4710,6852
4710,6816
4710,4262
4710,3132
4710,3046
4710,2557
4710,2367
4710,1020
4710,924
4710,482
4710,69
4710,12
4710,1
4711,12794
4711,12
4711,1
4712,12497
4712,1514
4712,12
4712,1
4713,12854
4713,12
4713,1
4714,12820
4714,12821
4714,12
4714,1
4715,12854
4715,12
4715,1
4716,13028
4716,8478
4716,7124
4716,6939
4716,1376
4716,12
4716,1
4717,12873
4717,2714
4717,12
4717,1
4718,12873
4718,7979
4718,12
4718,1
4719,2825
4719,5345
4719,5365
4719,5374
4719,5381
4719,5499
4719,5504
4719,5807
4719,5817
4719,5961
4719,6104
4719,6702
4719,6973
4719,12
4719,2
4720,13026
4720,13027
4720,8513
4720,8050
4720,3453
4720,12
4720,1
4721,2011
4721,2228
4721,2252
4721,2267
4721,2294
4721,2451
4721,2826
4721,7686
4721,12245
4721,3713
4721,12
4721,4
4722,5575
4722,12532
4722,12
4722,1
4723,12734
4723,6799
4723,12
4723,1
4724,13031
4724,12
4724,1
4725,4916
4725,6171
4725,12
4725,2
4726,12796
4726,12
4726,1
4727,13030
4727,12
4727,1
4728,13100
4728,13101
4728,8470
4728,7791
4728,570
4728,160
4728,23
4728,12
4728,1
4729,13025
4729,8490
4729,6697
4729,1277
4729,12
4729,1
4730,13143
4730,13144
4730,12
4730,1
4731,12769
4731,6112
4731,12
4731,1
4732,12935
4732,12
4732,1
4733,12891
4733,12
4733,1
4734,12926
4734,12
4734,1
4735,12891
4735,12
4735,1
4736,8382
4736,12
4736,2
4737,12983
4737,12
4737,1
4738,12552
4738,6388
4738,20
4738,12
4738,1
4739,12529
4739,12
4739,1
4740,4328
4740,12
4740,2
4742,12469
4742,7817
4742,12
4742,1
4743,12916
4743,12
4743,1
4744,12945
4744,663
4744,652
4744,12
4744,1
4745,12701
4745,7135
4745,12
4745,1
4746,12900
4746,12
4746,1
4747,6117
4747,12717
4747,325
4747,12
4747,1
4749,12469
4749,12
4749,1
4750,8871
4750,12
4750,2
4751,2853
4751,12927
4751,12
4751,1
4752,3701
4752,12714
4752,12
4752,1
4753,12883
4753,12
4753,1
4755,1956
4755,6228
4755,12
4755,2
4759,4792
4759,12
4759,2
4760,441
4760,12824
4760,12825
4760,12826
4760,2523
4760,628
4760,12
4760,1
4761,4846
4761,6465
4761,12
4761,2
4762,4853
4762,12
4762,2
4763,4860
4763,12
4763,2
4764,4874
4764,12
4764,2
4765,4884
4765,12
4765,2
4766,4888
4766,7295
4766,12
4766,2
4767,12936
4767,12
4767,1
4768,12473
4768,7267
4768,6111
4768,12
4768,1
4769,13084
4769,3455
4769,12
4769,1
4771,12699
4771,3488
4771,12
4771,1
4772,12471
4772,12
4772,1
4773,12565
4773,12
4773,1
4774,12674
4774,12
4774,1
4775,12732
4775,12
4775,1
4776,7495
4776,12653
4776,12
4776,1
4777,12707
4777,12
4777,1
4778,12783
4778,12
4778,1
4780,12674
4780,12
4780,1
4781,12586
4781,6282
4781,4668
4781,4592
4781,4275
4781,4272
4781,4257
4781,4244
4781,1331
4781,526
4781,369
4781,89
4781,12
4781,1
4782,2464
4782,12950
4782,12
4782,1
4784,11439
4784,11463
4784,12268
4784,13021
4784,8202
4784,8194
4784,8148
4784,8108
4784,7925
4784,7893
4784,7864
4784,7507
4784,229
4784,12
4784,1
4785,12568
4785,12
4785,1
4786,13029
4786,12
4786,1
4787,12896
4787,12
4787,1
4788,12682
4788,12
4788,1
4789,13015
4789,2375
4789,12
4789,1
4790,12952
4790,6965
4790,12
4790,1
4791,12872
4791,12
4791,1
4792,4759
4792,12938
4792,12
4792,1
4793,12569
4793,12570
4793,7285
4793,7271
4793,7265
4793,12
4793,1
4794,12938
4794,12
4794,1
4795,13062
4795,12
4795,1
4796,12484
4796,12
4796,1
4797,12885
4797,12
4797,1
4798,592
4798,13067
4798,12
4798,1
4799,5648
4799,13096
4799,12
4799,1
4800,12579
4800,12
4800,1
4801,13096
4801,12
4801,1
4802,13093
4802,12
4802,1
4803,12787
4803,8818
4803,12
4803,1
4804,12673
4804,12
4804,1
4805,13017
4805,7814
4805,7812
4805,12
4805,1
4806,12711
4806,12
4806,1
4807,12580
4807,12
4807,1
4808,12475
4808,12
4808,1
4810,12956
4810,12
4810,1
4811,13053
4811,12
4811,1
4812,12874
4812,12
4812,1
4813,13091
4813,12
4813,1
4814,12805
4814,12
4814,1
4815,2150
4815,9626
4815,7506
4815,32
4815,2
4816,12805
4816,3174
4816,12
4816,1
4817,13060
4817,12
4817,1
4818,12956
4818,12
4818,1
4819,12626
4819,5757
4819,12
4819,1
4820,12564
4820,12
4820,1
4821,7637
4821,12444
4821,12
4821,2
4822,12705
4822,12
4822,1
4823,12974
4823,12975
4823,2940
4823,12
4823,1
4824,8662
4824,12617
4824,12
4824,1
4826,12799
4826,12
4826,1
4827,12953
4827,12
4827,1
4829,12489
4829,12490
4829,12
4829,1
4830,13099
4830,6890
4830,12
4830,1
4831,12513
4831,12
4831,1
4832,12472
4832,12
4832,1
4833,12476
4833,12
4833,1
4834,12709
4834,12
4834,1
4835,12702
4835,8235
4835,7960
4835,12
4835,1
4837,1579
4837,12559
4837,12
4837,1
4838,12702
4838,12
4838,1
4839,12724
4839,12
4839,1
4840,5949
4840,12634
4840,12
4840,1
4841,12571
4841,44
4841,12
4841,1
4842,61
4842,12887
4842,12
4842,1
4843,12817
4843,206
4843,1
4844,12817
4844,206
4844,1
4845,12876
4845,8313
4845,50
4845,12
4845,1
4846,4761
4846,12475
4846,12
4846,1
4847,12571
4847,4759
4847,44
4847,12
4847,1
4848,12627
4848,12
4848,1
4849,13108
4849,13109
4849,8804
4849,7451
4849,12
4849,1
4850,4195
4850,12898
4850,12
4850,1
4851,12942
4851,12
4851,1
4852,12622
4852,8639
4852,12
4852,1
4853,4762
4853,12806
4853,12
4853,1
4854,12926
4854,7846
4854,12
4854,1
4856,12721
4856,12
4856,1
4857,12729
4857,12
4857,1
4858,12947
4858,12
4858,1
4859,12824
4859,2546
4859,2545
4859,2544
4859,2455
4859,687
4859,12
4859,1
4860,4763
4860,13057
4860,12
4860,1
4862,12544
4862,12545
4862,6534
4862,6492
4862,6454
4862,6453
4862,2392
4862,2339
4862,2334
4862,2314
4862,2312
4862,2310
4862,2287
4862,2276
4862,2275
4862,2264
4862,2263
4862,2258
4862,2256
4862,2254
4862,2252
4862,2250
4862,2243
4862,2242
4862,2241
4862,2239
4862,2218
4862,2216
4862,2214
4862,2213
4862,2212
4862,2154
4862,2149
4862,2148
4862,2147
4862,2144
4862,2119
4862,2112
4862,2109
4862,2105
4862,2103
4862,2098
4862,2095
4862,2036
4862,2014
4862,1887
4862,12
4862,1
4863,12773
4863,12
4863,1
4864,12488
4864,12
4864,1
4865,12722
4865,12
4865,1
4866,12941
4866,12
4866,1
4867,12884
4867,12
4867,1
4868,12965
4868,12
4868,1
4869,12967
4869,12
4869,1
4870,12536
4870,64
4870,12
4870,1
4871,13055
4871,12
4871,1
4872,12483
4872,12
4872,1
4873,12918
4873,12
4873,1
4874,4764
4874,12482
4874,12483
4874,12
4874,1
4875,12794
4875,12
4875,1
4876,12492
4876,12
4876,1
4877,8937
4877,11812
4877,12820
4877,12821
4877,12
4877,1
4878,3904
4878,13055
4878,12
4878,1
4879,13065
4879,12
4879,1
4880,12877
4880,12
4880,1
4881,12862
4881,12
4881,1
4882,12494
4882,12
4882,1
4883,2088
4883,12796
4883,12
4883,1
4884,4765
4884,7820
4884,12769
4884,12
4884,1
4885,12891
4885,12
4885,1
4886,12926
4886,12
4886,1
4888,4766
4888,12534
4888,291
4888,12
4888,1
4889,12731
4889,221
4889,12
4889,1
4890,56
4890,12918
4890,12
4890,1
4891,12770
4891,12
4891,1
4893,12916
4893,8340
4893,12
4893,1
4894,12900
4894,3653
4894,12
4894,1
4895,12680
4895,12
4895,1
4897,12527
4897,12
4897,1
4898,6832
4898,12
4898,2
4899,11375
4899,12
4899,2
4900,4272
4900,12
4900,2
4902,8565
4902,8231
4902,32
4902,2
4903,4934
4903,12
4903,2
4905,441
4905,12827
4905,2523
4905,12
4905,1
4906,4981
4906,12
4906,2
4907,4986
4907,12
4907,2
4908,9616
4908,12
4908,2
4909,13084
4909,12
4909,1
4910,12683
4910,5375
4910,12
4910,1
4911,12703
4911,12
4911,1
4912,2857
4912,12744
4912,12
4912,1
4913,13085
4913,3526
4913,12
4913,1
4914,12700
4914,12
4914,1
4915,12697
4915,7263
4915,12
4915,1
4916,4725
4916,12474
4916,12
4916,1
4917,10782
4917,12775
4917,12
4917,1
4919,4358
4919,8145
4919,12565
4919,12566
4919,12
4919,1
4920,5100
4920,32
4920,2
4921,12560
4921,12561
4921,6963
4921,12
4921,1
4922,12563
4922,12
4922,1
4923,12674
4923,12
4923,1
4924,13105
4924,12
4924,1
4925,12732
4925,12
4925,1
4926,12788
4926,8309
4926,12
4926,1
4927,12788
4927,12
4927,1
4928,12707
4928,658
4928,12
4928,1
4929,12621
4929,12
4929,1
4930,12526
4930,1241
4930,12
4930,1
4931,12586
4931,6585
4931,6584
4931,6582
4931,6574
4931,6568
4931,6306
4931,6290
4931,6289
4931,6282
4931,6262
4931,6252
4931,6251
4931,6250
4931,6249
4931,4269
4931,1331
4931,369
4931,146
4931,12
4931,1
4933,12033
4933,12474
4933,12
4933,1
4934,4903
4934,12567
4934,12568
4934,12
4934,1
4935,12934
4935,12
4935,1
4936,12926
4936,12
4936,1
4937,12892
4937,12
4937,1
4938,13058
4938,12
4938,1
4939,12785
4939,12
4939,1
4940,12530
4940,169
4940,12
4940,1
4941,12952
4941,2161
4941,12
4941,1
4942,12557
4942,12
4942,1
4943,12625
4943,12
4943,1
4944,12868
4944,12
4944,1
4945,12958
4945,7909
4945,12
4945,1
4946,2452
4946,12880
4946,12
4946,1
4947,6389
4947,12880
4947,12
4947,1
4948,7842
4948,12938
4948,12
4948,1
4949,12479
4949,2533
4949,98
4949,12
4949,1
4950,13062
4950,12
4950,1
4951,12486
4951,12
4951,1
4953,12478
4953,12
4953,1
4954,12647
4954,12
4954,1
4955,12799
4955,12
4955,1
4956,12799
4956,12800
4956,12
4956,1
4957,12937
4957,12
4957,1
4958,13088
4958,12
4958,1
4959,12653
4959,12
4959,1
4960,12989
4960,12
4960,1
4961,12656
4961,12
4961,1
4962,12867
4962,12
4962,1
4963,13020
4963,6468
4963,12
4963,1
4964,12489
4964,12490
4964,12
4964,1
4965,13097
4965,12
4965,1
4966,12637
4966,12
4966,1
4967,12696
4967,12
4967,1
4968,12472
4968,12
4968,1
4969,12476
4969,12
4969,1
4970,12476
4970,12
4970,1
4972,12702
4972,8274
4972,12
4972,1
4973,12559
4973,12
4973,1
4974,12559
4974,3067
4974,12
4974,1
4975,12634
4975,12
4975,1
4976,12724
4976,12
4976,1
4977,12944
4977,12
4977,1
4978,12572
4978,12
4978,1
4979,12475
4979,12
4979,1
4980,12876
4980,336
4980,12
4980,1
4981,4906
4981,12573
4981,12
4981,1
4982,12627
4982,12
4982,1
4983,12733
4983,12
4983,1
4984,13119
4984,6207
4984,12
4984,1
4985,13108
4985,13109
4985,2042
4985,12
4985,1
4986,4907
4986,12620
4986,12
4986,1
4987,12622
4987,1213
4987,12
4987,1
4988,12926
4988,8249
4988,7929
4988,12
4988,1
4989,13090
4989,6833
4989,12
4989,1
4990,12792
4990,12
4990,1
4991,12712
4991,12
4991,1
4992,12712
4992,12
4992,1
4993,12957
4993,12
4993,1
4994,12947
4994,8462
4994,12
4994,1
4995,12740
4995,12
4995,1
4996,12917
4996,12
4996,1
4997,12773
4997,12
4997,1
4998,12898
4998,12
4998,1
4999,12898
4999,12
4999,1
5000,12484
5000,12
5000,1
5001,12774
5001,12
5001,1
5002,12774
5002,12
5002,1
5003,12619
5003,12
5003,1
5004,12972
5004,12973
5004,2490
5004,2489
5004,12
5004,1
5005,12884
5005,12
5005,1
5006,12704
5006,12
5006,1
5007,12884
5007,12
5007,1
5008,12966
5008,12
5008,1
5010,3910
5010,5727
5010,12
5010,2
5011,12537
5011,12
5011,1
5013,13055
5013,12
5013,1
5014,13014
5014,12
5014,1
5015,13094
5015,12
5015,1
5016,12622
5016,12
5016,1
5017,13102
5017,13103
5017,12
5017,1
5018,12492
5018,12
5018,1
5020,10776
5020,13061
5020,12
5020,1
5021,12873
5021,12
5021,1
5022,13064
5022,12
5022,1
5023,13065
5023,12
5023,1
5024,2152
5024,12494
5024,12
5024,1
5025,12796
5025,12
5025,1
5026,13100
5026,13101
5026,12
5026,1
5027,12891
5027,12
5027,1
5029,12900
5029,12
5029,1
5033,589
5033,12
5033,2
5034,2541
5034,12
5034,2
5035,5644
5035,1571
5035,63
5035,2
5036,8864
5036,12
5036,2
5037,5052
5037,12
5037,2
5038,5155
5038,12
5038,2
5039,9356
5039,12
5039,2
5040,5172
5040,12
5040,2
5041,7583
5041,12
5041,2
5043,12779
5043,6368
5043,572
5043,12
5043,1
5044,7860
5044,7635
5044,12
5044,2
5048,504
5048,204
5048,2
5050,5644
5050,63
5050,2
5051,10553
5051,12940
5051,12
5051,1
5052,5037
5052,12936
5052,12
5052,1
5053,12940
5053,2153
5053,1877
5053,12
5053,1
5054,12473
5054,12
5054,1
5055,13084
5055,3416
5055,12
5055,1
5056,12744
5056,12
5056,1
5057,12700
5057,3528
5057,12
5057,1
5058,12775
5058,12
5058,1
5059,12563
5059,12
5059,1
5060,12917
5060,8495
5060,8402
5060,6540
5060,3552
5060,3434
5060,2877
5060,2385
5060,1373
5060,547
5060,12
5060,1
5061,12563
5061,12
5061,1
5062,13105
5062,12
5062,1
5063,12751
5063,12752
5063,6293
5063,6284
5063,6273
5063,6264
5063,6240
5063,6239
5063,6238
5063,6236
5063,6235
5063,6229
5063,12
5063,1
5064,10711
5064,12946
5064,12
5064,1
5066,12533
5066,12
5066,1
5067,12707
5067,180
5067,12
5067,1
5068,12528
5068,7421
5068,12
5068,1
5069,10259
5069,12771
5069,12
5069,1
5070,12556
5070,12
5070,1
5071,12742
5071,2617
5071,12
5071,1
5072,13029
5072,8844
5072,8491
5072,8447
5072,6682
5072,12
5072,1
5073,12924
5073,12
5073,1
5074,12924
5074,7310
5074,12
5074,1
5075,12886
5075,12
5075,1
5077,9667
5077,12934
5077,12
5077,1
5078,12681
5078,12
5078,1
5079,2930
5079,4243
5079,12
5079,2
5080,12785
5080,12
5080,1
5082,12530
5082,194
5082,12
5082,1
5083,13015
5083,12
5083,1
5084,12952
5084,6872
5084,12
5084,1
5085,12868
5085,12
5085,1
5086,12893
5086,12
5086,1
5087,12892
5087,6200
5087,12
5087,1
5088,12958
5088,8323
5088,7862
5088,12
5088,1
5089,12570
5089,12
5089,1
5090,12938
5090,1971
5090,12
5090,1
5091,10181
5091,12885
5091,12
5091,1
5094,12787
5094,12
5094,1
5095,12872
5095,12
5095,1
5098,12673
5098,12
5098,1
5099,12581
5099,12
5099,1
5100,4920
5100,12514
5100,7492
5100,12
5100,1
5101,12647
5101,12
5101,1
5102,5262
5102,6919
5102,63
5102,2
5104,12874
5104,12
5104,1
5105,12800
5105,12
5105,1
5106,12937
5106,12
5106,1
5107,13088
5107,12
5107,1
5108,13060
5108,12
5108,1
5109,12949
5109,12
5109,1
5110,12949
5110,1279
5110,85
5110,12
5110,1
5111,12617
5111,12
5111,1
5112,12890
5112,12
5112,1
5113,12977
5113,12
5113,1
5114,13020
5114,12
5114,1
5115,12622
5115,12
5115,1
5116,9124
5116,12
5116,2
5117,12879
5117,12
5117,1
5118,13094
5118,12
5118,1
5119,12817
5119,206
5119,1
5120,12939
5120,12
5120,1
5121,13097
5121,13098
5121,338
5121,12
5121,1
5122,12784
5122,1919
5122,12
5122,1
5123,12513
5123,12
5123,1
5124,12618
5124,12
5124,1
5125,13093
5125,12
5125,1
5126,7855
5126,11188
5126,12
5126,2
5127,12702
5127,8193
5127,12
5127,1
5128,12634
5128,12
5128,1
5129,12876
5129,8251
5129,7820
5129,12
5129,1
5130,2012
5130,12627
5130,12
5130,1
5131,12733
5131,12
5131,1
5132,12730
5132,8296
5132,7799
5132,12
5132,1
5133,12519
5133,12
5133,1
5134,3018
5134,12747
5134,12
5134,1
5135,12807
5135,12
5135,1
5136,12874
5136,12
5136,1
5137,13090
5137,12
5137,1
5139,12712
5139,1267
5139,12
5139,1
5140,12622
5140,419
5140,12
5140,1
5141,12846
5141,6498
5141,6497
5141,6496
5141,6495
5141,6494
5141,6493
5141,2652
5141,2640
5141,2638
5141,2636
5141,2635
5141,2633
5141,2632
5141,2631
5141,2624
5141,2622
5141,2621
5141,2620
5141,2601
5141,2600
5141,2599
5141,2597
5141,2587
5141,2586
5141,2584
5141,2583
5141,2581
5141,2567
5141,2541
5141,2531
5141,2530
5141,2529
5141,2528
5141,2527
5141,2524
5141,2485
5141,2464
5141,2450
5141,2439
5141,2411
5141,2376
5141,2363
5141,1343
5141,602
5141,522
5141,407
5141,231
5141,76
5141,12
5141,1
5143,12722
5143,7858
5143,12
5143,1
5144,12774
5144,12
5144,1
5145,12721
5145,12
5145,1
5146,12539
5146,12
5146,1
5147,10549
5147,12884
5147,12
5147,1
5148,2086
5148,2472
5148,12884
5148,12
5148,1
5149,12965
5149,12
5149,1
5150,13055
5150,3412
5150,12
5150,1
5151,12985
5151,12
5151,1
5152,13097
5152,13098
5152,1846
5152,12
5152,1
5153,12483
5153,12
5153,1
5154,12918
5154,12
5154,1
5155,5038
5155,11588
5155,12533
5155,12
5155,1
5156,12482
5156,12483
5156,12
5156,1
5157,6394
5157,12823
5157,12
5157,1
5158,12480
5158,12481
5158,12
5158,1
5159,12793
5159,12
5159,1
5160,12492
5160,12
5160,1
5162,13093
5162,12
5162,1
5163,12873
5163,12
5163,1
5164,13065
5164,12
5164,1
5165,11433
5165,12795
5165,12
5165,1
5167,12470
5167,12
5167,1
5168,12529
5168,12
5168,1
5169,12962
5169,12
5169,1
5171,12935
5171,3570
5171,495
5171,12
5171,1
5172,5040
5172,12877
5172,2270
5172,2267
5172,1266
5172,12
5172,1
5173,12927
5173,12
5173,1
5174,12883
5174,12
5174,1
5175,12085
5175,12
5175,2
5179,10295
5179,7611
5179,32
5179,2
5180,10846
5180,12
5180,2
5181,765
5181,12
5181,2
5182,9127
5182,12
5182,2
5183,5244
5183,12
5183,4
5184,10001
5184,12
5184,2
5186,6029
5186,8802
5186,12
5186,2
5187,5278
5187,12
5187,2
5188,5279
5188,12702
5188,12
5188,1
5189,7789
5189,12
5189,2
5191,5304
5191,11572
5191,12
5191,2
5192,5502
5192,12
5192,3
5193,7721
5193,12
5193,2
5194,2005
5194,2227
5194,6702
5194,12187
5194,12989
5194,12
5194,1
5195,5329
5195,12542
5195,12
5195,1
5196,647
5196,12
5196,3
5197,12940
5197,7990
5197,12
5197,1
5198,1189
5198,12
5198,2
5199,13084
5199,12
5199,1
5200,12720
5200,12
5200,1
5201,10511
5201,12
5201,4
5202,833
5202,4528
5202,4481
5202,4474
5202,4451
5202,4440
5202,4364
5202,12
5202,5
5203,877
5203,4537
5203,4496
5203,4419
5203,4399
5203,12
5203,3
5204,9635
5204,12
5204,3
5205,12697
5205,12
5205,1
5206,5565
5206,12699
5206,12
5206,1
5207,12775
5207,12
5207,1
5208,10037
5208,12
5208,3
5209,9145
5209,9186
5209,5122
5209,5024
5209,5005
5209,4983
5209,4919
5209,4905
5209,4903
5209,4890
5209,4875
5209,12
5209,3
5210,356
5210,12
5210,2
5211,9944
5211,7995
5211,32
5211,2
5212,12563
5212,12
5212,1
5213,12814
5213,12815
5213,12
5213,1
5214,8429
5214,4551
5214,4541
5214,4433
5214,4395
5214,4315
5214,4300
5214,12
5214,2
5215,452
5215,12
5215,2
5217,10357
5217,12725
5217,6628
5217,12
5217,1
5218,10309
5218,207
5218,2
5220,2432
5220,4632
5220,4586
5220,12
5220,3
5221,12707
5221,8362
5221,12
5221,1
5222,12783
5222,1393
5222,12
5222,1
5223,12526
5223,12
5223,1
5225,13021
5225,3685
5225,3547
5225,852
5225,753
5225,12
5225,1
5227,5805
5227,12924
5227,12
5227,1
5229,12681
5229,12
5229,1
5231,12889
5231,12
5231,1
5232,12896
5232,6795
5232,12
5232,1
5233,12682
5233,12
5233,1
5234,12530
5234,8207
5234,7688
5234,12
5234,1
5235,12894
5235,12
5235,1
5236,12872
5236,6383
5236,12
5236,1
5237,12938
5237,657
5237,12
5237,1
5238,13067
5238,12
5238,1
5239,13096
5239,6565
5239,12
5239,1
5240,12885
5240,12
5240,1
5241,4134
5241,12
5241,2
5242,8225
5242,12
5242,2
5243,12479
5243,6222
5243,98
5243,12
5243,1
5244,3872
5244,5183
5244,12
5244,3
5245,13017
5245,328
5245,12
5245,1
5247,13017
5247,12
5247,1
5248,12673
5248,12
5248,1
5249,12514
5249,8285
5249,12
5249,1
5251,12631
5251,8813
5251,7109
5251,3689
5251,3368
5251,12
5251,1
5252,12956
5252,12
5252,1
5253,13091
5253,12
5253,1
5254,3893
5254,5552
5254,12799
5254,12800
5254,12
5254,1
5255,12470
5255,12
5255,1
5256,13060
5256,2074
5256,12
5256,1
5257,4704
5257,12
5257,2
5258,12626
5258,12
5258,1
5259,11233
5259,12949
5259,12
5259,1
5260,12776
5260,12
5260,1
5261,12705
5261,12
5261,1
5262,131
5262,134
5262,139
5262,143
5262,145
5262,149
5262,151
5262,156
5262,169
5262,173
5262,177
5262,1574
5262,1993
5262,2860
5262,3213
5262,3702
5262,5102
5262,5355
5262,5737
5262,5747
5262,5749
5262,5753
5262,5765
5262,5772
5262,6310
5262,6785
5262,6862
5262,7432
5262,8164
5262,8170
5262,8674
5262,8946
5262,8947
5262,9439
5262,9665
5262,10056
5262,10540
5262,10826
5262,11431
5262,11836
5262,12039
5262,13122
5262,7190
5262,7152
5262,7129
5262,7115
5262,7058
5262,7020
5262,1824
5262,1769
5262,1690
5262,1670
5262,1635
5262,1576
5262,1505
5262,1029
5262,1013
5262,1009
5262,1008
5262,1007
5262,1006
5262,1004
5262,1000
5262,999
5262,998
5262,994
5262,993
5262,981
5262,980
5262,976
5262,972
5262,965
5262,960
5262,959
5262,950
5262,949
5262,947
5262,942
5262,938
5262,937
5262,936
5262,934
5262,933
5262,932
5262,926
5262,917
5262,916
5262,910
5262,908
5262,907
5262,901
5262,895
5262,894
5262,892
5262,891
5262,883
5262,872
5262,868
5262,867
5262,863
5262,860
5262,854
5262,848
5262,846
5262,844
5262,841
5262,820
5262,805
5262,796
5262,793
5262,784
5262,781
5262,780
5262,775
5262,774
5262,771
5262,770
5262,769
5262,768
5262,765
5262,764
5262,762
5262,759
5262,755
5262,744
5262,743
5262,736
5262,728
5262,722
5262,718
5262,710
5262,12
5262,1
5263,12656
5263,12
5263,1
5264,13087
5264,12
5264,1
5265,12802
5265,12
5265,1
5266,11454
5266,12
5266,2
5267,13019
5267,12
5267,1
5268,12866
5268,535
5268,12
5268,1
5270,13094
5270,13095
5270,273
5270,12
5270,1
5271,7096
5271,12
5271,2
5272,12784
5272,12
5272,1
5273,12696
5273,12
5273,1
5274,12642
5274,206
5274,1
5275,12512
5275,12
5275,1
5276,12811
5276,12
5276,1
5278,5187
5278,12811
5278,12
5278,1
5279,5188
5279,12702
5279,7758
5279,7691
5279,2012
5279,12
5279,1
5280,12559
5280,6430
5280,12
5280,1
5281,12724
5281,6196
5281,5128
5281,3419
5281,12
5281,1
5282,12944
5282,6152
5282,2650
5282,12
5282,1
5283,12572
5283,12
5283,1
5284,12572
5284,12
5284,1
5285,12887
5285,12
5285,1
5286,12475
5286,12
5286,1
5287,12733
5287,8003
5287,12
5287,1
5288,12627
5288,509
5288,12
5288,1
5289,12733
5289,12
5289,1
5290,13109
5290,12
5290,1
5292,12519
5292,7948
5292,12
5292,1
5293,12622
5293,12
5293,1
5294,12927
5294,12
5294,1
5295,12957
5295,12
5295,1
5297,12622
5297,3556
5297,12
5297,1
5298,12722
5298,12
5298,1
5299,12898
5299,12
5299,1
5300,12898
5300,12
5300,1
5301,12774
5301,7204
5301,2335
5301,12
5301,1
5302,7963
5302,12
5302,2
5303,5609
5303,12972
5303,12973
5303,12
5303,1
5304,5191
5304,11445
5304,12704
5304,12
5304,1
5305,264
5305,12971
5305,12
5305,1
5306,12884
5306,12
5306,1
5308,12537
5308,12
5308,1
5309,12968
5309,12969
5309,2477
5309,2466
5309,12
5309,1
5310,12536
5310,12
5310,1
5311,12536
5311,12
5311,1
5312,12918
5312,12
5312,1
5313,11028
5313,12483
5313,12
5313,1
5314,12918
5314,12
5314,1
5316,13102
5316,12
5316,1
5317,2282
5317,12793
5317,12794
5317,2045
5317,12
5317,1
5318,12794
5318,12
5318,1
5319,13103
5319,12
5319,1
5321,5773
5321,8171
5321,8428
5321,12
5321,2
5322,13061
5322,12
5322,1
5323,1229
5323,8648
5323,8678
5323,4436
5323,4341
5323,4317
5323,12
5323,2
5324,13064
5324,12
5324,1
5325,12873
5325,12
5325,1
5326,2825
5326,5961
5326,6990
5326,12
5326,2
5328,2217
5328,7293
5328,12
5328,3
5329,5195
5329,12
5329,2
5330,12796
5330,12
5330,1
5331,13025
5331,3600
5331,12
5331,1
5332,13025
5332,12
5332,1
5333,918
5333,12
5333,2
5334,8417
5334,32
5334,3
5335,1424
5335,12
5335,2
5336,12891
5336,12
5336,1
5337,2866
5337,6084
5337,6064
5337,6038
5337,6036
5337,6030
5337,5990
5337,5977
5337,5931
5337,5900
5337,5820
5337,5809
5337,12
5337,3
5338,12731
5338,43
5338,12
5338,1
5339,12962
5339,8428
5339,7286
5339,7275
5339,5841
5339,4787
5339,12
5339,1
5340,4097
5340,5989
5340,5969
5340,12
5340,3
5341,9409
5341,10811
5341,12469
5341,2139
5341,2126
5341,12
5341,1
5342,1975
5342,9364
5342,3980
5342,3963
5342,3949
5342,3863
5342,3856
5342,3806
5342,12
5342,2
5344,3185
5344,3895
5344,3892
5344,3798
5344,12
5344,3
5345,4719
5345,5321
5345,5203
5345,5174
5345,5168
5345,5116
5345,4995
5345,4993
5345,4904
5345,12
5345,3
5346,12683
5346,8603
5346,3388
5346,1749
5346,1692
5346,12
5346,1
5347,11244
5347,5349
5347,5312
5347,5307
5347,5296
5347,5291
5347,5286
5347,5235
5347,5218
5347,12
5347,4
5349,877
5349,4414
5349,12
5349,3
5350,9635
5350,12
5350,3
5352,9145
5352,9186
5352,5124
5352,5022
5352,4973
5352,4958
5352,4935
5352,4851
5352,12
5352,3
5353,356
5353,12
5353,2
5354,12006
5354,12
5354,2
5355,5262
5355,977
5355,63
5355,2
5357,3316
5357,12
5357,2
5358,8048
5358,12
5358,2
5359,9107
5359,12
5359,2
5360,5463
5360,11593
5360,12
5360,2
5361,11156
5361,12
5361,2
5362,2866
5362,6091
5362,6063
5362,6033
5362,6015
5362,5962
5362,5960
5362,5950
5362,5917
5362,5915
5362,5852
5362,5845
5362,5833
5362,5794
5362,12
5362,3
5363,4097
5363,5864
5363,12
5363,3
5364,1975
5364,9364
5364,3926
5364,3846
5364,12
5364,2
5365,4719
5365,5343
5365,5113
5365,5074
5365,5036
5365,4961
5365,4866
5365,12
5365,3
5367,877
5367,12
5367,3
5368,9635
5368,12
5368,3
5369,9145
5369,9186
5369,5111
5369,12
5369,3
5370,356
5370,8427
5370,4817
5370,4782
5370,4733
5370,4705
5370,4682
5370,12
5370,2
5371,8933
5371,12
5371,3
5372,6840
5372,12
5372,2
5373,1975
5373,12
5373,2
5374,4719
5374,5364
5374,5301
5374,5272
5374,5117
5374,5081
5374,5048
5374,5046
5374,5043
5374,4996
5374,4992
5374,4985
5374,4979
5374,4960
5374,4937
5374,4879
5374,4861
5374,12
5374,3
5375,9145
5375,9186
5375,4886
5375,4885
5375,12
5375,3
5376,9623
5376,12
5376,2
5378,342
5378,9177
5378,10268
5378,10727
5378,11446
5378,12986
5378,12989
5378,6426
5378,485
5378,12
5378,1
5379,5490
5379,12
5379,2
5380,1975
5380,12
5380,2
5381,4719
5381,5303
5381,5264
5381,5230
5381,4987
5381,4914
5381,4870
5381,12
5381,3
5382,5533
5382,12936
5382,12
5382,1
5383,12940
5383,96
5383,12
5383,1
5384,12936
5384,1291
5384,12
5384,1
5386,12473
5386,5954
5386,3687
5386,1761
5386,12
5386,1
5387,12875
5387,3197
5387,12
5387,1
5388,12697
5388,12
5388,1
5389,12474
5389,7470
5389,7429
5389,12
5389,1
5390,12675
5390,12
5390,1
5391,12775
5391,12
5391,1
5394,8093
5394,12560
5394,12
5394,1
5395,12917
5395,12
5395,1
5396,7026
5396,12563
5396,12
5396,1
5397,12891
5397,12
5397,1
5398,12732
5398,12
5398,1
5399,12732
5399,8631
5399,12
5399,1
5400,7428
5400,12707
5400,12
5400,1
5401,12707
5401,5759
5401,12
5401,1
5402,3540
5402,12950
5402,12
5402,1
5404,12556
5404,12
5404,1
5405,12715
5405,12
5405,1
5406,12924
5406,12
5406,1
5407,12886
5407,12
5407,1
5408,12681
5408,12
5408,1
5409,3184
5409,12681
5409,12
5409,1
5410,12896
5410,12
5410,1
5411,12682
5411,12
5411,1
5413,12952
5413,12
5413,1
5414,12911
5414,12
5414,1
5415,6038
5415,12
5415,2
5416,12569
5416,12570
5416,12
5416,1
5417,5691
5417,12938
5417,12
5417,1
5418,12787
5418,5276
5418,12
5418,1
5420,12711
5420,12
5420,1
5421,12514
5421,12
5421,1
5422,12478
5422,12
5422,1
5423,12956
5423,12
5423,1
5424,13053
5424,12
5424,1
5425,12643
5425,12644
5425,12
5425,1
5426,13091
5426,12
5426,1
5427,12800
5427,12
5427,1
5428,12805
5428,12
5428,1
5429,12716
5429,12
5429,1
5430,13088
5430,12
5430,1
5431,12949
5431,12
5431,1
5432,12564
5432,8047
5432,12
5432,1
5433,12705
5433,12
5433,1
5434,13090
5434,458
5434,216
5434,12
5434,1
5435,13092
5435,12
5435,1
5437,12802
5437,12
5437,1
5439,13019
5439,12
5439,1
5440,12801
5440,12
5440,1
5441,12890
5441,7313
5441,12
5441,1
5442,12618
5442,12
5442,1
5443,12939
5443,12
5443,1
5444,12939
5444,12
5444,1
5445,12637
5445,12638
5445,2846
5445,12
5445,1
5446,12696
5446,1289
5446,12
5446,1
5447,12724
5447,12
5447,1
5448,12895
5448,206
5448,1
5449,12620
5449,12
5449,1
5450,12944
5450,2753
5450,2750
5450,12
5450,1
5451,12572
5451,12
5451,1
5452,12876
5452,6410
5452,12
5452,1
5453,12475
5453,12
5453,1
5454,13108
5454,12
5454,1
5455,12729
5455,12
5455,1
5456,1358
5456,12704
5456,12
5456,1
5458,12951
5458,12
5458,1
5459,12747
5459,12
5459,1
5460,12519
5460,12
5460,1
5461,12622
5461,12
5461,1
5462,11442
5462,12807
5462,12
5462,1
5463,5360
5463,13090
5463,12
5463,1
5464,12957
5464,12
5464,1
5465,12210
5465,12739
5465,12
5465,1
5466,12740
5466,12
5466,1
5467,12729
5467,12
5467,1
5468,13034
5468,13035
5468,12
5468,1
5469,1969
5469,13057
5469,12
5469,1
5470,12990
5470,12991
5470,6482
5470,6481
5470,6480
5470,6479
5470,6478
5470,6477
5470,3348
5470,3333
5470,3317
5470,3316
5470,3315
5470,3237
5470,3236
5470,3235
5470,3234
5470,3233
5470,3184
5470,3090
5470,3089
5470,3088
5470,3087
5470,3086
5470,3085
5470,3082
5470,3081
5470,3072
5470,3064
5470,3058
5470,3057
5470,3048
5470,3047
5470,3042
5470,3038
5470,3030
5470,3028
5470,3027
5470,3026
5470,3025
5470,3024
5470,3023
5470,3021
5470,3018
5470,3017
5470,3016
5470,1
5470,12
5471,10763
5471,12773
5471,12
5471,1
5472,12722
5472,7943
5472,7699
5472,12
5472,1
5473,12619
5473,8666
5473,3351
5473,12
5473,1
5474,12539
5474,12
5474,1
5475,12704
5475,6702
5475,12
5475,1
5476,12533
5476,12
5476,1
5477,13055
5477,12
5477,1
5478,12533
5478,12
5478,1
5479,12480
5479,12481
5479,6872
5479,12
5479,1
5480,12794
5480,12
5480,1
5481,12794
5481,6804
5481,12
5481,1
5483,1229
5483,12406
5483,12
5483,2
5484,12873
5484,12
5484,1
5486,1798
5486,12
5486,3
5487,12530
5487,12
5487,1
5488,12796
5488,12
5488,1
5489,13101
5489,12
5489,1
5490,5379
5490,12769
5490,5747
5490,12
5490,1
5491,12531
5491,12
5491,1
5492,12731
5492,8576
5492,5748
5492,12
5492,1
5493,13059
5493,1295
5493,12
5493,1
5494,12962
5494,12
5494,1
5495,13023
5495,13024
5495,12
5495,1
5496,12916
5496,12
5496,1
5497,12900
5497,12
5497,1
5498,12714
5498,12
5498,1
5499,4719
5499,5121
5499,5085
5499,5076
5499,5042
5499,5040
5499,4942
5499,4929
5499,4927
5499,4892
5499,4865
5499,4850
5499,12
5499,3
5500,522
5500,12
5500,2
5501,11375
5501,12
5501,2
5502,5192
5502,5944
5502,6088
5502,8079
5502,8409
5502,12
5502,2
5503,3737
5503,12
5503,2
5504,4719
5504,5089
5504,5058
5504,5055
5504,5026
5504,4982
5504,4946
5504,4916
5504,4908
5504,4868
5504,4832
5504,12
5504,3
5505,11916
5505,12
5505,2
5506,11314
5506,12
5506,2
5507,10125
5507,12
5507,2
5510,9559
5510,12
5510,2
5512,6009
5512,12
5512,2
5513,1234
5513,9600
5513,12
5513,2
5514,12361
5514,12
5514,2
5515,10747
5515,12
5515,3
5516,4684
5516,12
5516,2
5517,7172
5517,9143
5517,4550
5517,4456
5517,4402
5517,4387
5517,4369
5517,12
5517,2
5518,10860
5518,12
5518,2
5519,6770
5519,12
5519,2
5521,6875
5521,4233
5521,4184
5521,4176
5521,4162
5521,4134
5521,4099
5521,4096
5521,4083
5521,4061
5521,4048
5521,4032
5521,12
5521,2
5522,5738
5522,4215
5522,12
5522,3
5523,9913
5523,12
5523,2
5524,1042
5524,12
5524,3
5525,5739
5525,5091
5525,5032
5525,4732
5525,3607
5525,12
5525,3
5526,10513
5526,4821
5526,4790
5526,4772
5526,4719
5526,4689
5526,4683
5526,12
5526,5
5527,2642
5527,12
5527,2
5528,356
5528,8427
5528,4822
5528,4806
5528,4802
5528,4800
5528,4792
5528,4760
5528,4755
5528,4737
5528,4693
5528,12
5528,2
5531,849
5531,12
5531,2
5532,3713
5532,3990
5532,3966
5532,3955
5532,3940
5532,3923
5532,3910
5532,3860
5532,3807
5532,3768
5532,12
5532,2
5533,5382
5533,12
5533,2
5534,1500
5534,32
5534,2
5535,2431
5535,4560
5535,4535
5535,4424
5535,4331
5535,12
5535,3
5536,5963
5536,12
5536,2
5537,8429
5537,12
5537,2
5538,12306
5538,32
5538,2
5539,912
5539,12
5539,2
5540,5670
5540,1847
5540,12
5540,5
5543,8607
5543,12
5543,2
5545,10650
5545,12
5545,2
5546,468
5546,12
5546,2
5547,2687
5547,12
5547,2
5548,2945
5548,12
5548,2
5549,688
5549,2189
5549,4643
5549,4603
5549,12
5549,2
5551,3790
5551,12
5551,2
5552,5254
5552,12
5552,2
5553,5854
5553,7177
5553,12
5553,2
5554,11799
5554,12
5554,2
5555,7921
5555,12
5555,2
5556,9893
5556,7328
5556,12
5556,2
5557,6648
5557,12
5557,2
5558,6048
5558,6211
5558,12
5558,2
5559,10205
5559,12
5559,2
5561,2491
5561,12
5561,2
5562,9314
5562,12276
5562,12
5562,2
5564,1452
5564,12
5564,2
5565,5206
5565,12
5565,2
5566,793
5566,2447
5566,3060
5566,3255
5566,7930
5566,12
5566,2
5567,1499
5567,12
5567,2
5569,7417
5569,361
5569,12
5569,2
5571,7806
5571,12
5571,2
5573,6645
5573,12
5573,2
5574,11561
5574,12
5574,2
5575,4722
5575,12
5575,2
5576,4148
5576,12
5576,2
5577,3566
5577,12
5577,2
5578,10454
5578,12
5578,2
5579,10130
5579,12
5579,2
5580,703
5580,12
5580,2
5583,3926
5583,5585
5583,12
5583,2
5585,5583
5585,12
5585,3
5586,761
5586,2510
5586,198
5586,2
5587,1678
5587,199
5587,2
5588,11079
5588,12
5588,2
5589,9527
5589,12
5589,2
5590,1676
5590,12
5590,2
5591,3424
5591,12
5591,2
5592,8437
5592,12
5592,2
5593,1616
5593,12
5593,2
5595,2374
5595,12
5595,2
5596,12079
5596,12
5596,2
5598,9534
5598,10939
5598,12
5598,2
5599,11186
5599,12
5599,2
5600,6784
5600,12
5600,2
5603,11652
5603,12
5603,2
5604,10174
5604,12
5604,2
5606,11082
5606,12
5606,2
5607,781
5607,12
5607,2
5609,3423
5609,5303
5609,12
5609,2
5610,6904
5610,12
5610,2
5613,3275
5613,12
5613,2
5614,10184
5614,12
5614,2
5615,5906
5615,12
5615,2
5616,4062
5616,12
5616,2
5617,7713
5617,12
5617,2
5618,1042
5618,9177
5618,9654
5618,9854
5618,10305
5618,10532
5618,10747
5618,11222
5618,12200
5618,12986
5618,12989
5618,485
5618,12
5618,1
5620,188
5620,10255
5620,12
5620,2
5621,12205
5621,12
5621,2
5622,11255
5622,12
5622,2
5624,6198
5624,12
5624,2
5625,6263
5625,12
5625,2
5626,2112
5626,12
5626,2
5627,12107
5627,12
5627,2
5628,2360
5628,12
5628,2
5629,10005
5629,10817
5629,12
5629,2
5630,209
5630,9381
5630,12
5630,2
5631,6636
5631,12
5631,2
5632,4462
5632,12
5632,2
5634,6775
5634,12
5634,2
5635,10615
5635,12
5635,2
5636,1156
5636,12
5636,2
5637,1346
5637,12
5637,2
5638,9697
5638,698
5638,12
5638,2
5639,923
5639,12
5639,2
5641,2289
5641,12
5641,2
5643,4151
5643,12
5643,2
5644,23
5644,32
5644,42
5644,64
5644,70
5644,85
5644,94
5644,97
5644,662
5644,865
5644,1977
5644,3381
5644,3704
5644,5035
5644,5050
5644,7657
5644,7674
5644,8128
5644,9873
5644,10543
5644,10544
5644,11818
5644,11828
5644,12677
5644,7118
5644,7064
5644,7036
5644,1869
5644,1790
5644,1620
5644,1442
5644,1354
5644,956
5644,925
5644,913
5644,886
5644,833
5644,707
5644,12
5644,1
5646,243
5646,12
5646,2
5647,6570
5647,12
5647,2
5648,4799
5648,12
5648,2
5650,2349
5650,12
5650,2
5651,106
5651,112
5651,113
5651,117
5651,231
5651,669
5651,867
5651,1063
5651,1965
5651,3302
5651,5883
5651,10172
5651,11042
5651,12133
5651,12919
5651,7195
5651,7189
5651,7184
5651,7158
5651,7153
5651,7055
5651,7054
5651,7035
5651,7004
5651,7001
5651,6991
5651,1648
5651,1647
5651,1603
5651,1561
5651,1426
5651,1018
5651,1015
5651,1003
5651,948
5651,935
5651,923
5651,914
5651,877
5651,790
5651,788
5651,761
5651,751
5651,742
5651,729
5651,711
5651,12
5651,1
5654,10721
5654,7045
5654,6958
5654,12
5654,2
5655,882
5655,2651
5655,12
5655,2
5656,12393
5656,12
5656,2
5657,4136
5657,12
5657,2
5658,6955
5658,12
5658,2
5659,8319
5659,12108
5659,12
5659,2
5660,1748
5660,12
5660,2
5661,11742
5661,12
5661,2
5662,10094
5662,12077
5662,12
5662,2
5663,4204
5663,209
5663,2
5664,12313
5664,12
5664,2
5665,3340
5665,12
5665,2
5666,3654
5666,12
5666,2
5667,1073
5667,10241
5667,12
5667,2
5668,2878
5668,12
5668,2
5670,5540
5670,12
5670,5
5671,1122
5671,12
5671,2
5672,7626
5672,12
5672,2
5673,5902
5673,209
5673,2
5675,154
5675,161
5675,166
5675,167
5675,170
5675,172
5675,175
5675,180
5675,185
5675,189
5675,195
5675,198
5675,218
5675,222
5675,227
5675,350
5675,354
5675,357
5675,358
5675,362
5675,378
5675,391
5675,862
5675,873
5675,1051
5675,1090
5675,1570
5675,1573
5675,1594
5675,1961
5675,1964
5675,2261
5675,2473
5675,3022
5675,3714
5675,3901
5675,4074
5675,4101
5675,5685
5675,5687
5675,5690
5675,5692
5675,5694
5675,5699
5675,5702
5675,5708
5675,5716
5675,5723
5675,6071
5675,6107
5675,6480
5675,6738
5675,6829
5675,7008
5675,7124
5675,7159
5675,7548
5675,7668
5675,8114
5675,8163
5675,8605
5675,9342
5675,10784
5675,11037
5675,11048
5675,12029
5675,12616
5675,7196
5675,7188
5675,7186
5675,7164
5675,7161
5675,7142
5675,7139
5675,7131
5675,7031
5675,7029
5675,7027
5675,6992
5675,6988
5675,6987
5675,6116
5675,2073
5675,1870
5675,1850
5675,1834
5675,1788
5675,1773
5675,1744
5675,1738
5675,1737
5675,1734
5675,1711
5675,1702
5675,1695
5675,1687
5675,1659
5675,1584
5675,1506
5675,1482
5675,1437
5675,1424
5675,1409
5675,1151
5675,1150
5675,1149
5675,1144
5675,1143
5675,1142
5675,1141
5675,1140
5675,1138
5675,1135
5675,1123
5675,1122
5675,1121
5675,1120
5675,1117
5675,1116
5675,1114
5675,1113
5675,1112
5675,1111
5675,1110
5675,1109
5675,1105
5675,1104
5675,1103
5675,1100
5675,1099
5675,1098
5675,1096
5675,1091
5675,1089
5675,1086
5675,1083
5675,1080
5675,1079
5675,1078
5675,1076
5675,1075
5675,1074
5675,1073
5675,1071
5675,1070
5675,1067
5675,1066
5675,1062
5675,1060
5675,1056
5675,1055
5675,1052
5675,1049
5675,1048
5675,1047
5675,1042
5675,1037
5675,1036
5675,1035
5675,1033
5675,1030
5675,988
5675,984
5675,975
5675,929
5675,900
5675,884
5675,830
5675,772
5675,500
5675,467
5675,452
5675,443
5675,434
5675,412
5675,205
5675,18
5675,14
5675,12
5675,1
5676,1742
5676,12
5676,2
5677,4274
5677,207
5677,2
5678,3168
5678,12
5678,2
5683,3258
5683,8157
5683,12
5683,2
5684,1463
5684,12
5684,2
5685,5675
5685,12
5685,2
5686,7862
5686,12
5686,3
5687,5675
5687,12
5687,2
5688,1264
5688,12
5688,2
5689,2405
5689,12
5689,2
5690,5675
5690,12
5690,2
5691,5417
5691,12
5691,2
5692,5675
5692,12
5692,2
5693,1687
5693,12
5693,2
5694,5675
5694,12
5694,2
5695,2480
5695,12
5695,2
5696,3655
5696,12
5696,2
5697,8995
5697,12
5697,2
5698,2478
5698,11577
5698,12
5698,2
5699,5675
5699,12
5699,2
5700,6185
5700,12
5700,2
5702,5675
5702,1050
5702,12
5702,2
5703,5968
5703,12
5703,2
5704,765
5704,5719
5704,63
5704,2
5705,1986
5705,12
5705,3
5706,3873
5706,12
5706,3
5707,2302
5707,12
5707,2
5708,5675
5708,12
5708,2
5709,11483
5709,12
5709,2
5710,8050
5710,12
5710,2
5711,5855
5711,12
5711,2
5712,5973
5712,7167
5712,12
5712,2
5714,324
5714,1388
5714,7787
5714,12
5714,3
5715,809
5715,12
5715,2
5716,5675
5716,1054
5716,12
5716,2
5717,720
5717,12
5717,2
5718,2816
5718,12
5718,3
5719,5704
5719,63
5719,3
5720,9184
5720,63
5720,3
5721,10930
5721,11331
5721,12
5721,2
5722,9735
5722,12
5722,2
5723,5675
5723,1094
5723,12
5723,2
5724,1921
5724,12
5724,2
5725,8200
5725,94
5725,209
5725,2
5726,3510
5726,12
5726,2
5727,5010
5727,12
5727,3
5728,8711
5728,12
5728,2
5730,2025
5730,204
5730,2
5732,355
5732,5745
5732,6977
5732,8638
5732,8701
5732,9137
5732,9437
5732,10266
5732,12
5732,2
5734,10267
5734,10557
5734,6095
5734,6035
5734,6020
5734,6019
5734,5893
5734,5884
5734,5851
5734,5831
5734,5790
5734,12
5734,2
5735,775
5735,12
5735,2
5736,7218
5736,341
5736,12
5736,2
5737,5262
5737,12
5737,2
5738,343
5738,5522
5738,6875
5738,7172
5738,8123
5738,8919
5738,9143
5738,9404
5738,10074
5738,12
5738,2
5739,356
5739,411
5739,5525
5739,8125
5739,8427
5739,8920
5739,9405
5739,9438
5739,10079
5739,10272
5739,10808
5739,11421
5739,11829
5739,5087
5739,4745
5739,4743
5739,4742
5739,4741
5739,12
5739,2
5740,3780
5740,12
5740,2
5741,8459
5741,10558
5741,3522
5741,539
5741,12
5741,2
5742,8802
5742,9076
5742,12
5742,2
5743,6203
5743,12
5743,2
5744,9252
5744,12
5744,5
5745,5732
5745,13069
5745,12
5745,1
5747,5262
5747,881
5747,12
5747,2
5748,8903
5748,12
5748,2
5749,5262
5749,12
5749,2
5750,6843
5750,12
5750,2
5751,7381
5751,12
5751,2
5752,8359
5752,6828
5752,199
5752,2
5753,5262
5753,12
5753,2
5754,7800
5754,12
5754,2
5755,2758
5755,12
5755,2
5757,2765
5757,12
5757,2
5758,3780
5758,12
5758,2
5759,7182
5759,2268
5759,623
5759,12
5759,2
5760,2379
5760,12
5760,2
5761,355
5761,9437
5761,5737
5761,5714
5761,5713
5761,5660
5761,5646
5761,5632
5761,5566
5761,5537
5761,5530
5761,5404
5761,5374
5761,5208
5761,5184
5761,12
5761,2
5762,1273
5762,12
5762,2
5763,8701
5763,5715
5763,5610
5763,5396
5763,12
5763,4
5764,8417
5764,32
5764,3
5765,5262
5765,12
5765,2
5766,355
5766,9437
5766,5717
5766,5708
5766,5672
5766,5668
5766,5533
5766,5529
5766,5511
5766,5506
5766,5483
5766,5421
5766,5398
5766,5397
5766,12
5766,2
5767,1255
5767,12
5767,2
5770,8428
5770,6120
5770,6097
5770,6090
5770,6057
5770,6031
5770,6026
5770,5974
5770,5903
5770,5888
5770,5819
5770,5797
5770,5793
5770,5787
5770,12
5770,2
5771,10206
5771,12
5771,2
5772,5262
5772,12
5772,2
5773,5321
5773,6081
5773,6070
5773,6016
5773,6013
5773,5991
5773,5988
5773,5980
5773,5948
5773,5914
5773,5913
5773,5840
5773,5808
5773,5799
5773,12
5773,3
5775,380
5775,687
5775,4489
5775,4473
5775,4448
5775,4422
5775,4410
5775,4377
5775,4324
5775,1310
5775,12
5775,2
5777,1229
5777,4549
5777,4548
5777,4313
5777,12
5777,2
5779,10557
5779,12
5779,2
5780,385
5780,12
5780,3
5781,7536
5781,3199
5781,12
5781,2
5782,9835
5782,6089
5782,6071
5782,6037
5782,6008
5782,5985
5782,5951
5782,5869
5782,5844
5782,12
5782,3
5783,11432
5783,12
5783,3
5784,2284
5784,3985
5784,3983
5784,3947
5784,3816
5784,3581
5784,12
5784,2
5785,8563
5785,10830
5785,12
5785,5
5786,2192
5786,2434
5786,4000
5786,3802
5786,3774
5786,3743
5786,3706
5786,68
5786,12
5786,3
5787,11446
5787,5346
5787,5295
5787,5189
5787,5161
5787,12
5787,3
5788,829
5788,12
5788,4
5791,1914
5791,12
5791,2
5792,8386
5792,12
5792,2
5793,2622
5793,12
5793,2
5795,9978
5795,207
5795,2
5799,10501
5799,12
5799,2
5801,3946
5801,207
5801,2
5802,9077
5802,12
5802,2
5803,7975
5803,12
5803,2
5805,5227
5805,206
5805,2
5806,2172
5806,12
5806,2
5807,4719
5807,5109
5807,5057
5807,5044
5807,5023
5807,5004
5807,4998
5807,4922
5807,4915
5807,4901
5807,4894
5807,4884
5807,4877
5807,4871
5807,12
5807,3
5808,6492
5808,12
5808,2
5809,5836
5809,12
5809,2
5810,5843
5810,12
5810,2
5811,4253
5811,209
5811,2
5812,5880
5812,7040
5812,12
5812,2
5813,10251
5813,11061
5813,12
5813,2
5816,4496
5816,8068
5816,10039
5816,10279
5816,12846
5816,12847
5816,4237
5816,12
5816,1
5817,4719
5817,5347
5817,5326
5817,5302
5817,5259
5817,5232
5817,5227
5817,5205
5817,5156
5817,12
5817,3
5818,12936
5818,12
5818,1
5819,12940
5819,8279
5819,12
5819,1
5820,12940
5820,12
5820,1
5821,12720
5821,12
5821,1
5822,12875
5822,3139
5822,12
5822,1
5823,10152
5823,13085
5823,12
5823,1
5824,12797
5824,12798
5824,288
5824,12
5824,1
5825,12700
5825,12
5825,1
5826,1577
5826,12675
5826,12
5826,1
5827,12779
5827,3497
5827,3494
5827,3491
5827,3479
5827,3473
5827,3467
5827,3466
5827,3462
5827,3426
5827,3425
5827,3421
5827,3420
5827,572
5827,12
5827,1
5828,12719
5828,12
5828,1
5829,12620
5829,12
5829,1
5830,12563
5830,12
5830,1
5831,8118
5831,12560
5831,12
5831,1
5832,4674
5832,12815
5832,12
5832,1
5834,12674
5834,12
5834,1
5835,13104
5835,13105
5835,12
5835,1
5836,5809
5836,12788
5836,2129
5836,12
5836,1
5838,12526
5838,12
5838,1
5839,12674
5839,12
5839,1
5840,12772
5840,12
5840,1
5841,12556
5841,12
5841,1
5842,12742
5842,12
5842,1
5843,5810
5843,12924
5843,12
5843,1
5844,12567
5844,12568
5844,12
5844,1
5845,12681
5845,12
5845,1
5846,12785
5846,12
5846,1
5847,12911
5847,4702
5847,556
5847,12
5847,1
5848,12625
5848,12
5848,1
5849,12893
5849,12894
5849,12
5849,1
5850,12938
5850,8640
5850,7050
5850,6853
5850,6729
5850,3696
5850,3564
5850,12
5850,1
5851,12484
5851,3594
5851,529
5851,12
5851,1
5852,2366
5852,12
5852,2
5853,12885
5853,12
5853,1
5854,5553
5854,12933
5854,12
5854,1
5855,5711
5855,12578
5855,12
5855,1
5856,13093
5856,12
5856,1
5857,12787
5857,12
5857,1
5858,12479
5858,6203
5858,98
5858,12
5858,1
5859,12958
5859,12
5859,1
5860,13017
5860,12
5860,1
5861,545
5861,12
5861,2
5862,12580
5862,12581
5862,12
5862,1
5863,12514
5863,8317
5863,12
5863,1
5864,12646
5864,12647
5864,212
5864,12
5864,1
5865,12478
5865,12
5865,1
5866,13053
5866,334
5866,12
5866,1
5867,12916
5867,12
5867,1
5868,12937
5868,12
5868,1
5869,12716
5869,12
5869,1
5870,13060
5870,1170
5870,12
5870,1
5871,12626
5871,12
5871,1
5872,12776
5872,12
5872,1
5873,12966
5873,12
5873,1
5874,12974
5874,12
5874,1
5875,13090
5875,3672
5875,525
5875,523
5875,246
5875,12
5875,1
5876,13087
5876,12
5876,1
5877,12867
5877,12
5877,1
5878,12801
5878,12
5878,1
5880,5812
5880,12
5880,3
5881,12801
5881,12
5881,1
5882,12879
5882,12
5882,1
5883,5651
5883,63
5883,2
5884,12490
5884,12
5884,1
5885,13097
5885,13098
5885,667
5885,12
5885,1
5886,12939
5886,1691
5886,12
5886,1
5887,8144
5887,12784
5887,12
5887,1
5888,12472
5888,1639
5888,12
5888,1
5889,12618
5889,12
5889,1
5891,12729
5891,12
5891,1
5892,12576
5892,12577
5892,12
5892,1
5893,3744
5893,11129
5893,12895
5893,206
5893,1
5894,8244
5894,12575
5894,206
5894,1
5895,7777
5895,12
5895,2
5896,12876
5896,616
5896,12
5896,1
5897,12876
5897,7554
5897,12
5897,1
5898,12733
5898,12
5898,1
5899,12627
5899,12
5899,1
5900,12733
5900,12
5900,1
5902,5673
5902,13109
5902,12
5902,1
5903,12797
5903,12
5903,1
5904,12942
5904,12
5904,1
5905,2596
5905,12
5905,2
5906,5615
5906,12747
5906,12
5906,1
5907,12622
5907,12
5907,1
5908,12807
5908,12
5908,1
5909,12519
5909,12
5909,1
5910,12927
5910,12
5910,1
5911,12957
5911,12
5911,1
5912,12740
5912,12
5912,1
5913,12948
5913,8847
5913,12
5913,1
5914,12773
5914,12
5914,1
5915,13080
5915,12
5915,1
5916,12917
5916,12
5916,1
5917,12722
5917,8181
5917,12
5917,1
5918,12898
5918,12
5918,1
5919,12774
5919,12
5919,1
5920,12721
5920,12
5920,1
5921,12539
5921,12
5921,1
5922,8113
5922,12884
5922,12
5922,1
5923,12536
5923,12
5923,1
5924,13014
5924,12
5924,1
5925,12483
5925,12
5925,1
5926,12794
5926,12
5926,1
5927,6538
5927,12
5927,2
5929,2201
5929,2247
5929,2264
5929,8428
5929,6087
5929,6086
5929,6050
5929,6049
5929,6024
5929,5963
5929,5891
5929,5837
5929,5823
5929,5810
5929,5796
5929,12
5929,2
5930,13061
5930,12
5930,1
5931,12877
5931,12
5931,1
5932,12862
5932,1227
5932,1205
5932,230
5932,8
5932,12
5932,1
5933,12494
5933,12
5933,1
5934,13025
5934,3625
5934,12
5934,1
5935,12769
5935,12
5935,1
5936,12891
5936,12
5936,1
5937,9061
5937,12
5937,2
5938,12963
5938,12
5938,1
5939,12731
5939,36
5939,12
5939,1
5941,12469
5941,12
5941,1
5942,12469
5942,1257
5942,12
5942,1
5943,12927
5943,12
5943,1
5944,5502
5944,12527
5944,12
5944,1
5945,12535
5945,12
5945,1
5947,11893
5947,12
5947,2
5948,1684
5948,24
5948,2
5949,4840
5949,12
5949,2
5950,12057
5950,12
5950,2
5952,4168
5952,12
5952,2
5954,6000
5954,10901
5954,12
5954,2
5955,6457
5955,204
5955,2
5956,6037
5956,12
5956,2
5957,6038
5957,12
5957,2
5959,6048
5959,12
5959,2
5960,3762
5960,12
5960,2
5961,1991
5961,4719
5961,5326
5961,8658
5961,8679
5961,8688
5961,9177
5961,12986
5961,485
5961,12
5961,1
5962,6081
5962,12
5962,2
5963,5536
5963,12936
5963,12
5963,1
5964,12940
5964,12
5964,1
5965,12703
5965,12
5965,1
5966,12875
5966,12
5966,1
5967,12797
5967,12798
5967,12
5967,1
5968,5703
5968,12797
5968,12798
5968,12
5968,1
5969,13057
5969,12
5969,1
5970,12778
5970,12779
5970,3496
5970,3468
5970,572
5970,12
5970,1
5972,13022
5972,12
5972,1
5973,5712
5973,12563
5973,12
5973,1
5974,12814
5974,12815
5974,3210
5974,3156
5974,12
5974,1
5975,12732
5975,253
5975,12
5975,1
5976,13105
5976,12
5976,1
5977,12526
5977,12
5977,1
5979,12950
5979,12
5979,1
5980,12924
5980,12
5980,1
5981,12567
5981,12568
5981,12
5981,1
5982,12584
5982,12
5982,1
5983,12926
5983,6653
5983,6640
5983,12
5983,1
5984,12926
5984,12
5984,1
5985,13058
5985,7884
5985,12
5985,1
5986,12687
5986,12
5986,1
5987,12682
5987,12
5987,1
5988,13015
5988,12
5988,1
5989,12958
5989,6147
5989,12
5989,1
5990,423
5990,12880
5990,12
5990,1
5991,12938
5991,12
5991,1
5992,12569
5992,12570
5992,2083
5992,12
5992,1
5993,13067
5993,6379
5993,2805
5993,679
5993,296
5993,294
5993,293
5993,12
5993,1
5995,10210
5995,12578
5995,12579
5995,12
5995,1
5997,12872
5997,5555
5997,12
5997,1
5998,12581
5998,12
5998,1
5999,12478
5999,12
5999,1
6000,5954
6000,12631
6000,2515
6000,12
6000,1
6001,12646
6001,12647
6001,12
6001,1
6002,11774
6002,209
6002,2
6003,13053
6003,327
6003,12
6003,1
6004,13091
6004,3624
6004,12
6004,1
6005,8418
6005,12800
6005,12
6005,1
6006,12937
6006,12
6006,1
6007,12805
6007,12
6007,1
6008,12470
6008,12
6008,1
6009,5512
6009,12636
6009,12
6009,1
6010,13060
6010,12
6010,1
6012,12949
6012,12
6012,1
6013,12386
6013,12949
6013,12
6013,1
6014,12564
6014,12
6014,1
6015,12705
6015,12
6015,1
6016,12976
6016,1938
6016,12
6016,1
6017,13087
6017,12
6017,1
6018,13087
6018,12
6018,1
6019,12729
6019,12
6019,1
6020,12953
6020,12
6020,1
6021,7035
6021,12866
6021,12
6021,1
6022,12817
6022,206
6022,1
6023,12489
6023,12490
6023,12
6023,1
6024,12939
6024,8681
6024,8659
6024,8579
6024,7076
6024,12
6024,1
6025,12638
6025,12
6025,1
6026,12784
6026,8167
6026,7894
6026,12
6026,1
6027,12943
6027,12
6027,1
6028,12472
6028,12
6028,1
6029,5186
6029,12476
6029,1247
6029,12
6029,1
6030,12709
6030,12
6030,1
6031,12811
6031,12
6031,1
6032,8494
6032,13093
6032,12
6032,1
6033,12895
6033,6332
6033,371
6033,206
6033,1
6034,12559
6034,7967
6034,12
6034,1
6035,12571
6035,12
6035,1
6036,12620
6036,8561
6036,2729
6036,12
6036,1
6037,5956
6037,12475
6037,12
6037,1
6038,5415
6038,5957
6038,6427
6038,12733
6038,7382
6038,6463
6038,677
6038,354
6038,12
6038,1
6039,4593
6039,13109
6039,12
6039,1
6040,13108
6040,12
6040,1
6041,12704
6041,12
6041,1
6042,12747
6042,12
6042,1
6043,12622
6043,12
6043,1
6044,12806
6044,12807
6044,12
6044,1
6045,13013
6045,12
6045,1
6046,13090
6046,6664
6046,12
6046,1
6047,12792
6047,12
6047,1
6048,5558
6048,5959
6048,12712
6048,12
6048,1
6049,12572
6049,12
6049,1
6051,12627
6051,12
6051,1
6053,12544
6053,12545
6053,2592
6053,2591
6053,2589
6053,2555
6053,2554
6053,2553
6053,2520
6053,2519
6053,2518
6053,2517
6053,2483
6053,2475
6053,2474
6053,2463
6053,2462
6053,2460
6053,2458
6053,2457
6053,12
6053,1
6054,4514
6054,13057
6054,12
6054,1
6055,12874
6055,12
6055,1
6056,12758
6056,12759
6056,6527
6056,6526
6056,6523
6056,6519
6056,6512
6056,6464
6056,3507
6056,3495
6056,3429
6056,3362
6056,3361
6056,3357
6056,3350
6056,3347
6056,3344
6056,3340
6056,3338
6056,3336
6056,3328
6056,3327
6056,3326
6056,3323
6056,3305
6056,3280
6056,3276
6056,3267
6056,3255
6056,3252
6056,3251
6056,3173
6056,3096
6056,3083
6056,3079
6056,3051
6056,3041
6056,3036
6056,3035
6056,3022
6056,12
6056,1
6057,13080
6057,12
6057,1
6058,2103
6058,12898
6058,12
6058,1
6059,12619
6059,473
6059,12
6059,1
6060,12619
6060,12
6060,1
6061,3177
6061,12
6061,2
6062,12539
6062,12
6062,1
6063,12941
6063,12
6063,1
6064,12971
6064,12
6064,1
6065,12533
6065,12
6065,1
6066,12537
6066,12
6066,1
6067,13055
6067,12
6067,1
6068,10238
6068,12
6068,3
6069,7305
6069,12985
6069,12
6069,1
6070,12536
6070,64
6070,12
6070,1
6071,5675
6071,12
6071,2
6072,12823
6072,12
6072,1
6073,12481
6073,12
6073,1
6074,12492
6074,12
6074,1
6075,12491
6075,12492
6075,668
6075,12
6075,1
6076,12530
6076,12
6076,1
6077,13026
6077,13027
6077,12
6077,1
6078,13026
6078,13027
6078,12
6078,1
6079,12862
6079,12
6079,1
6080,12795
6080,12796
6080,8691
6080,1299
6080,12
6080,1
6081,5962
6081,10135
6081,12531
6081,376
6081,292
6081,12
6081,1
6082,12470
6082,12
6082,1
6083,12731
6083,12
6083,1
6084,12962
6084,12
6084,1
6085,12469
6085,12
6085,1
6086,8970
6086,12927
6086,12
6086,1
6087,12714
6087,12
6087,1
6088,5502
6088,12527
6088,12
6088,1
6089,12535
6089,12
6089,1
6090,12535
6090,12
6090,1
6092,7512
6092,567
6092,12
6092,2
6093,3780
6093,12
6093,2
6094,3780
6094,1490
6094,12
6094,2
6095,7507
6095,13
6095,165
6095,2
6096,9470
6096,32
6096,2
6097,6144
6097,12
6097,2
6098,8095
6098,12
6098,3
6100,2875
6100,12
6100,2
6101,6177
6101,12
6101,2
6102,4436
6102,12
6102,2
6103,6235
6103,12
6103,2
6104,4719
6104,13016
6104,12
6104,1
6105,6252
6105,12
6105,3
6106,8323
6106,12
6106,2
6107,5675
6107,63
6107,2
6108,6528
6108,12
6108,2
6111,6562
6111,12
6111,2
6113,12169
6113,12
6113,2
6114,6581
6114,12
6114,2
6115,3651
6115,12
6115,2
6116,2485
6116,6936
6116,12
6116,2
6117,800
6117,2848
6117,4747
6117,9177
6117,9655
6117,12986
6117,485
6117,12
6117,1
6118,12834
6118,7156
6118,12
6118,1
6119,8792
6119,12
6119,5
6120,6610
6120,12
6120,2
6121,213
6121,12
6121,3
6122,2750
6122,12
6122,2
6123,6668
6123,12
6123,2
6124,12537
6124,12
6124,1
6125,6674
6125,12
6125,2
6126,13001
6126,13002
6126,1927
6126,12
6126,1
6128,356
6128,2019
6128,2232
6128,2255
6128,4098
6128,8427
6128,4809
6128,12
6128,2
6129,6733
6129,12
6129,2
6130,278
6130,12940
6130,259
6130,12
6130,1
6131,13082
6131,12
6131,1
6132,12875
6132,12
6132,1
6133,12875
6133,12
6133,1
6134,12620
6134,12
6134,1
6135,13085
6135,12
6135,1
6136,12798
6136,12
6136,1
6137,12697
6137,7301
6137,12
6137,1
6138,12675
6138,12
6138,1
6139,12565
6139,12
6139,1
6140,12563
6140,12
6140,1
6141,9166
6141,12560
6141,12561
6141,12
6141,1
6142,6739
6142,8381
6142,32
6142,2
6143,12891
6143,12
6143,1
6144,6097
6144,12732
6144,12
6144,1
6145,13105
6145,12
6145,1
6146,8417
6146,11463
6146,12946
6146,12
6146,1
6147,6253
6147,12788
6147,12
6147,1
6149,12617
6149,12
6149,1
6150,12526
6150,12
6150,1
6151,12674
6151,12
6151,1
6152,12528
6152,12
6152,1
6154,13021
6154,12
6154,1
6156,12934
6156,12
6156,1
6158,13058
6158,7655
6158,12
6158,1
6159,12682
6159,12
6159,1
6160,12530
6160,12
6160,1
6161,13015
6161,12
6161,1
6162,12557
6162,12
6162,1
6163,12880
6163,12
6163,1
6164,6167
6164,12938
6164,12
6164,1
6165,12569
6165,12570
6165,2155
6165,12
6165,1
6166,12578
6166,12579
6166,12
6166,1
6167,6164
6167,12
6167,2
6168,6778
6168,12
6168,3
6169,13063
6169,12
6169,1
6170,12787
6170,12
6170,1
6171,12479
6171,171
6171,98
6171,12
6171,1
6172,12673
6172,12
6172,1
6173,12478
6173,12
6173,1
6174,12647
6174,12
6174,1
6175,12916
6175,12
6175,1
6176,12874
6176,209
6176,12
6176,1
6177,6101
6177,12937
6177,12
6177,1
6178,12636
6178,12
6178,1
6179,12949
6179,12
6179,1
6180,12965
6180,12966
6180,12
6180,1
6181,13087
6181,7351
6181,12
6181,1
6182,12617
6182,12
6182,1
6184,12802
6184,12
6184,1
6185,5700
6185,12866
6185,12
6185,1
6186,12816
6186,206
6186,1
6187,12890
6187,3663
6187,12
6187,1
6188,12618
6188,12
6188,1
6189,12817
6189,206
6189,1
6190,1981
6190,13098
6190,12
6190,1
6191,12637
6191,12638
6191,1286
6191,12
6191,1
6192,13099
6192,7005
6192,4684
6192,4661
6192,12
6192,1
6193,12513
6193,8070
6193,12
6193,1
6195,12472
6195,12
6195,1
6196,12476
6196,12
6196,1
6197,12724
6197,6847
6197,12
6197,1
6198,5624
6198,12724
6198,12
6198,1
6199,12876
6199,128
6199,12
6199,1
6200,12876
6200,6418
6200,2278
6200,2273
6200,12
6200,1
6201,9433
6201,12475
6201,12
6201,1
6202,12733
6202,313
6202,12
6202,1
6203,5743
6203,12730
6203,12
6203,1
6204,13108
6204,12
6204,1
6205,12704
6205,7330
6205,12
6205,1
6206,12951
6206,12
6206,1
6207,12797
6207,12798
6207,8594
6207,12
6207,1
6208,12747
6208,12
6208,1
6209,13013
6209,12
6209,1
6210,12676
6210,12
6210,1
6211,5558
6211,12712
6211,12
6211,1
6212,12721
6212,1450
6212,12
6212,1
6213,12740
6213,12
6213,1
6214,12627
6214,12
6214,1
6216,12898
6216,12
6216,1
6217,3199
6217,12722
6217,12
6217,1
6218,12774
6218,12
6218,1
6219,12721
6219,12
6219,1
6220,12884
6220,12
6220,1
6221,12970
6221,12
6221,1
6223,13055
6223,12
6223,1
6224,12985
6224,12
6224,1
6225,13055
6225,8692
6225,12
6225,1
6226,12918
6226,12
6226,1
6227,2114
6227,12
6227,2
6228,11038
6228,12794
6228,12
6228,1
6229,6958
6229,12532
6229,12
6229,1
6232,443
6232,12491
6232,12492
6232,6154
6232,12
6232,1
6233,2023
6233,12821
6233,12
6233,1
6234,12820
6234,12
6234,1
6235,6103
6235,12623
6235,7326
6235,12
6235,1
6236,12494
6236,12
6236,1
6237,12795
6237,12796
6237,12
6237,1
6238,11090
6238,3658
6238,12
6238,2
6239,12769
6239,12
6239,1
6240,12963
6240,1946
6240,12
6240,1
6241,13
6241,27
6241,12714
6241,12
6241,1
6242,12470
6242,12
6242,1
6244,12786
6244,2446
6244,2224
6244,1890
6244,12
6244,1
6245,12714
6245,12
6245,1
6246,10780
6246,12527
6246,12
6246,1
6247,11135
6247,12
6247,2
6248,10021
6248,12
6248,2
6249,8863
6249,12
6249,2
6251,11968
6251,12
6251,2
6252,6105
6252,11090
6252,12
6252,2
6253,6147
6253,12
6253,2
6254,4422
6254,5521
6254,12
6254,2
6255,9470
6255,32
6255,2
6256,470
6256,708
6256,1249
6256,8204
6256,12066
6256,12263
6256,12598
6256,1168
6256,251
6256,12
6256,1
6258,6294
6258,12
6258,2
6260,6320
6260,12
6260,2
6262,12936
6262,7030
6262,6996
6262,12
6262,1
6263,5625
6263,8959
6263,12120
6263,13082
6263,12
6263,1
6264,12720
6264,12
6264,1
6265,12875
6265,585
6265,12
6265,1
6266,12797
6266,12798
6266,12
6266,1
6267,41
6267,12700
6267,12
6267,1
6268,12565
6268,12
6268,1
6269,12565
6269,12
6269,1
6270,13022
6270,6711
6270,12
6270,1
6271,12563
6271,12
6271,1
6272,7879
6272,12560
6272,12
6272,1
6273,2078
6273,12815
6273,12
6273,1
6274,12916
6274,8023
6274,12
6274,1
6276,12674
6276,4610
6276,12
6276,1
6277,12946
6277,6896
6277,12
6277,1
6280,12707
6280,8560
6280,12
6280,1
6282,12526
6282,3459
6282,12
6282,1
6283,12738
6283,12
6283,1
6284,12674
6284,12
6284,1
6285,12831
6285,12832
6285,12833
6285,6324
6285,6271
6285,3479
6285,3473
6285,3467
6285,3462
6285,3427
6285,349
6285,12
6285,1
6286,12772
6286,12
6286,1
6288,12870
6288,12
6288,1
6289,13021
6289,12
6289,1
6290,12715
6290,12
6290,1
6291,12924
6291,12
6291,1
6293,12708
6293,12
6293,1
6294,6258
6294,12584
6294,204
6294,12
6294,1
6295,13058
6295,7527
6295,12
6295,1
6296,12785
6296,12
6296,1
6297,12682
6297,12
6297,1
6298,12557
6298,12
6298,1
6299,12880
6299,2800
6299,12
6299,1
6300,12938
6300,12
6300,1
6301,12570
6301,12
6301,1
6302,13067
6302,6624
6302,6623
6302,6622
6302,12
6302,1
6303,12578
6303,12
6303,1
6304,13096
6304,12
6304,1
6305,12578
6305,12579
6305,12
6305,1
6306,13093
6306,12
6306,1
6308,12711
6308,12
6308,1
6309,12581
6309,12
6309,1
6310,5262
6310,829
6310,63
6310,2
6312,12644
6312,12
6312,1
6313,13091
6313,12
6313,1
6314,12800
6314,12
6314,1
6315,12937
6315,8614
6315,6878
6315,6673
6315,6195
6315,617
6315,12
6315,1
6316,12805
6316,12
6316,1
6317,9264
6317,12636
6317,12
6317,1
6318,12949
6318,12
6318,1
6320,6260
6320,12564
6320,12
6320,1
6322,12618
6322,12
6322,1
6323,12867
6323,12
6323,1
6324,12867
6324,12
6324,1
6326,12801
6326,12802
6326,12
6326,1
6327,12866
6327,12
6327,1
6328,12879
6328,12
6328,1
6329,3692
6329,7264
6329,12
6329,2
6330,12866
6330,12
6330,1
6331,12489
6331,12490
6331,7172
6331,12
6331,1
6332,12618
6332,8660
6332,12
6332,1
6333,12816
6333,206
6333,1
6334,12939
6334,12
6334,1
6335,8685
6335,13097
6335,12
6335,1
6336,2276
6336,12
6336,3
6337,12784
6337,12
6337,1
6339,12824
6339,12
6339,1
6340,12512
6340,12
6340,1
6341,12944
6341,344
6341,12
6341,1
6342,12876
6342,8016
6342,12
6342,1
6344,8671
6344,12627
6344,12
6344,1
6345,12730
6345,12
6345,1
6346,12730
6346,4706
6346,12
6346,1
6347,7557
6347,12617
6347,12
6347,1
6348,12676
6348,12
6348,1
6351,12906
6351,2346
6351,2342
6351,2125
6351,2124
6351,2092
6351,2084
6351,2081
6351,2033
6351,12
6351,1
6352,2007
6352,13057
6352,12
6352,1
6353,12622
6353,137
6353,12
6353,1
6354,12917
6354,12
6354,1
6355,12488
6355,12
6355,1
6356,12619
6356,179
6356,12
6356,1
6357,12721
6357,8073
6357,12
6357,1
6358,12884
6358,12
6358,1
6359,12541
6359,8118
6359,8116
6359,8028
6359,6982
6359,6462
6359,12
6359,1
6360,12537
6360,12
6360,1
6361,12969
6361,12
6361,1
6362,12536
6362,12
6362,1
6363,12483
6363,12
6363,1
6364,12918
6364,7986
6364,12
6364,1
6365,13103
6365,12
6365,1
6366,6394
6366,12823
6366,8710
6366,8619
6366,6817
6366,12
6366,1
6367,12480
6367,12
6367,1
6368,2282
6368,12793
6368,12794
6368,12
6368,1
6369,12793
6369,12
6369,1
6370,12492
6370,12
6370,1
6371,12820
6371,12821
6371,12
6371,1
6372,2858
6372,12530
6372,12
6372,1
6373,12623
6373,12
6373,1
6374,13026
6374,13027
6374,12
6374,1
6375,12623
6375,12
6375,1
6376,12494
6376,12
6376,1
6377,12862
6377,12
6377,1
6378,12795
6378,12
6378,1
6379,4248
6379,12962
6379,12
6379,1
6380,12935
6380,12
6380,1
6381,12534
6381,7346
6381,291
6381,12
6381,1
6382,12469
6382,12
6382,1
6383,12916
6383,12
6383,1
6384,12786
6384,12
6384,1
6385,12927
6385,12
6385,1
6386,12387
6386,12
6386,2
6387,8835
6387,12
6387,2
6388,3238
6388,12
6388,2
6389,4947
6389,12
6389,2
6391,8393
6391,10818
6391,12
6391,2
6392,6451
6392,12
6392,2
6393,6468
6393,12
6393,2
6394,1355
6394,3520
6394,3705
6394,5157
6394,6366
6394,6491
6394,12834
6394,6811
6394,6676
6394,1951
6394,349
6394,283
6394,12
6394,1
6395,6420
6395,12
6395,2
6396,12683
6396,12
6396,1
6397,10703
6397,12875
6397,12
6397,1
6399,13085
6399,3604
6399,3515
6399,12
6399,1
6400,12797
6400,12
6400,1
6401,12675
6401,12
6401,1
6402,3023
6402,12775
6402,12
6402,1
6403,12565
6403,12
6403,1
6404,12916
6404,8110
6404,12
6404,1
6405,13104
6405,12
6405,1
6407,12788
6407,8826
6407,544
6407,12
6407,1
6408,3967
6408,32
6408,2
6410,13105
6410,12
6410,1
6411,12772
6411,12
6411,1
6412,12528
6412,12
6412,1
6413,12742
6413,604
6413,12
6413,1
6414,13029
6414,12
6414,1
6415,12924
6415,12
6415,1
6416,6902
6416,12567
6416,12
6416,1
6418,12681
6418,12
6418,1
6419,12926
6419,12
6419,1
6420,6395
6420,12681
6420,12
6420,1
6421,12896
6421,12
6421,1
6422,13058
6422,12
6422,1
6423,12682
6423,12
6423,1
6424,7023
6424,7817
6424,12
6424,3
6425,12952
6425,12
6425,1
6426,12557
6426,12
6426,1
6427,6038
6427,319
6427,12
6427,2
6428,12872
6428,12
6428,1
6429,13062
6429,12
6429,1
6430,6812
6430,13096
6430,12
6430,1
6432,13093
6432,6162
6432,6160
6432,12
6432,1
6433,13063
6433,2789
6433,12
6433,1
6434,12787
6434,7211
6434,12
6434,1
6435,12958
6435,476
6435,12
6435,1
6436,12673
6436,12
6436,1
6437,12711
6437,12
6437,1
6438,12646
6438,12647
6438,362
6438,12
6438,1
6439,12916
6439,12
6439,1
6440,12805
6440,12
6440,1
6441,12636
6441,12
6441,1
6442,6442
6442,13088
6442,12
6442,1
6443,12949
6443,2085
6443,12
6443,1
6444,12618
6444,3623
6444,12
6444,1
6445,10735
6445,12729
6445,12
6445,1
6446,10474
6446,12
6446,2
6447,12977
6447,12
6447,1
6448,12801
6448,12802
6448,1177
6448,12
6448,1
6449,13094
6449,13095
6449,34
6449,12
6449,1
6450,3692
6450,694
6450,12
6450,2
6451,6392
6451,12866
6451,12
6451,1
6452,12618
6452,12
6452,1
6453,12637
6453,12638
6453,12
6453,1
6454,12784
6454,12
6454,1
6455,12813
6455,12
6455,1
6456,12513
6456,12
6456,1
6457,5955
6457,12696
6457,12
6457,1
6458,12472
6458,7910
6458,333
6458,12
6458,1
6459,12618
6459,12
6459,1
6460,12476
6460,12
6460,1
6461,12476
6461,12
6461,1
6462,12724
6462,12
6462,1
6463,10766
6463,12571
6463,12
6463,1
6464,12572
6464,12
6464,1
6465,4761
6465,12475
6465,12
6465,1
6466,12733
6466,7777
6466,2674
6466,12
6466,1
6467,12704
6467,12
6467,1
6468,6393
6468,12622
6468,12
6468,1
6469,13090
6469,12
6469,1
6470,668
6470,12792
6470,12
6470,1
6471,12676
6471,2469
6471,12
6471,1
6472,12957
6472,2735
6472,12
6472,1
6473,12947
6473,1660
6473,12
6473,1
6474,12947
6474,12
6474,1
6476,12679
6476,6471
6476,2998
6476,2985
6476,2971
6476,2963
6476,2906
6476,2901
6476,2900
6476,2869
6476,2866
6476,2864
6476,2849
6476,2808
6476,12
6476,1
6477,12622
6477,38
6477,12
6477,1
6478,12803
6478,12
6478,1
6479,12898
6479,12
6479,1
6480,5675
6480,19
6480,12
6480,2
6481,12941
6481,3693
6481,12
6481,1
6482,12368
6482,12
6482,2
6483,12970
6483,12971
6483,8057
6483,7802
6483,12
6483,1
6484,12967
6484,12
6484,1
6485,12537
6485,12
6485,1
6486,12985
6486,12
6486,1
6487,13055
6487,2286
6487,12
6487,1
6488,2460
6488,12483
6488,12
6488,1
6489,12482
6489,12483
6489,12
6489,1
6490,12918
6490,8077
6490,12
6490,1
6491,6394
6491,12823
6491,8793
6491,8115
6491,7077
6491,6748
6491,6730
6491,3401
6491,2585
6491,2364
6491,1589
6491,12
6491,1
6492,5808
6492,12622
6492,12
6492,1
6493,12341
6493,12
6493,2
6497,13103
6497,12
6497,1
6498,12491
6498,12492
6498,12
6498,1
6499,12873
6499,8586
6499,6873
6499,6172
6499,2966
6499,10
6499,12
6499,1
6500,7418
6500,12873
6500,12
6500,1
6501,13065
6501,12
6501,1
6502,12530
6502,12
6502,1
6503,12494
6503,12
6503,1
6504,12862
6504,1301
6504,1205
6504,603
6504,230
6504,12
6504,1
6505,13025
6505,12
6505,1
6506,12769
6506,1153
6506,12
6506,1
6507,13059
6507,12
6507,1
6508,12962
6508,6253
6508,12
6508,1
6509,12918
6509,12
6509,1
6510,12927
6510,12
6510,1
6511,6936
6511,12
6511,2
6514,13084
6514,12
6514,1
6516,12703
6516,12
6516,1
6517,12797
6517,12
6517,1
6518,12700
6518,12
6518,1
6519,13052
6519,12
6519,1
6521,201
6521,12620
6521,12
6521,1
6522,12566
6522,12
6522,1
6523,12855
6523,12
6523,1
6524,7854
6524,12585
6524,12
6524,1
6525,12566
6525,12
6525,1
6527,238
6527,12561
6527,12
6527,1
6528,6108
6528,12560
6528,12561
6528,3668
6528,12
6528,1
6529,12771
6529,12
6529,1
6530,12991
6530,6237
6530,4740
6530,12
6530,1
6531,12562
6531,8335
6531,6805
6531,6691
6531,2767
6531,1899
6531,1441
6531,521
6531,12
6531,1
6532,12636
6532,12
6532,1
6533,12533
6533,1041
6533,12
6533,1
6534,12788
6534,1537
6534,12
6534,1
6535,12854
6535,12
6535,1
6536,460
6536,12
6536,2
6537,12854
6537,12
6537,1
6538,5927
6538,12653
6538,12
6538,1
6539,12707
6539,12
6539,1
6540,12783
6540,12
6540,1
6542,12707
6542,12
6542,1
6543,13104
6543,12
6543,1
6544,12950
6544,12
6544,1
6545,12528
6545,12
6545,1
6546,12556
6546,12
6546,1
6549,12870
6549,12
6549,1
6550,12715
6550,12
6550,1
6552,12567
6552,12568
6552,8632
6552,12
6552,1
6553,13056
6553,8538
6553,12
6553,1
6554,12749
6554,7217
6554,12
6554,1
6556,12763
6556,12
6556,1
6557,12929
6557,12
6557,1
6558,12934
6558,12
6558,1
6559,12741
6559,74
6559,12
6559,1
6560,12896
6560,3449
6560,12
6560,1
6561,12896
6561,12
6561,1
6562,6111
6562,12681
6562,12
6562,1
6563,12896
6563,12
6563,1
6564,12682
6564,1340
6564,12
6564,1
6566,12540
6566,7173
6566,7145
6566,7084
6566,7080
6566,7075
6566,3493
6566,12
6566,1
6567,13015
6567,12
6567,1
6568,12901
6568,12
6568,1
6569,13015
6569,12
6569,1
6570,5647
6570,12625
6570,12
6570,1
6571,4692
6571,12
6571,2
6572,12868
6572,12
6572,1
6573,13052
6573,12
6573,1
6574,12880
6574,12
6574,1
6575,12479
6575,12
6575,1
6576,12885
6576,12
6576,1
6577,13067
6577,12
6577,1
6578,12885
6578,12
6578,1
6579,12578
6579,4247
6579,2740
6579,12
6579,1
6580,12485
6580,12486
6580,8750
6580,5139
6580,4895
6580,2774
6580,12
6580,1
6581,6114
6581,8941
6581,10238
6581,10821
6581,13066
6581,2184
6581,2032
6581,12
6581,1
6582,12933
6582,12
6582,1
6583,859
6583,13063
6583,12
6583,1
6584,13099
6584,12
6584,1
6585,12872
6585,6414
6585,12
6585,1
6586,12673
6586,6212
6586,12
6586,1
6587,12711
6587,8093
6587,12
6587,1
6588,2999
6588,12711
6588,12
6588,1
6589,867
6589,12919
6589,8820
6589,7294
6589,6661
6589,12
6589,1
6591,12631
6591,12
6591,1
6592,4384
6592,12646
6592,12647
6592,8318
6592,8147
6592,8103
6592,7861
6592,7836
6592,7808
6592,7513
6592,6420
6592,12
6592,1
6593,12646
6593,12
6593,1
6594,12639
6594,12
6594,1
6595,12956
6595,12
6595,1
6596,12799
6596,12800
6596,2201
6596,12
6596,1
6597,2485
6597,6983
6597,12
6597,2
6598,12805
6598,12
6598,1
6599,12636
6599,12
6599,1
6600,6600
6600,12921
6600,13088
6600,12
6600,1
6601,12956
6601,12
6601,1
6602,4085
6602,12705
6602,2727
6602,12
6602,1
6603,12949
6603,12
6603,1
6604,12790
6604,8761
6604,7834
6604,12
6604,1
6605,12986
6605,8712
6605,8635
6605,7194
6605,6820
6605,3661
6605,2004
6605,485
6605,12
6605,1
6606,11466
6606,13090
6606,8133
6606,12
6606,1
6607,12976
6607,1938
6607,364
6607,12
6607,1
6608,13090
6608,7314
6608,7303
6608,12
6608,1
6609,4093
6609,12713
6609,1446
6609,12
6609,1
6610,6120
6610,13009
6610,12
6610,1
6612,12977
6612,12
6612,1
6613,12799
6613,12
6613,1
6618,12374
6618,12953
6618,12
6618,1
6619,8096
6619,12816
6619,206
6619,1
6620,12879
6620,12
6620,1
6621,13095
6621,12
6621,1
6622,3692
6622,6108
6622,3469
6622,2795
6622,703
6622,12
6622,2
6623,12866
6623,12
6623,1
6624,12803
6624,5468
6624,12
6624,1
6625,13095
6625,12
6625,1
6626,12738
6626,12
6626,1
6627,12490
6627,12
6627,1
6628,12784
6628,12
6628,1
6629,12813
6629,12
6629,1
6630,13099
6630,12
6630,1
6631,12809
6631,12
6631,1
6632,12696
6632,7128
6632,12
6632,1
6633,12943
6633,429
6633,12
6633,1
6634,12618
6634,12
6634,1
6635,12476
6635,12
6635,1
6636,5631
6636,12811
6636,12
6636,1
6637,13093
6637,6953
6637,12
6637,1
6638,12597
6638,12709
6638,12
6638,1
6639,12634
6639,12
6639,1
6640,12576
6640,12577
6640,12
6640,1
6641,3933
6641,12
6641,2
6642,12572
6642,8783
6642,8641
6642,8497
6642,5131
6642,2809
6642,1324
6642,208
6642,12
6642,1
6644,12650
6644,2571
6644,12
6644,1
6645,5573
6645,12559
6645,12
6645,1
6646,12876
6646,12
6646,1
6647,12571
6647,12
6647,1
6648,5557
6648,12876
6648,12
6648,1
6649,4090
6649,13121
6649,6948
6649,12
6649,1
6650,12627
6650,12
6650,1
6651,12733
6651,8114
6651,12
6651,1
6652,13119
6652,12
6652,1
6653,12573
6653,12
6653,1
6654,12729
6654,12
6654,1
6655,12730
6655,12
6655,1
6657,12574
6657,12575
6657,206
6657,1
6658,13109
6658,12
6658,1
6659,12606
6659,12
6659,1
6660,12724
6660,1346
6660,12
6660,1
6661,12951
6661,12
6661,1
6662,12791
6662,12792
6662,1329
6662,1253
6662,266
6662,12
6662,1
6663,12942
6663,12
6663,1
6664,12797
6664,12798
6664,1539
6664,12
6664,1
6665,12792
6665,12
6665,1
6668,6123
6668,10237
6668,12676
6668,12
6668,1
6669,12809
6669,12
6669,1
6670,12957
6670,7388
6670,12
6670,1
6671,12789
6671,8027
6671,7111
6671,7110
6671,7078
6671,3609
6671,12
6671,1
6672,12740
6672,7270
6672,3065
6672,12
6672,1
6673,7824
6673,12740
6673,12
6673,1
6674,6125
6674,13057
6674,1161
6674,12
6674,1
6675,13080
6675,12
6675,1
6676,12725
6676,7057
6676,6708
6676,12
6676,1
6677,12774
6677,12
6677,1
6678,12619
6678,7804
6678,12
6678,1
6679,12984
6679,3597
6679,2157
6679,12
6679,1
6680,12542
6680,8248
6680,7151
6680,7150
6680,7144
6680,7143
6680,12
6680,1
6681,12539
6681,12
6681,1
6682,12539
6682,12
6682,1
6683,12970
6683,12
6683,1
6684,12970
6684,12971
6684,1334
6684,12
6684,1
6685,10592
6685,12965
6685,12
6685,1
6686,12541
6686,8345
6686,12
6686,1
6687,12968
6687,12969
6687,12
6687,1
6688,12969
6688,12
6688,1
6690,12543
6690,12
6690,1
6691,13102
6691,13103
6691,6969
6691,12
6691,1
6692,12483
6692,12
6692,1
6693,12480
6693,12481
6693,6443
6693,12
6693,1
6695,12496
6695,8653
6695,12
6695,1
6696,12492
6696,12
6696,1
6697,12854
6697,3585
6697,12
6697,1
6698,12821
6698,12
6698,1
6699,12498
6699,7268
6699,12
6699,1
6700,12873
6700,7908
6700,7125
6700,6586
6700,12
6700,1
6701,13064
6701,12
6701,1
6702,342
6702,2224
6702,2250
6702,2266
6702,2286
6702,2450
6702,4719
6702,5194
6702,6973
6702,6996
6702,6426
6702,12
6702,2
6704,13065
6704,6787
6704,6281
6704,1178
6704,12
6704,1
6705,12532
6705,12
6705,1
6706,13026
6706,13027
6706,8763
6706,2647
6706,12
6706,1
6707,12877
6707,12
6707,1
6708,12623
6708,7916
6708,280
6708,12
6708,1
6709,12494
6709,12
6709,1
6710,12888
6710,12
6710,1
6712,12862
6712,12
6712,1
6713,13031
6713,7762
6713,7149
6713,12
6713,1
6714,13030
6714,8583
6714,8479
6714,12
6714,1
6715,13101
6715,12
6715,1
6716,13102
6716,12
6716,1
6717,12531
6717,12
6717,1
6718,12951
6718,4572
6718,12
6718,1
6719,12963
6719,12
6719,1
6720,12926
6720,12
6720,1
6721,12891
6721,12
6721,1
6722,12983
6722,12
6722,1
6724,12731
6724,12
6724,1
6725,1070
6725,8934
6725,12962
6725,12
6725,1
6726,12918
6726,12
6726,1
6727,12770
6727,12
6727,1
6728,12916
6728,7787
6728,12
6728,1
6729,7865
6729,206
6729,4
6730,12469
6730,7839
6730,12
6730,1
6732,12714
6732,12
6732,1
6733,6129
6733,12527
6733,12
6733,1
6734,12748
6734,12
6734,1
6735,12535
6735,12
6735,1
6736,1100
6736,12
6736,2
6737,10935
6737,12
6737,2
6738,5675
6738,1021
6738,12
6738,2
6739,6142
6739,32
6739,3
6740,6770
6740,12
6740,2
6742,6795
6742,10229
6742,12
6742,2
6744,12675
6744,12
6744,1
6745,12473
6745,12
6745,1
6746,12720
6746,12
6746,1
6747,13085
6747,12
6747,1
6748,12798
6748,12
6748,1
6749,7567
6749,12779
6749,6935
6749,6914
6749,572
6749,12
6749,1
6750,8165
6750,12
6750,3
6751,12563
6751,12
6751,1
6752,12561
6752,12
6752,1
6753,12916
6753,7946
6753,12
6753,1
6754,12891
6754,12
6754,1
6755,13104
6755,13105
6755,12
6755,1
6756,12523
6756,12
6756,1
6757,12741
6757,12
6757,1
6759,12474
6759,8361
6759,12
6759,1
6760,12742
6760,3576
6760,604
6760,12
6760,1
6761,164
6761,12924
6761,12
6761,1
6762,6902
6762,12567
6762,12568
6762,12
6762,1
6763,12567
6763,12568
6763,12
6763,1
6765,12708
6765,12
6765,1
6766,12584
6766,12
6766,1
6767,12896
6767,12
6767,1
6769,13058
6769,12
6769,1
6770,5519
6770,6740
6770,8442
6770,12687
6770,12
6770,1
6771,12682
6771,12
6771,1
6772,12880
6772,12
6772,1
6773,12479
6773,6408
6773,98
6773,12
6773,1
6774,12578
6774,12
6774,1
6775,5634
6775,13096
6775,12
6775,1
6776,12885
6776,12
6776,1
6777,13096
6777,12
6777,1
6778,6168
6778,7251
6778,12
6778,2
6780,12673
6780,12
6780,1
6781,214
6781,12
6781,2
6782,12478
6782,12
6782,1
6783,4240
6783,12646
6783,12
6783,1
6784,5600
6784,12633
6784,2856
6784,2854
6784,545
6784,12
6784,1
6785,5262
6785,876
6785,63
6785,2
6786,12956
6786,12
6786,1
6787,12916
6787,12
6787,1
6788,13091
6788,12
6788,1
6789,12937
6789,8080
6789,12
6789,1
6790,12626
6790,12
6790,1
6791,12949
6791,12
6791,1
6793,12564
6793,1175
6793,12
6793,1
6794,12976
6794,1938
6794,364
6794,12
6794,1
6795,1593
6795,6742
6795,12713
6795,12
6795,1
6796,12729
6796,8833
6796,8349
6796,6614
6796,12
6796,1
6798,12801
6798,12
6798,1
6799,12977
6799,12
6799,1
6800,11522
6800,12
6800,2
6801,13014
6801,8680
6801,2410
6801,2378
6801,12
6801,1
6802,8668
6802,12801
6802,12
6802,1
6803,12801
6803,12
6803,1
6804,12953
6804,218
6804,12
6804,1
6805,3692
6805,7293
6805,12
6805,2
6806,12939
6806,12
6806,1
6808,12943
6808,6922
6808,12
6808,1
6809,12696
6809,3219
6809,3133
6809,12
6809,1
6810,12472
6810,12
6810,1
6811,12824
6811,12
6811,1
6812,6430
6812,12
6812,2
6813,10348
6813,12702
6813,2785
6813,12
6813,1
6814,12729
6814,2513
6814,12
6814,1
6815,12724
6815,12
6815,1
6816,12876
6816,7966
6816,12
6816,1
6817,12733
6817,3191
6817,12
6817,1
6818,12747
6818,1165
6818,1158
6818,12
6818,1
6819,13090
6819,12
6819,1
6820,12676
6820,12
6820,1
6821,12712
6821,12
6821,1
6822,12676
6822,12
6822,1
6823,12947
6823,1471
6823,12
6823,1
6824,13057
6824,12
6824,1
6825,12622
6825,12
6825,1
6826,12831
6826,12832
6826,12833
6826,2552
6826,2550
6826,2549
6826,2548
6826,2543
6826,2540
6826,2539
6826,2538
6826,2537
6826,2536
6826,2535
6826,2534
6826,2468
6826,2467
6826,479
6826,349
6826,53
6826,12
6826,1
6827,12774
6827,12
6827,1
6828,12972
6828,12973
6828,12
6828,1
6829,5675
6829,12
6829,2
6830,12704
6830,12
6830,1
6831,13103
6831,12
6831,1
6832,4898
6832,12967
6832,12
6832,1
6833,12536
6833,12
6833,1
6834,12536
6834,12
6834,1
6835,13014
6835,1214
6835,12
6835,1
6836,12483
6836,12
6836,1
6837,12823
6837,12
6837,1
6839,12793
6839,12
6839,1
6840,5372
6840,13090
6840,12
6840,1
6841,13103
6841,12
6841,1
6842,12821
6842,12
6842,1
6843,5750
6843,12820
6843,12
6843,1
6844,13093
6844,12
6844,1
6845,12873
6845,8559
6845,563
6845,12
6845,1
6846,13026
6846,13027
6846,12
6846,1
6847,13026
6847,13027
6847,12
6847,1
6848,2272
6848,12494
6848,12
6848,1
6849,12862
6849,12
6849,1
6851,9468
6851,12769
6851,12
6851,1
6853,12714
6853,12
6853,1
6854,12962
6854,12
6854,1
6855,12935
6855,12
6855,1
6856,12469
6856,12
6856,1
6857,12900
6857,12
6857,1
6858,12732
6858,1655
6858,12
6858,1
6859,12680
6859,12
6859,1
6860,12714
6860,12
6860,1
6861,12883
6861,12
6861,1
6862,5262
6862,1023
6862,63
6862,2
6863,765
6863,63
6863,2
6864,8652
6864,8123
6864,32
6864,2
6865,6905
6865,12
6865,2
6867,2940
6867,12
6867,2
6868,447
6868,1440
6868,1635
6868,1835
6868,6934
6868,7919
6868,8479
6868,9019
6868,9213
6868,12597
6868,12598
6868,12599
6868,6593
6868,2681
6868,1118
6868,1040
6868,821
6868,12
6868,0
6869,12806
6869,12
6869,1
6871,12918
6871,12
6871,1
6873,8236
6873,12
6873,2
6874,7257
6874,12
6874,2
6875,5521
6875,5738
6875,8122
6875,8426
6875,8918
6875,9403
6875,9635
6875,9838
6875,10035
6875,10072
6875,10807
6875,11420
6875,12584
6875,12585
6875,4151
6875,4150
6875,4149
6875,4087
6875,571
6875,369
6875,12
6875,1
6876,13082
6876,12
6876,1
6877,3837
6877,4951
6877,4863
6877,4859
6877,4853
6877,12
6877,4
6878,13084
6878,12
6878,1
6879,3043
6879,12
6879,2
6880,7433
6880,8426
6880,3982
6880,3979
6880,3969
6880,3871
6880,571
6880,12
6880,2
6881,9838
6881,4220
6881,4145
6881,4031
6881,12
6881,3
6882,12390
6882,4570
6882,4554
6882,4553
6882,4519
6882,4509
6882,4458
6882,4455
6882,4351
6882,4343
6882,4320
6882,12
6882,5
6884,4098
6884,4791
6884,12
6884,4
6885,12471
6885,12
6885,1
6887,7935
6887,8190
6887,32
6887,2
6888,12561
6888,12
6888,1
6889,12916
6889,1543
6889,12
6889,1
6890,8429
6890,4536
6890,4534
6890,4506
6890,4472
6890,4397
6890,4383
6890,12
6890,2
6891,12522
6891,12523
6891,4236
6891,12
6891,1
6892,12946
6892,7336
6892,12
6892,1
6893,2432
6893,4660
6893,4657
6893,12
6893,3
6894,12621
6894,12
6894,1
6895,4051
6895,4641
6895,4612
6895,12
6895,3
6896,13104
6896,12
6896,1
6899,12474
6899,12
6899,1
6900,13021
6900,12
6900,1
6901,12924
6901,5773
6901,12
6901,1
6902,6416
6902,6762
6902,12568
6902,12
6902,1
6904,5610
6904,12934
6904,12
6904,1
6905,6865
6905,12889
6905,12
6905,1
6906,12557
6906,1212
6906,12
6906,1
6907,13052
6907,12
6907,1
6908,13062
6908,12
6908,1
6909,13096
6909,12
6909,1
6910,240
6910,12539
6910,199
6910,1
6911,13063
6911,12
6911,1
6912,12787
6912,12
6912,1
6913,12787
6913,12
6913,1
6914,12872
6914,12
6914,1
6915,12646
6915,12
6915,1
6916,1390
6916,12956
6916,12
6916,1
6917,12916
6917,12
6917,1
6918,12247
6918,12799
6918,12
6918,1
6919,5102
6919,63
6919,3
6920,12636
6920,12
6920,1
6921,7836
6921,12626
6921,12
6921,1
6922,12949
6922,12
6922,1
6923,12776
6923,8721
6923,4680
6923,12
6923,1
6924,12974
6924,12
6924,1
6925,13087
6925,786
6925,12
6925,1
6926,45
6926,48
6926,111
6926,272
6926,2240
6926,3544
6926,4471
6926,9168
6926,9389
6926,12028
6926,12541
6926,1866
6926,1777
6926,1743
6926,1447
6926,1024
6926,1019
6926,1002
6926,973
6926,971
6926,963
6926,958
6926,955
6926,951
6926,905
6926,898
6926,878
6926,873
6926,871
6926,865
6926,859
6926,849
6926,847
6926,834
6926,822
6926,818
6926,803
6926,798
6926,792
6926,758
6926,738
6926,735
6926,411
6926,403
6926,277
6926,252
6926,211
6926,188
6926,148
6926,125
6926,115
6926,99
6926,12
6926,1
6927,12729
6927,12
6927,1
6928,12801
6928,12
6928,1
6929,12953
6929,12
6929,1
6930,3830
6930,12866
6930,12
6930,1
6931,12784
6931,8256
6931,7980
6931,12
6931,1
6932,8619
6932,12574
6932,206
6932,1
6933,12827
6933,12
6933,1
6934,6868
6934,1835
6934,1753
6934,1735
6934,1145
6934,1129
6934,1124
6934,1107
6934,1106
6934,1102
6934,1097
6934,1093
6934,1092
6934,1084
6934,1081
6934,1072
6934,1068
6934,1065
6934,1059
6934,1053
6934,1046
6934,1043
6934,1034
6934,1028
6934,1012
6934,1011
6934,1010
6934,1005
6934,996
6934,989
6934,987
6934,982
6934,979
6934,978
6934,967
6934,957
6934,946
6934,945
6934,941
6934,928
6934,915
6934,911
6934,903
6934,899
6934,885
6934,875
6934,870
6934,866
6934,864
6934,856
6934,853
6934,851
6934,845
6934,843
6934,840
6934,839
6934,838
6934,826
6934,825
6934,819
6934,813
6934,812
6934,811
6934,804
6934,795
6934,794
6934,791
6934,789
6934,785
6934,779
6934,777
6934,749
6934,748
6934,734
6934,726
6934,720
6934,136
6934,12
6934,1
6935,12472
6935,1154
6935,685
6935,12
6935,1
6936,858
6936,6511
6936,12476
6936,12
6936,1
6937,12709
6937,12
6937,1
6938,13093
6938,12
6938,1
6939,12724
6939,12
6939,1
6940,12944
6940,12
6940,1
6941,12572
6941,12
6941,1
6942,12876
6942,8059
6942,12
6942,1
6943,12627
6943,1931
6943,12
6943,1
6944,12729
6944,12
6944,1
6945,12942
6945,12
6945,1
6946,12798
6946,12
6946,1
6947,13013
6947,6954
6947,12
6947,1
6948,12792
6948,6870
6948,12
6948,1
6949,12712
6949,12
6949,1
6950,12806
6950,12
6950,1
6951,12729
6951,12
6951,1
6952,12947
6952,12
6952,1
6953,12622
6953,12
6953,1
6954,13080
6954,413
6954,12
6954,1
6955,5658
6955,12917
6955,12
6955,1
6956,12774
6956,12
6956,1
6957,12220
6957,12619
6957,183
6957,12
6957,1
6958,6229
6958,12
6958,2
6960,12971
6960,12
6960,1
6961,12533
6961,316
6961,12
6961,1
6963,12985
6963,12
6963,1
6964,12536
6964,12
6964,1
6965,12536
6965,12
6965,1
6966,13094
6966,12
6966,1
6967,13103
6967,12
6967,1
6968,8672
6968,9346
6968,12
6968,2
6970,12496
6970,6660
6970,6648
6970,6405
6970,6393
6970,12
6970,1
6971,13090
6971,6434
6971,3674
6971,1240
6971,12
6971,1
6972,12820
6972,12
6972,1
6973,3865
6973,3881
6973,4719
6973,6702
6973,7141
6973,12
6973,3
6974,8496
6974,13101
6974,12
6974,1
6975,2874
6975,12
6975,2
6976,9137
6976,5732
6976,5730
6976,5709
6976,5651
6976,5649
6976,5648
6976,5627
6976,5538
6976,5503
6976,5432
6976,5425
6976,5423
6976,5171
6976,12
6976,4
6977,5732
6977,5327
6977,5322
6977,5304
6977,5288
6977,5252
6977,5204
6977,5200
6977,5177
6977,5173
6977,5167
6977,12
6977,3
6979,9557
6979,12
6979,2
6980,3835
6980,6079
6980,6065
6980,6061
6980,6056
6980,6021
6980,5949
6980,5906
6980,5905
6980,5835
6980,5827
6980,12
6980,3
6981,12470
6981,2501
6981,12
6981,1
6982,8062
6982,6105
6982,6103
6982,6094
6982,6085
6982,6014
6982,6010
6982,5967
6982,5956
6982,5865
6982,5806
6982,12
6982,3
6983,12935
6983,12
6983,1
6984,13023
6984,13024
6984,12
6984,1
6985,3362
6985,3776
6985,12
6985,3
6986,12732
6986,12
6986,1
6987,2192
6987,2434
6987,4028
6987,3973
6987,3971
6987,3953
6987,3912
6987,3886
6987,3883
6987,3755
6987,3741
6987,68
6987,12
6987,3
6988,12927
6988,6783
6988,12
6988,1
6989,12680
6989,6177
6989,3365
6989,2511
6989,2037
6989,12
6989,1
6990,5326
6990,5345
6990,5277
6990,12
6990,3
6991,12714
6991,12
6991,1
6992,12680
6992,12
6992,1
6993,11986
6993,5152
6993,12
6993,4
6994,12527
6994,12
6994,1
6995,10997
6995,5274
6995,5260
6995,5157
6995,12
6995,4
6996,6702
6996,5092
6996,5072
6996,5028
6996,4972
6996,12
6996,3
6997,10918
6997,12
6997,2
6998,7433
6998,8426
6998,3848
6998,3812
6998,3722
6998,571
6998,12
6998,2
6999,9838
6999,12
6999,3
7000,12390
7000,4542
7000,4518
7000,4443
7000,4438
7000,4301
7000,12
7000,5
7001,4098
7001,12
7001,4
7002,8330
7002,12
7002,5
7003,9088
7003,12
7003,2
7004,2432
7004,4598
7004,12
7004,3
7005,4051
7005,4620
7005,12
7005,3
7006,8268
7006,12
7006,2
7007,834
7007,12
7007,2
7008,5675
7008,12
7008,2
7009,9137
7009,5693
7009,5689
7009,5684
7009,5682
7009,5659
7009,5639
7009,5573
7009,5561
7009,5545
7009,5507
7009,5385
7009,5383
7009,12
7009,4
7010,3835
7010,6076
7010,6066
7010,6060
7010,6048
7010,5979
7010,5975
7010,5941
7010,5927
7010,5916
7010,5868
7010,5866
7010,5836
7010,5811
7010,5795
7010,12
7010,3
7011,8062
7011,6042
7011,6000
7011,5994
7011,12
7011,3
7012,3362
7012,4014
7012,12
7012,3
7013,2192
7013,2434
7013,4026
7013,4005
7013,3874
7013,3836
7013,3788
7013,3781
7013,68
7013,12
7013,3
7014,11986
7014,5341
7014,5305
7014,5256
7014,5223
7014,12
7014,4
7015,10997
7015,5241
7015,5219
7015,5216
7015,5192
7015,5182
7015,5176
7015,12
7015,4
7016,7433
7016,8426
7016,4065
7016,3919
7016,3833
7016,3783
7016,3737
7016,571
7016,12
7016,2
7017,9838
7017,12
7017,3
7018,3674
7018,12
7018,2
7020,2192
7020,2434
7020,4017
7020,3998
7020,3986
7020,3946
7020,3944
7020,3826
7020,3804
7020,3762
7020,3729
7020,68
7020,12
7020,3
7021,11986
7021,5294
7021,5257
7021,5209
7021,12
7021,4
7022,10997
7022,12
7022,4
7023,6424
7023,7583
7023,12
7023,2
7024,7433
7024,8426
7024,4106
7024,3987
7024,3709
7024,571
7024,12
7024,2
7025,9838
7025,4194
7025,4178
7025,4165
7025,4163
7025,4035
7025,12
7025,3
7026,5396
7026,12
7026,2
7027,7081
7027,9750
7027,12
7027,2
7028,12677
7028,12
7028,1
7029,7146
7029,12
7029,2
7030,10997
7030,5319
7030,5299
7030,5224
7030,5166
7030,12
7030,4
7033,2485
7033,6907
7033,12
7033,2
7034,4443
7034,12
7034,2
7035,6021
7035,12
7035,2
7037,9024
7037,10280
7037,12
7037,2
7039,12152
7039,12
7039,2
7040,5812
7040,12473
7040,12
7040,1
7041,12703
7041,12
7041,1
7042,12744
7042,12
7042,1
7043,7433
7043,12
7043,2
7044,13085
7044,12
7044,1
7045,12180
7045,12797
7045,12798
7045,12
7045,1
7046,12474
7046,7735
7046,7601
7046,7576
7046,7544
7046,7497
7046,7390
7046,12
7046,1
7047,12719
7047,12
7047,1
7048,13018
7048,12
7048,1
7050,12916
7050,12
7050,1
7051,12891
7051,8796
7051,1959
7051,12
7051,1
7052,12946
7052,8664
7052,8438
7052,7593
7052,6521
7052,3519
7052,1281
7052,12
7052,1
7053,12946
7053,12
7053,1
7054,12472
7054,12
7054,1
7055,12783
7055,12
7055,1
7056,12950
7056,12
7056,1
7057,12528
7057,12
7057,1
7058,13021
7058,12
7058,1
7059,12567
7059,12
7059,1
7060,13057
7060,12
7060,1
7061,12886
7061,12
7061,1
7062,12934
7062,12
7062,1
7063,12741
7063,12
7063,1
7064,12952
7064,12
7064,1
7065,12557
7065,12
7065,1
7066,12894
7066,12
7066,1
7067,12958
7067,12
7067,1
7068,12880
7068,12
7068,1
7069,12484
7069,12
7069,1
7070,12885
7070,12
7070,1
7071,12787
7071,12
7071,1
7072,12673
7072,12
7072,1
7073,4675
7073,12647
7073,12
7073,1
7074,12633
7074,12
7074,1
7075,12647
7075,12
7075,1
7076,12631
7076,3574
7076,12
7076,1
7077,674
7077,13053
7077,12
7077,1
7078,12644
7078,12
7078,1
7079,12644
7079,12
7079,1
7080,13091
7080,12
7080,1
7081,7027
7081,12800
7081,12
7081,1
7082,1429
7082,12799
7082,12800
7082,12
7082,1
7083,12805
7083,3591
7083,12
7083,1
7084,12636
7084,12
7084,1
7085,13088
7085,12
7085,1
7086,13060
7086,12
7086,1
7087,12949
7087,12
7087,1
7089,12564
7089,12
7089,1
7091,12617
7091,12
7091,1
7092,12890
7092,12
7092,1
7093,12867
7093,12
7093,1
7094,2115
7094,13020
7094,12
7094,1
7095,13020
7095,12
7095,1
7096,5271
7096,12799
7096,12
7096,1
7098,12489
7098,12490
7098,6850
7098,12
7098,1
7100,13095
7100,12
7100,1
7101,13097
7101,12
7101,1
7102,12784
7102,8107
7102,12
7102,1
7103,12472
7103,1968
7103,12
7103,1
7104,12618
7104,12
7104,1
7105,13093
7105,6683
7105,5146
7105,12
7105,1
7106,12702
7106,12
7106,1
7107,12380
7107,12
7107,2
7108,12876
7108,8035
7108,12
7108,1
7109,12475
7109,12
7109,1
7110,12730
7110,12
7110,1
7111,1393
7111,12704
7111,8424
7111,12
7111,1
7112,12951
7112,12
7112,1
7113,13013
7113,12
7113,1
7114,12947
7114,7739
7114,12
7114,1
7115,13034
7115,13035
7115,12
7115,1
7116,12622
7116,299
7116,12
7116,1
7117,12846
7117,2665
7117,2664
7117,2663
7117,2659
7117,2658
7117,2657
7117,2656
7117,2655
7117,2615
7117,2572
7117,2570
7117,2569
7117,2526
7117,2525
7117,2405
7117,2404
7117,2403
7117,2402
7117,2396
7117,2389
7117,2388
7117,2386
7117,2384
7117,2382
7117,2380
7117,2377
7117,2371
7117,2369
7117,2368
7117,2365
7117,1343
7117,618
7117,602
7117,522
7117,269
7117,231
7117,12
7117,1
7118,12917
7118,12
7118,1
7119,13080
7119,7214
7119,1674
7119,481
7119,12
7119,1
7120,12917
7120,405
7120,12
7120,1
7121,12484
7121,1180
7121,529
7121,12
7121,1
7122,88
7122,12774
7122,12
7122,1
7123,12619
7123,8714
7123,6491
7123,673
7123,672
7123,12
7123,1
7124,5675
7124,1108
7124,12
7124,2
7126,12539
7126,527
7126,12
7126,1
7127,12539
7127,12
7127,1
7128,12971
7128,12
7128,1
7129,9641
7129,12
7129,2
7131,12968
7131,12969
7131,6635
7131,12
7131,1
7132,13095
7132,12
7132,1
7133,12483
7133,12
7133,1
7134,12823
7134,12
7134,1
7136,12793
7136,12
7136,1
7137,13090
7137,12
7137,1
7138,12532
7138,12
7138,1
7139,12492
7139,12
7139,1
7140,13093
7140,12
7140,1
7141,6973
7141,5099
7141,5064
7141,4981
7141,4955
7141,4944
7141,4943
7141,4933
7141,4920
7141,4881
7141,4872
7141,12
7141,4
7142,13065
7142,12
7142,1
7143,12796
7143,12
7143,1
7144,13025
7144,12
7144,1
7145,4360
7145,12769
7145,12
7145,1
7146,7029
7146,12935
7146,12
7146,1
7147,12531
7147,12
7147,1
7148,12891
7148,12
7148,1
7149,3874
7149,12963
7149,12
7149,1
7150,12982
7150,12983
7150,7444
7150,12
7150,1
7151,12900
7151,6663
7151,12
7151,1
7152,12786
7152,12
7152,1
7153,12535
7153,12
7153,1
7154,12683
7154,12
7154,1
7155,10997
7155,5355
7155,5336
7155,5271
7155,5250
7155,5194
7155,5178
7155,5165
7155,5149
7155,12
7155,4
7156,7433
7156,8426
7156,4124
7156,4111
7156,4040
7156,571
7156,12
7156,2
7157,1655
7157,12
7157,2
7159,5675
7159,985
7159,12
7159,2
7160,10997
7160,12
7160,4
7161,7433
7161,8426
7161,4152
7161,4140
7161,4049
7161,571
7161,12
7161,2
7162,7202
7162,12
7162,2
7164,2405
7164,12
7164,2
7165,3780
7165,1662
7165,12
7165,2
7167,7433
7167,8426
7167,4223
7167,4207
7167,4198
7167,4191
7167,4117
7167,4100
7167,4030
7167,571
7167,12
7167,2
7168,11242
7168,12452
7168,12454
7168,13048
7168,13050
7168,13118
7168,13126
7168,13129
7168,13135
7168,13136
7168,13137
7168,13138
7168,13139
7168,8519
7168,3551
7168,3169
7168,1882
7168,1231
7168,1197
7168,639
7168,600
7168,576
7168,435
7168,416
7168,400
7168,391
7168,390
7168,284
7168,192
7168,12
7168,1
7170,7241
7170,11723
7170,12
7170,2
7171,7257
7171,12
7171,2
7172,620
7172,877
7172,3722
7172,3867
7172,5517
7172,5738
7172,8121
7172,8426
7172,8917
7172,9402
7172,10729
7172,12241
7172,12425
7172,12584
7172,12585
7172,12
7172,1
7173,7300
7173,12
7173,2
7174,12940
7174,12
7174,1
7175,12684
7175,12
7175,1
7176,13084
7176,12
7176,1
7177,12703
7177,12
7177,1
7178,12744
7178,12
7178,1
7179,7433
7179,8426
7179,4179
7179,4127
7179,4126
7179,571
7179,12
7179,2
7180,12620
7180,12
7180,1
7182,5759
7182,8165
7182,12719
7182,12
7182,1
7183,12775
7183,12
7183,1
7185,12565
7185,12566
7185,8531
7185,6615
7185,12
7185,1
7187,12917
7187,12
7187,1
7188,13104
7188,12
7188,1
7189,12472
7189,12
7189,1
7190,13105
7190,12
7190,1
7191,12950
7191,12
7191,1
7194,12528
7194,12
7194,1
7195,12771
7195,8334
7195,12
7195,1
7197,12924
7197,12
7197,1
7198,12924
7198,12
7198,1
7199,12567
7199,12568
7199,3142
7199,12
7199,1
7200,12708
7200,12
7200,1
7201,12934
7201,2189
7201,12
7201,1
7202,7162
7202,12681
7202,1137
7202,12
7202,1
7203,12896
7203,1935
7203,12
7203,1
7205,12681
7205,12
7205,1
7206,12681
7206,12
7206,1
7207,13058
7207,12
7207,1
7208,12682
7208,12
7208,1
7209,12682
7209,1982
7209,12
7209,1
7210,12958
7210,12
7210,1
7211,12872
7211,7348
7211,5320
7211,12
7211,1
7212,12885
7212,12
7212,1
7213,13067
7213,12
7213,1
7214,10563
7214,13096
7214,12
7214,1
7215,13096
7215,12
7215,1
7216,12578
7216,12579
7216,12
7216,1
7217,13063
7217,12
7217,1
7218,5736
7218,13017
7218,12
7218,1
7219,7870
7219,12580
7219,12581
7219,12
7219,1
7220,12478
7220,12
7220,1
7221,12631
7221,12
7221,1
7222,12640
7222,12
7222,1
7223,12916
7223,517
7223,12
7223,1
7224,12643
7224,12644
7224,8426
7224,12
7224,1
7225,13091
7225,12
7225,1
7226,1429
7226,12799
7226,12800
7226,12
7226,1
7227,13088
7227,117
7227,12
7227,1
7230,12705
7230,12
7230,1
7232,12729
7232,8509
7232,12
7232,1
7233,13020
7233,8460
7233,6186
7233,1979
7233,1715
7233,12
7233,1
7234,13014
7234,12
7234,1
7235,12801
7235,12802
7235,247
7235,12
7235,1
7236,12953
7236,363
7236,12
7236,1
7237,1065
7237,12866
7237,12
7237,1
7238,12637
7238,12638
7238,2261
7238,12
7238,1
7239,12784
7239,7962
7239,12
7239,1
7240,12575
7240,206
7240,1
7241,79
7241,7170
7241,12513
7241,2862
7241,2857
7241,12
7241,1
7242,12943
7242,12
7242,1
7244,12824
7244,12
7244,1
7245,12618
7245,7997
7245,7996
7245,12
7245,1
7246,2454
7246,12476
7246,12
7246,1
7247,12702
7247,12
7247,1
7249,12559
7249,6227
7249,12
7249,1
7250,12944
7250,12
7250,1
7251,6778
7251,12575
7251,206
7251,1
7252,12887
7252,12
7252,1
7253,12559
7253,1209
7253,12
7253,1
7254,12876
7254,8149
7254,7546
7254,12
7254,1
7255,12475
7255,12
7255,1
7256,12733
7256,12
7256,1
7257,345
7257,6874
7257,7171
7257,12573
7257,8096
7257,4816
7257,4615
7257,2495
7257,1351
7257,1290
7257,669
7257,660
7257,12
7257,1
7258,12942
7258,12
7258,1
7259,12951
7259,12
7259,1
7260,12747
7260,2719
7260,12
7260,1
7261,12519
7261,12
7261,1
7262,12622
7262,12
7262,1
7263,12676
7263,12
7263,1
7264,12676
7264,12
7264,1
7265,12712
7265,6876
7265,12
7265,1
7266,12721
7266,12
7266,1
7267,10661
7267,12947
7267,12
7267,1
7268,12740
7268,12
7268,1
7269,12947
7269,12
7269,1
7270,12627
7270,12
7270,1
7271,12948
7271,12
7271,1
7272,12622
7272,12
7272,1
7273,12773
7273,3656
7273,12
7273,1
7274,13080
7274,1211
7274,12
7274,1
7275,12917
7275,8121
7275,12
7275,1
7276,12774
7276,12
7276,1
7277,12539
7277,3638
7277,12
7277,1
7278,12539
7278,12
7278,1
7279,13103
7279,12
7279,1
7280,8124
7280,12967
7280,12
7280,1
7281,12537
7281,12
7281,1
7282,1247
7282,13055
7282,12
7282,1
7283,13055
7283,12
7283,1
7284,12536
7284,64
7284,12
7284,1
7285,13014
7285,12
7285,1
7287,12793
7287,12
7287,1
7288,13090
7288,12
7288,1
7289,12821
7289,12
7289,1
7290,12820
7290,12
7290,1
7291,12820
7291,12821
7291,6821
7291,3394
7291,1181
7291,12
7291,1
7292,13064
7292,12
7292,1
7293,1975
7293,5328
7293,12411
7293,3847
7293,12
7293,2
7294,12963
7294,12
7294,1
7295,4766
7295,291
7295,12
7295,3
7296,12982
7296,12
7296,1
7297,12731
7297,12
7297,1
7298,12962
7298,12
7298,1
7299,12877
7299,12
7299,1
7300,7173
7300,12469
7300,3207
7300,12
7300,1
7301,12916
7301,7024
7301,12
7301,1
7302,12535
7302,12
7302,1
7303,7433
7303,8426
7303,4172
7303,4105
7303,4073
7303,571
7303,12
7303,2
7304,10609
7304,12
7304,2
7305,4091
7305,6069
7305,12
7305,2
7306,3346
7306,207
7306,2
7307,7433
7307,8426
7307,4208
7307,4047
7307,4029
7307,571
7307,12
7307,2
7308,7347
7308,12
7308,2
7309,7361
7309,11317
7309,13060
7309,12
7309,1
7310,7380
7310,12
7310,2
7311,7381
7311,12
7311,2
7312,7386
7312,12
7312,2
7313,12940
7313,8112
7313,12
7313,1
7314,4649
7314,63
7314,2
7315,12936
7315,12
7315,1
7316,12473
7316,2722
7316,12
7316,1
7317,2469
7317,12720
7317,3671
7317,12
7317,1
7318,12875
7318,12
7318,1
7319,12744
7319,12
7319,1
7320,12675
7320,12
7320,1
7321,12778
7321,12779
7321,8293
7321,6810
7321,6202
7321,3423
7321,572
7321,12
7321,1
7322,7872
7322,12565
7322,12566
7322,12
7322,1
7323,3141
7323,12565
7323,12566
7323,12
7323,1
7325,12563
7325,6938
7325,12
7325,1
7326,12814
7326,12
7326,1
7327,12916
7327,12
7327,1
7328,12815
7328,12
7328,1
7330,12521
7330,12523
7330,6326
7330,1881
7330,12
7330,1
7331,12788
7331,12
7331,1
7332,12617
7332,659
7332,12
7332,1
7333,12526
7333,12
7333,1
7336,12771
7336,12
7336,1
7337,9662
7337,12528
7337,12
7337,1
7339,12870
7339,12
7339,1
7340,13021
7340,8759
7340,12
7340,1
7342,12889
7342,12
7342,1
7344,12530
7344,1844
7344,1238
7344,12
7344,1
7345,13015
7345,4246
7345,12
7345,1
7346,12557
7346,12
7346,1
7347,7308
7347,8954
7347,12868
7347,12
7347,1
7348,12958
7348,12
7348,1
7350,8861
7350,12
7350,2
7351,12787
7351,6905
7351,12
7351,1
7353,12580
7353,12581
7353,4580
7353,12
7353,1
7354,2219
7354,12956
7354,6819
7354,12
7354,1
7357,12916
7357,12
7357,1
7358,12874
7358,12
7358,1
7359,12799
7359,12800
7359,12
7359,1
7360,12716
7360,12
7360,1
7361,7309
7361,13060
7361,12
7361,1
7362,12776
7362,3179
7362,12
7362,1
7363,12713
7363,420
7363,12
7363,1
7364,12729
7364,2038
7364,12
7364,1
7365,12867
7365,12
7365,1
7366,12799
7366,12
7366,1
7367,12801
7367,12802
7367,442
7367,12
7367,1
7368,12489
7368,12490
7368,3592
7368,12
7368,1
7369,12618
7369,12
7369,1
7370,12816
7370,206
7370,1
7371,12637
7371,12638
7371,12
7371,1
7372,13099
7372,12
7372,1
7373,12784
7373,4618
7373,12
7373,1
7374,12575
7374,206
7374,1
7375,72
7375,83
7375,12696
7375,12
7375,1
7376,11228
7376,12709
7376,12
7376,1
7377,12811
7377,12
7377,1
7378,12895
7378,371
7378,206
7378,1
7379,12729
7379,12
7379,1
7380,7310
7380,12571
7380,44
7380,12
7380,1
7381,5751
7381,7311
7381,12876
7381,350
7381,330
7381,323
7381,318
7381,12
7381,1
7382,12730
7382,1427
7382,12
7382,1
7383,12704
7383,12
7383,1
7384,12747
7384,12
7384,1
7385,13013
7385,12
7385,1
7386,7312
7386,13090
7386,12
7386,1
7387,12676
7387,12
7387,1
7388,12712
7388,12
7388,1
7389,12957
7389,12
7389,1
7390,12947
7390,643
7390,12
7390,1
7391,12740
7391,8195
7391,12
7391,1
7392,12622
7392,7911
7392,12
7392,1
7393,13072
7393,6499
7393,6475
7393,6474
7393,3353
7393,3352
7393,3309
7393,3307
7393,3303
7393,3298
7393,3297
7393,3296
7393,3293
7393,3291
7393,3282
7393,3281
7393,3279
7393,3278
7393,3259
7393,3221
7393,3211
7393,3195
7393,3193
7393,3171
7393,3170
7393,3161
7393,3154
7393,3152
7393,3102
7393,3099
7393,3015
7393,12
7393,1
7394,12774
7394,3662
7394,12
7394,1
7395,12619
7395,12
7395,1
7396,12941
7396,12
7396,1
7397,12884
7397,12
7397,1
7400,12794
7400,12
7400,1
7401,13090
7401,7003
7401,12
7401,1
7402,12491
7402,12
7402,1
7403,13093
7403,3566
7403,12
7403,1
7404,12873
7404,6692
7404,12
7404,1
7405,13065
7405,12
7405,1
7406,12623
7406,7433
7406,12
7406,1
7407,12935
7407,12
7407,1
7408,12891
7408,12
7408,1
7409,12534
7409,12
7409,1
7410,12963
7410,12
7410,1
7411,12983
7411,12
7411,1
7412,12731
7412,12
7412,1
7414,12877
7414,12
7414,1
7415,12469
7415,2208
7415,12
7415,1
7416,12916
7416,12
7416,1
7417,5569
7417,12786
7417,12
7417,1
7418,6500
7418,12
7418,2
7421,1195
7421,12
7421,2
7422,2485
7422,6920
7422,12
7422,2
7426,4649
7426,63
7426,2
7427,7701
7427,12
7427,2
7428,5400
7428,12
7428,2
7430,12681
7430,12
7430,1
7431,4649
7431,12
7431,2
7432,5262
7432,952
7432,12
7432,2
7433,2636
7433,6880
7433,6998
7433,7016
7433,7024
7433,7043
7433,7156
7433,7161
7433,7167
7433,7179
7433,7303
7433,7307
7433,8116
7433,12584
7433,12585
7433,4110
7433,4109
7433,4108
7433,4072
7433,4071
7433,4070
7433,4069
7433,4002
7433,3934
7433,3933
7433,12
7433,1
7434,7541
7434,12
7434,2
7435,12940
7435,12
7435,1
7436,1723
7436,351
7436,12
7436,2
7437,13082
7437,12
7437,1
7438,12798
7438,12
7438,1
7440,13018
7440,12
7440,1
7441,12471
7441,12
7441,1
7442,12561
7442,12
7442,1
7443,12891
7443,12
7443,1
7444,12525
7444,12
7444,1
7445,12788
7445,12
7445,1
7446,12788
7446,8321
7446,7519
7446,12
7446,1
7448,12500
7448,4673
7448,3527
7448,3525
7448,3524
7448,3503
7448,3501
7448,3499
7448,3486
7448,3475
7448,3463
7448,3461
7448,3446
7448,3441
7448,3432
7448,3417
7448,12
7448,1
7451,13021
7451,12
7451,1
7453,12924
7453,62
7453,12
7453,1
7454,13057
7454,12
7454,1
7455,12785
7455,12
7455,1
7456,12682
7456,8140
7456,12
7456,1
7457,12557
7457,12
7457,1
7458,13052
7458,2922
7458,12
7458,1
7459,12688
7459,8707
7459,8642
7459,8526
7459,6201
7459,5135
7459,1333
7459,297
7459,12
7459,1
7460,2375
7460,12958
7460,12
7460,1
7461,12880
7461,12
7461,1
7463,3391
7463,13067
7463,12
7463,1
7464,12579
7464,12
7464,1
7465,13093
7465,12
7465,1
7466,7870
7466,12580
7466,12581
7466,3595
7466,12
7466,1
7467,12514
7467,12
7467,1
7468,12478
7468,12
7468,1
7469,12647
7469,12
7469,1
7470,12633
7470,6382
7470,545
7470,12
7470,1
7471,12824
7471,8731
7471,8613
7471,6994
7471,687
7471,12
7471,1
7472,12639
7472,12
7472,1
7473,12916
7473,5656
7473,12
7473,1
7474,12874
7474,3186
7474,1219
7474,12
7474,1
7475,13091
7475,12
7475,1
7476,12639
7476,12
7476,1
7477,12800
7477,12
7477,1
7478,13088
7478,12
7478,1
7479,13060
7479,12
7479,1
7480,13088
7480,117
7480,12
7480,1
7481,12705
7481,12
7481,1
7482,12974
7482,12
7482,1
7483,13090
7483,3165
7483,12
7483,1
7484,12617
7484,12
7484,1
7485,12713
7485,12
7485,1
7486,13020
7486,12
7486,1
7487,12802
7487,12
7487,1
7488,12622
7488,12
7488,1
7489,12489
7489,12
7489,1
7490,12817
7490,206
7490,1
7491,12574
7491,12575
7491,1125
7491,206
7491,1
7492,12823
7492,12
7492,1
7493,12513
7493,12
7493,1
7494,285
7494,12743
7494,206
7494,1
7495,4776
7495,8824
7495,207
7495,2
7496,11228
7496,12709
7496,12
7496,1
7497,12811
7497,12
7497,1
7498,12702
7498,12
7498,1
7499,12729
7499,12
7499,1
7500,12559
7500,12
7500,1
7501,9165
7501,12634
7501,12
7501,1
7502,12475
7502,12
7502,1
7503,12475
7503,8791
7503,2110
7503,12
7503,1
7504,10716
7504,12627
7504,12
7504,1
7505,12729
7505,1774
7505,12
7505,1
7506,12792
7506,12
7506,1
7507,1220
7507,1247
7507,6095
7507,11051
7507,12791
7507,12792
7507,8326
7507,8098
7507,8094
7507,8045
7507,7803
7507,7719
7507,7469
7507,7434
7507,1329
7507,266
7507,12
7507,1
7508,12747
7508,12
7508,1
7509,12622
7509,12
7509,1
7510,13013
7510,12
7510,1
7511,13090
7511,12
7511,1
7512,6092
7512,12791
7512,12792
7512,1329
7512,266
7512,12
7512,1
7513,12676
7513,12
7513,1
7514,12739
7514,12
7514,1
7515,12740
7515,7845
7515,12
7515,1
7516,12729
7516,2121
7516,12
7516,1
7517,12622
7517,7871
7517,12
7517,1
7518,13080
7518,7973
7518,12
7518,1
7519,12619
7519,12
7519,1
7520,12973
7520,12
7520,1
7521,12704
7521,12
7521,1
7522,13103
7522,12
7522,1
7523,12985
7523,12
7523,1
7524,12918
7524,12
7524,1
7525,12617
7525,12
7525,1
7526,13102
7526,13103
7526,12
7526,1
7527,12483
7527,12
7527,1
7528,12622
7528,12
7528,1
7530,3590
7530,12
7530,2
7531,13103
7531,12
7531,1
7532,13061
7532,12
7532,1
7533,12623
7533,1598
7533,12
7533,1
7535,12494
7535,12
7535,1
7536,5781
7536,13100
7536,13101
7536,12
7536,1
7537,4605
7537,13025
7537,12
7537,1
7538,12891
7538,12
7538,1
7539,91
7539,8913
7539,9487
7539,12534
7539,2415
7539,337
7539,291
7539,12
7539,1
7541,365
7541,7434
7541,12731
7541,2203
7541,2070
7541,2030
7541,12
7541,1
7542,12731
7542,12
7542,1
7543,11424
7543,12962
7543,12
7543,1
7544,4010
7544,12
7544,2
7545,12680
7545,1356
7545,12
7545,1
7546,12714
7546,12
7546,1
7547,12527
7547,12
7547,1
7548,5675
7548,1088
7548,12
7548,2
7549,7861
7549,10701
7549,32
7549,2
7551,7580
7551,12
7551,2
7552,7583
7552,12
7552,2
7553,12484
7553,12
7553,1
7554,7596
7554,12
7554,2
7556,11728
7556,12
7556,2
7557,6347
7557,12
7557,2
7558,12871
7558,12
7558,1
7559,10701
7559,32
7559,2
7560,12936
7560,12
7560,1
7562,12474
7562,7976
7562,12
7562,1
7563,12620
7563,8009
7563,12
7563,1
7564,12563
7564,12
7564,1
7565,21
7565,7846
7565,8652
7565,8289
7565,1581
7565,1498
7565,426
7565,32
7565,2
7566,13104
7566,13105
7566,2146
7566,12
7566,1
7567,6749
7567,12
7567,2
7568,12788
7568,5148
7568,12
7568,1
7569,12707
7569,12
7569,1
7571,13105
7571,12
7571,1
7572,12499
7572,12500
7572,3502
7572,3490
7572,3483
7572,3481
7572,3435
7572,3423
7572,3418
7572,12
7572,1
7573,12950
7573,12
7573,1
7574,12556
7574,12
7574,1
7576,12924
7576,12
7576,1
7577,13029
7577,12
7577,1
7578,12886
7578,8545
7578,1897
7578,12
7578,1
7579,12708
7579,3603
7579,12
7579,1
7580,7551
7580,12934
7580,6899
7580,12
7580,1
7581,12896
7581,12
7581,1
7582,12926
7582,12
7582,1
7583,5041
7583,7023
7583,7552
7583,8180
7583,8673
7583,8960
7583,12892
7583,1947
7583,12
7583,1
7584,12687
7584,12
7584,1
7585,12682
7585,8031
7585,12
7585,1
7586,12682
7586,12
7586,1
7587,12952
7587,12
7587,1
7588,7851
7588,12
7588,3
7589,12557
7589,12
7589,1
7590,8952
7590,12868
7590,12
7590,1
7591,12570
7591,12
7591,1
7592,12579
7592,12
7592,1
7593,12579
7593,12
7593,1
7594,12787
7594,12
7594,1
7595,13017
7595,6652
7595,12
7595,1
7596,7554
7596,13099
7596,12
7596,1
7597,12646
7597,12647
7597,2413
7597,12
7597,1
7598,12824
7598,3040
7598,12
7598,1
7599,12639
7599,12
7599,1
7602,12949
7602,12
7602,1
7603,7637
7603,10157
7603,12122
7603,6886
7603,6807
7603,6771
7603,100
7603,12
7603,2
7604,12975
7604,12
7604,1
7605,13087
7605,6915
7605,12
7605,1
7606,12977
7606,12
7606,1
7607,12799
7607,12800
7607,147
7607,12
7607,1
7608,13019
7608,12
7608,1
7609,7828
7609,12618
7609,12
7609,1
7610,255
7610,306
7610,2467
7610,3385
7610,4089
7610,4663
7610,7676
7610,10820
7610,11823
7610,12209
7610,12824
7610,7187
7610,7178
7610,7107
7610,7068
7610,7016
7610,6979
7610,5813
7610,3136
7610,1872
7610,1871
7610,1868
7610,1861
7610,1858
7610,1851
7610,1841
7610,1833
7610,1813
7610,1799
7610,1786
7610,1775
7610,1768
7610,1763
7610,1751
7610,1742
7610,1741
7610,1739
7610,1733
7610,1730
7610,1724
7610,1717
7610,1713
7610,1710
7610,1699
7610,1689
7610,1513
7610,990
7610,897
7610,815
7610,783
7610,756
7610,723
7610,716
7610,687
7610,465
7610,422
7610,372
7610,368
7610,214
7610,92
7610,29
7610,12
7610,1
7611,12709
7611,12
7611,1
7612,12634
7612,12
7612,1
7613,12620
7613,12
7613,1
7614,12559
7614,12
7614,1
7615,12475
7615,12
7615,1
7616,12627
7616,6696
7616,5832
7616,5379
7616,2829
7616,12
7616,1
7617,12730
7617,12
7617,1
7618,2070
7618,13108
7618,13109
7618,12
7618,1
7619,12729
7619,12
7619,1
7620,12797
7620,12798
7620,12
7620,1
7621,12622
7621,12
7621,1
7622,12957
7622,12
7622,1
7623,12627
7623,12
7623,1
7624,12948
7624,12
7624,1
7625,12846
7625,2926
7625,2898
7625,2884
7625,2879
7625,2616
7625,2595
7625,2594
7625,2565
7625,2445
7625,2435
7625,2409
7625,2407
7625,2373
7625,1343
7625,602
7625,522
7625,231
7625,76
7625,12
7625,1
7626,5672
7626,12917
7626,12
7626,1
7627,12773
7627,12
7627,1
7628,12898
7628,12
7628,1
7629,12487
7629,12
7629,1
7630,12488
7630,12
7630,1
7631,12722
7631,12
7631,1
7632,12619
7632,557
7632,12
7632,1
7633,12941
7633,12
7633,1
7634,12704
7634,12
7634,1
7635,12537
7635,12
7635,1
7636,13014
7636,12
7636,1
7637,3778
7637,4821
7637,7603
7637,9420
7637,12823
7637,12
7637,1
7638,12480
7638,12481
7638,471
7638,12
7638,1
7640,13102
7640,13103
7640,8214
7640,12
7640,1
7641,12820
7641,12821
7641,6371
7641,12
7641,1
7642,13061
7642,12
7642,1
7643,13026
7643,13027
7643,12
7643,1
7644,12963
7644,12
7644,1
7645,4010
7645,12
7645,2
7646,12534
7646,12
7646,1
7647,12469
7647,12
7647,1
7648,12916
7648,12
7648,1
7649,137
7649,10397
7649,12
7649,2
7652,8652
7652,1666
7652,1596
7652,32
7652,2
7653,7694
7653,12
7653,2
7654,7698
7654,12
7654,2
7655,7700
7655,12
7655,2
7656,8652
7656,7482
7656,1493
7656,32
7656,2
7657,5644
7657,887
7657,63
7657,2
7658,2280
7658,12
7658,3
7659,7739
7659,12
7659,2
7660,10231
7660,12
7660,2
7662,1006
7662,12
7662,2
7663,12649
7663,12
7663,1
7665,7774
7665,12
7665,2
7666,9120
7666,12
7666,2
7667,7798
7667,12
7667,2
7668,5675
7668,63
7668,2
7671,10506
7671,12
7671,2
7672,7890
7672,12
7672,2
7673,4649
7673,63
7673,2
7674,5644
7674,63
7674,2
7676,7610
7676,209
7676,2
7677,1286
7677,12
7677,2
7678,7940
7678,12
7678,2
7679,7967
7679,9058
7679,12
7679,2
7680,10369
7680,12
7680,2
7681,10286
7681,12901
7681,12
7681,1
7682,1149
7682,12
7682,2
7684,8033
7684,12
7684,2
7686,2013
7686,2229
7686,2253
7686,2268
7686,2297
7686,4721
7686,8116
7686,3845
7686,3844
7686,3843
7686,3842
7686,3841
7686,3839
7686,12
7686,3
7687,8080
7687,12545
7687,12547
7687,6508
7687,12
7687,1
7688,11307
7688,12
7688,2
7689,1152
7689,12
7689,2
7690,12940
7690,12
7690,1
7691,13082
7691,12
7691,1
7692,12473
7692,12
7692,1
7693,13082
7693,8266
7693,12
7693,1
7694,7653
7694,13085
7694,12
7694,1
7695,12797
7695,12798
7695,1255
7695,1251
7695,706
7695,12
7695,1
7696,12700
7696,12
7696,1
7697,12474
7697,8253
7697,12
7697,1
7698,7654
7698,12719
7698,12
7698,1
7700,7655
7700,7862
7700,12561
7700,12
7700,1
7701,7427
7701,12916
7701,12
7701,1
7702,13105
7702,12
7702,1
7703,12946
7703,1671
7703,12
7703,1
7704,12946
7704,12
7704,1
7706,12788
7706,4545
7706,12
7706,1
7707,12707
7707,12
7707,1
7708,12783
7708,593
7708,12
7708,1
7709,3920
7709,11081
7709,7426
7709,32
7709,2
7710,12499
7710,12500
7710,6506
7710,6312
7710,6288
7710,6270
7710,6258
7710,6255
7710,6246
7710,6245
7710,6244
7710,6243
7710,6242
7710,6234
7710,12
7710,1
7711,12950
7711,8319
7711,12
7711,1
7712,13021
7712,12
7712,1
7713,5617
7713,13021
7713,12
7713,1
7715,12924
7715,12
7715,1
7716,12568
7716,12
7716,1
7717,13057
7717,12
7717,1
7719,12681
7719,12
7719,1
7721,5193
7721,12681
7721,12
7721,1
7722,13058
7722,12
7722,1
7724,12682
7724,8175
7724,12
7724,1
7725,12682
7725,12
7725,1
7727,12880
7727,12
7727,1
7728,12479
7728,6409
7728,98
7728,12
7728,1
7729,13093
7729,12
7729,1
7730,13017
7730,12
7730,1
7731,12580
7731,12581
7731,7627
7731,6400
7731,386
7731,184
7731,12
7731,1
7732,10767
7732,13099
7732,12
7732,1
7733,12514
7733,12
7733,1
7734,12824
7734,12
7734,1
7735,8
7735,12644
7735,12
7735,1
7736,13091
7736,12
7736,1
7739,7659
7739,12805
7739,12
7739,1
7740,12716
7740,12
7740,1
7742,12975
7742,12
7742,1
7744,13087
7744,12
7744,1
7746,12490
7746,12
7746,1
7747,12618
7747,12
7747,1
7748,3
7748,15
7748,86
7748,301
7748,305
7748,311
7748,330
7748,2467
7748,3385
7748,4663
7748,10820
7748,11823
7748,12824
7748,7155
7748,7146
7748,7120
7748,7103
7748,2159
7748,1859
7748,1853
7748,1849
7748,1848
7748,1842
7748,1840
7748,1839
7748,1837
7748,1830
7748,1826
7748,1821
7748,1820
7748,1818
7748,1816
7748,1810
7748,1809
7748,1802
7748,1800
7748,1794
7748,1783
7748,1782
7748,1780
7748,1778
7748,1776
7748,1770
7748,1756
7748,1747
7748,1728
7748,1725
7748,1723
7748,1722
7748,1703
7748,1696
7748,1612
7748,1600
7748,1574
7748,1544
7748,1534
7748,1478
7748,1014
7748,1001
7748,983
7748,974
7748,920
7748,857
7748,824
7748,787
7748,717
7748,687
7748,504
7748,275
7748,263
7748,226
7748,182
7748,127
7748,12
7748,1
7749,12943
7749,12
7749,1
7750,12696
7750,12
7750,1
7751,12811
7751,12
7751,1
7752,12634
7752,12
7752,1
7753,12559
7753,12
7753,1
7754,9518
7754,12
7754,2
7755,249
7755,12
7755,2
7756,12571
7756,12
7756,1
7757,12724
7757,3218
7757,12
7757,1
7758,12620
7758,12
7758,1
7759,12575
7759,206
7759,1
7760,12475
7760,12
7760,1
7762,12730
7762,7856
7762,12
7762,1
7763,13109
7763,12
7763,1
7764,12704
7764,12
7764,1
7765,12519
7765,12
7765,1
7766,13013
7766,12
7766,1
7767,12712
7767,12
7767,1
7768,78
7768,96
7768,12780
7768,12781
7768,6910
7768,6903
7768,12
7768,1
7769,1947
7769,12524
7769,828
7769,12
7769,1
7770,12947
7770,12
7770,1
7771,12729
7771,12
7771,1
7772,12722
7772,12
7772,1
7773,1999
7773,12722
7773,12
7773,1
7774,7665
7774,12619
7774,12
7774,1
7775,12972
7775,12
7775,1
7776,3198
7776,12941
7776,12
7776,1
7777,5895
7777,12539
7777,12
7777,1
7778,12884
7778,12
7778,1
7779,9173
7779,12704
7779,6960
7779,12
7779,1
7780,12537
7780,249
7780,12
7780,1
7781,12537
7781,12
7781,1
7782,11614
7782,12985
7782,12
7782,1
7783,12536
7783,12
7783,1
7784,12483
7784,12
7784,1
7785,12481
7785,7582
7785,12
7785,1
7787,5714
7787,12
7787,4
7788,12617
7788,12
7788,1
7789,5189
7789,13090
7789,12
7789,1
7790,9423
7790,13102
7790,13103
7790,12
7790,1
7791,12820
7791,12821
7791,1942
7791,12
7791,1
7792,13065
7792,12
7792,1
7793,1193
7793,207
7793,2
7794,12963
7794,12
7794,1
7795,12534
7795,345
7795,291
7795,12
7795,1
7796,12983
7796,12
7796,1
7797,12731
7797,12
7797,1
7798,7667
7798,12962
7798,12
7798,1
7800,5754
7800,12935
7800,6627
7800,12
7800,1
7801,13023
7801,13024
7801,12
7801,1
7803,12877
7803,12
7803,1
7805,12786
7805,12
7805,1
7806,5571
7806,12927
7806,12
7806,1
7807,12714
7807,12
7807,1
7808,12683
7808,1981
7808,12
7808,1
7809,7832
7809,7851
7809,12
7809,3
7810,9515
7810,12
7810,2
7813,4418
7813,12
7813,2
7814,1682
7814,2954
7814,12
7814,2
7815,12075
7815,12
7815,2
7816,8882
7816,32
7816,2
7817,6424
7817,12
7817,4
7820,4884
7820,199
7820,2
7821,3780
7821,1681
7821,12
7821,2
7822,7867
7822,7869
7822,7898
7822,12
7822,2
7824,6673
7824,12
7824,2
7826,2565
7826,12
7826,2
7827,9247
7827,12
7827,2
7828,7609
7828,12
7828,2
7829,10452
7829,12
7829,2
7830,11760
7830,12
7830,2
7831,4083
7831,8229
7831,9029
7831,12
7831,2
7832,798
7832,7809
7832,12
7832,2
7833,4135
7833,204
7833,2
7834,2622
7834,10546
7834,12
7834,2
7835,4012
7835,12
7835,2
7836,6921
7836,12
7836,2
7838,3718
7838,12
7838,2
7839,8554
7839,12108
7839,12
7839,2
7840,12233
7840,2709
7840,12
7840,2
7841,7866
7841,12
7841,3
7842,4948
7842,12
7842,2
7843,1045
7843,24
7843,2
7844,11723
7844,207
7844,2
7846,7565
7846,32
7846,3
7847,8734
7847,233
7847,12
7847,2
7848,11602
7848,12
7848,2
7851,798
7851,7588
7851,7809
7851,12
7851,2
7854,6524
7854,12
7854,2
7855,5126
7855,2187
7855,12
7855,3
7856,10718
7856,12
7856,2
7857,9017
7857,209
7857,2
7858,12524
7858,6882
7858,12
7858,1
7859,12906
7859,2322
7859,2307
7859,2306
7859,2304
7859,2094
7859,2093
7859,2060
7859,1732
7859,12
7859,1
7860,5044
7860,8135
7860,12906
7860,7711
7860,7707
7860,7706
7860,7667
7860,7666
7860,7664
7860,7637
7860,7617
7860,7615
7860,7585
7860,7552
7860,7532
7860,7524
7860,7523
7860,7483
7860,7476
7860,7475
7860,7438
7860,7437
7860,7435
7860,7403
7860,7402
7860,7400
7860,6536
7860,6535
7860,6489
7860,2358
7860,2340
7860,2338
7860,2337
7860,2255
7860,2253
7860,2251
7860,2127
7860,2113
7860,2111
7860,2107
7860,2099
7860,2043
7860,1990
7860,1921
7860,1880
7860,12
7860,1
7861,7549
7861,32
7861,3
7862,5686
7862,7700
7862,12
7862,2
7863,671
7863,1687
7863,12
7863,2
7864,10892
7864,12
7864,2
7865,6729
7865,8097
7865,8115
7865,11234
7865,206
7865,3
7866,1274
7866,7841
7866,10892
7866,2192
7866,2026
7866,12
7866,2
7867,7822
7867,12
7867,3
7868,4150
7868,12
7868,2
7869,7822
7869,12
7869,3
7870,7219
7870,7466
7870,3655
7870,12
7870,2
7871,8605
7871,63
7871,3
7872,7322
7872,12
7872,2
7873,1916
7873,12
7873,2
7874,12936
7874,12
7874,1
7875,12940
7875,3651
7875,12
7875,1
7876,13110
7876,8832
7876,8723
7876,8568
7876,6808
7876,3669
7876,3295
7876,1829
7876,256
7876,12
7876,1
7878,11603
7878,12
7878,2
7879,6272
7879,12
7879,2
7881,12875
7881,12
7881,1
7882,12797
7882,12798
7882,1271
7882,12
7882,1
7883,12700
7883,12
7883,1
7884,11436
7884,12474
7884,12
7884,1
7885,13052
7885,12
7885,1
7886,12471
7886,12
7886,1
7887,12585
7887,8821
7887,12
7887,1
7888,12565
7888,12566
7888,3189
7888,12
7888,1
7889,13021
7889,12
7889,1
7890,7672
7890,12917
7890,12
7890,1
7891,12815
7891,12
7891,1
7892,12990
7892,12991
7892,4827
7892,4758
7892,4690
7892,4685
7892,4290
7892,4289
7892,4287
7892,4251
7892,12
7892,1
7893,12675
7893,8779
7893,8625
7893,7235
7893,12
7893,1
7894,12946
7894,12
7894,1
7895,12854
7895,12
7895,1
7896,12788
7896,12
7896,1
7898,7822
7898,12653
7898,12
7898,1
7899,12783
7899,12
7899,1
7900,12472
7900,12
7900,1
7902,12500
7902,6256
7902,3506
7902,3505
7902,3498
7902,12
7902,1
7903,12950
7903,12
7903,1
7904,12473
7904,12
7904,1
7905,1957
7905,12474
7905,12
7905,1
7906,13021
7906,12
7906,1
7907,13021
7907,12
7907,1
7909,13029
7909,12
7909,1
7910,12567
7910,12568
7910,3593
7910,12
7910,1
7911,12924
7911,2414
7911,12
7911,1
7912,13029
7912,12
7912,1
7913,440
7913,2669
7913,12763
7913,12
7913,1
7914,9550
7914,584
7914,12
7914,2
7915,12749
7915,7378
7915,12
7915,1
7916,12468
7916,12
7916,1
7917,12708
7917,4555
7917,12
7917,1
7918,12929
7918,7756
7918,12
7918,1
7919,6868
7919,8446
7919,6863
7919,5133
7919,3670
7919,3548
7919,3044
7919,2185
7919,136
7919,12
7919,1
7920,12584
7920,8566
7920,8450
7920,2779
7920,2383
7920,40
7920,12
7920,1
7921,5555
7921,12926
7921,12
7921,1
7922,4082
7922,12889
7922,67
7922,12
7922,1
7923,12681
7923,12
7923,1
7924,12682
7924,12
7924,1
7925,12785
7925,6339
7925,12
7925,1
7926,13015
7926,12
7926,1
7927,34
7927,12901
7927,12
7927,1
7928,12952
7928,12
7928,1
7929,12690
7929,12
7929,1
7930,12689
7930,3217
7930,1332
7930,12
7930,1
7931,12893
7931,12894
7931,3634
7931,12
7931,1
7932,12958
7932,12
7932,1
7933,12899
7933,12
7933,1
7935,6887
7935,12938
7935,7922
7935,12
7935,1
7936,12880
7936,12
7936,1
7937,12484
7937,12
7937,1
7938,13062
7938,12
7938,1
7939,12885
7939,12
7939,1
7940,7678
7940,12485
7940,12486
7940,12
7940,1
7941,13096
7941,12
7941,1
7942,12486
7942,12
7942,1
7943,12933
7943,12
7943,1
7945,12707
7945,8701
7945,12
7945,1
7946,13063
7946,12
7946,1
7947,12787
7947,6529
7947,12
7947,1
7948,12872
7948,625
7948,12
7948,1
7949,13017
7949,1369
7949,12
7949,1
7950,13099
7950,12
7950,1
7951,12673
7951,12
7951,1
7952,12711
7952,12
7952,1
7953,12475
7953,12
7953,1
7954,13069
7954,3565
7954,12
7954,1
7956,12478
7956,8268
7956,7397
7956,12
7956,1
7957,12919
7957,12
7957,1
7958,12646
7958,12647
7958,8658
7958,12
7958,1
7959,12556
7959,12
7959,1
7960,12824
7960,8838
7960,8784
7960,7296
7960,3410
7960,687
7960,12
7960,1
7962,13091
7962,12
7962,1
7963,5302
7963,12799
7963,12800
7963,12
7963,1
7964,12937
7964,12
7964,1
7965,12949
7965,12
7965,1
7966,12636
7966,12
7966,1
7967,7679
7967,12626
7967,12
7967,1
7968,9419
7968,12915
7968,3567
7968,3518
7968,1382
7968,12
7968,1
7969,12949
7969,12
7969,1
7970,13090
7970,1521
7970,348
7970,12
7970,1
7971,12976
7971,12
7971,1
7972,13087
7972,12
7972,1
7973,13070
7973,12
7973,1
7974,12713
7974,12
7974,1
7975,5803
7975,12890
7975,12
7975,1
7976,12805
7976,12
7976,1
7978,12576
7978,12
7978,1
7979,1077
7979,12576
7979,12
7979,1
7980,8771
7980,13020
7980,12
7980,1
7981,2801
7981,12577
7981,12
7981,1
7983,12953
7983,6286
7983,12
7983,1
7984,3692
7984,4446
7984,12
7984,2
7985,12866
7985,12
7985,1
7986,12890
7986,1278
7986,12
7986,1
7987,12637
7987,12638
7987,2776
7987,555
7987,12
7987,1
7988,12784
7988,8019
7988,12
7988,1
7989,3272
7989,12638
7989,12
7989,1
7990,12784
7990,12
7990,1
7991,12696
7991,12
7991,1
7992,12809
7992,12810
7992,142
7992,12
7992,1
7993,12515
7993,8738
7993,5761
7993,12
7993,1
7994,12943
7994,356
7994,12
7994,1
7995,12476
7995,12
7995,1
7996,12512
7996,12
7996,1
7997,4073
7997,9185
7997,12811
7997,12
7997,1
7998,12642
7998,206
7998,1
7999,12709
7999,12
7999,1
8000,12702
8000,3697
8000,3561
8000,1994
8000,35
8000,12
8000,1
8001,12634
8001,12
8001,1
8002,3343
8002,10537
8002,12724
8002,12
8002,1
8003,2094
8003,12
8003,2
8004,12571
8004,12
8004,1
8005,12475
8005,12
8005,1
8007,12733
8007,6206
8007,12
8007,1
8008,12733
8008,7713
8008,12
8008,1
8009,13119
8009,78
8009,12
8009,1
8010,12730
8010,12
8010,1
8012,13108
8012,13109
8012,3579
8012,3182
8012,3010
8012,12
8012,1
8013,12572
8013,12
8013,1
8014,13109
8014,12
8014,1
8015,3872
8015,12816
8015,12817
8015,206
8015,1
8016,12898
8016,12
8016,1
8017,8148
8017,12951
8017,12
8017,1
8018,12797
8018,12
8018,1
8019,12797
8019,12798
8019,1509
8019,12
8019,1
8020,12747
8020,12
8020,1
8021,22
8021,13013
8021,12
8021,1
8022,11444
8022,12874
8022,12
8022,1
8023,12712
8023,12
8023,1
8024,12739
8024,8430
8024,12
8024,1
8025,12806
8025,12
8025,1
8026,12740
8026,2118
8026,12
8026,1
8027,12856
8027,12
8027,1
8028,13057
8028,12
8028,1
8029,12917
8029,12
8029,1
8030,12773
8030,12
8030,1
8031,13080
8031,12
8031,1
8032,12917
8032,8275
8032,12
8032,1
8033,7684
8033,12773
8033,12
8033,1
8034,12484
8034,6442
8034,529
8034,12
8034,1
8036,12619
8036,12
8036,1
8037,12713
8037,1185
8037,12
8037,1
8038,12774
8038,1413
8038,12
8038,1
8039,12542
8039,12
8039,1
8040,12954
8040,7955
8040,12
8040,1
8041,12941
8041,12
8041,1
8042,12704
8042,3172
8042,12
8042,1
8043,13141
8043,13142
8043,1910
8043,192
8043,1
8044,12541
8044,3413
8044,12
8044,1
8045,4687
8045,12533
8045,1636
8045,1628
8045,12
8045,1
8046,12968
8046,12969
8046,7613
8046,12
8046,1
8047,12537
8047,12
8047,1
8048,5358
8048,13096
8048,12
8048,1
8049,13014
8049,12
8049,1
8050,5710
8050,12482
8050,12
8050,1
8051,8916
8051,12827
8051,7406
8051,12
8051,1
8052,12481
8052,12
8052,1
8053,12793
8053,12794
8053,12
8053,1
8054,12795
8054,12
8054,1
8055,12604
8055,12
8055,1
8056,12496
8056,7127
8056,12
8056,1
8057,12604
8057,12
8057,1
8058,13102
8058,13103
8058,12
8058,1
8059,12854
8059,12
8059,1
8060,12820
8060,12
8060,1
8061,12924
8061,12
8061,1
8062,6982
8062,7011
8062,8385
8062,10557
8062,12
8062,2
8064,12623
8064,2713
8064,12
8064,1
8065,13026
8065,13027
8065,12
8065,1
8066,13100
8066,13101
8066,12
8066,1
8067,12888
8067,8197
8067,8136
8067,12
8067,1
8068,5816
8068,12862
8068,615
8068,12
8068,1
8069,12494
8069,7127
8069,12
8069,1
8070,13061
8070,12
8070,1
8072,13030
8072,7256
8072,1559
8072,12
8072,1
8073,13103
8073,12
8073,1
8075,12769
8075,6115
8075,6114
8075,6109
8075,5762
8075,5637
8075,12
8075,1
8077,12891
8077,1477
8077,440
8077,12
8077,1
8078,12963
8078,7244
8078,12
8078,1
8079,5502
8079,12982
8079,12
8079,1
8080,7687
8080,12538
8080,8562
8080,7891
8080,12
8080,1
8082,11422
8082,13059
8082,1128
8082,1077
8082,12
8082,1
8083,12918
8083,12
8083,1
8084,12770
8084,12
8084,1
8085,12945
8085,13134
8085,12
8085,1
8086,12469
8086,3628
8086,3621
8086,12
8086,1
8087,12927
8087,12
8087,1
8088,12527
8088,12
8088,1
8089,12535
8089,12
8089,1
8091,10812
8091,12
8091,3
8092,3780
8092,1615
8092,12
8092,2
8093,5394
8093,12
8093,2
8095,6098
8095,12047
8095,12
8095,2
8096,6619
8096,12
8096,2
8097,7865
8097,5377
8097,206
8097,4
8098,11458
8098,12
8098,2
8099,12460
8099,12809
8099,12810
8099,7752
8099,6918
8099,142
8099,12
8099,1
8100,13048
8100,13126
8100,13127
8100,13129
8100,13135
8100,13136
8100,13137
8100,13138
8100,1882
8100,1197
8100,1038
8100,581
8100,576
8100,510
8100,438
8100,435
8100,416
8100,304
8100,284
8100,192
8100,12
8100,1
8102,8218
8102,12
8102,2
8103,8257
8103,12
8103,2
8105,8267
8105,12
8105,2
8106,8268
8106,12
8106,2
8107,8278
8107,12
8107,2
8108,8281
8108,12
8108,2
8109,862
8109,12
8109,3
8110,2334
8110,12
8110,2
8111,1521
8111,12
8111,2
8112,8355
8112,12
8112,2
8113,5922
8113,10241
8113,12
8113,2
8114,5675
8114,1132
8114,12
8114,2
8115,7865
8115,206
8115,4
8116,7433
8116,7686
8116,8426
8116,8447
8116,10511
8116,571
8116,12
8116,2
8118,5831
8118,209
8118,2
8120,8409
8120,12
8120,2
8121,7172
8121,9143
8121,4432
8121,4407
8121,4396
8121,12
8121,2
8122,6875
8122,4190
8122,4169
8122,4157
8122,4137
8122,4101
8122,4082
8122,12
8122,2
8123,5738
8123,4229
8123,4154
8123,4143
8123,4118
8123,4058
8123,12
8123,3
8124,7280
8124,12
8124,2
8125,5739
8125,4807
8125,4783
8125,12
8125,3
8126,1916
8126,12
8126,2
8127,10410
8127,12
8127,2
8128,5644
8128,63
8128,2
8130,9591
8130,12
8130,2
8132,3713
8132,4018
8132,3975
8132,3965
8132,3954
8132,3870
8132,3854
8132,3782
8132,3720
8132,3716
8132,12
8132,2
8133,2431
8133,4386
8133,4357
8133,12
8133,3
8134,11806
8134,12
8134,2
8135,7860
8135,12
8135,2
8136,8799
8136,6359
8136,6352
8136,12
8136,2
8138,10911
8138,207
8138,2
8139,1220
8139,32
8139,3
8141,8506
8141,12
8141,2
8143,3453
8143,12
8143,2
8144,5887
8144,12
8144,2
8145,4919
8145,207
8145,2
8146,12621
8146,2179
8146,12
8146,1
8148,8017
8148,12
8148,2
8149,8511
8149,12
8149,2
8150,1347
8150,12
8150,2
8152,1340
8152,12
8152,2
8153,2481
8153,12
8153,2
8154,9321
8154,12
8154,2
8155,10338
8155,209
8155,2
8156,2331
8156,12
8156,2
8157,5683
8157,12
8157,3
8158,11560
8158,12
8158,2
8159,8510
8159,12
8159,2
8160,3155
8160,12
8160,2
8161,9249
8161,12
8161,2
8162,9940
8162,12
8162,3
8163,5675
8163,1032
8163,12
8163,2
8164,5262
8164,850
8164,12
8164,2
8165,366
8165,3882
8165,6750
8165,7182
8165,12
8165,2
8166,355
8166,9437
8166,5365
8166,5317
8166,5242
8166,5213
8166,5172
8166,5163
8166,12
8166,2
8167,12170
8167,12
8167,2
8168,355
8168,9437
8168,5311
8168,5253
8168,5158
8168,12
8168,2
8169,8428
8169,6022
8169,5966
8169,5953
8169,5939
8169,5937
8169,5923
8169,5919
8169,5909
8169,5904
8169,5871
8169,5834
8169,5792
8169,12
8169,2
8170,5262
8170,12
8170,2
8171,5321
8171,5958
8171,5935
8171,5855
8171,12
8171,3
8172,687
8172,4546
8172,4525
8172,4504
8172,4468
8172,4429
8172,4423
8172,4416
8172,4333
8172,1310
8172,12
8172,2
8173,1229
8173,12
8173,2
8174,10933
8174,12
8174,2
8175,9835
8175,6032
8175,6007
8175,5996
8175,5964
8175,5886
8175,5853
8175,12
8175,3
8176,3812
8176,12
8176,2
8177,2284
8177,3931
8177,3904
8177,3858
8177,3857
8177,3838
8177,3825
8177,3797
8177,3707
8177,12
8177,2
8178,2192
8178,2434
8178,4009
8178,3991
8178,68
8178,12
8178,3
8179,12936
8179,12
8179,1
8180,4077
8180,7583
8180,12
8180,2
8182,12473
8182,12
8182,1
8183,12473
8183,7420
8183,12
8183,1
8185,13084
8185,12
8185,1
8186,12720
8186,3149
8186,12
8186,1
8187,12746
8187,6726
8187,1418
8187,12
8187,1
8188,12875
8188,8544
8188,5745
8188,164
8188,12
8188,1
8189,13085
8189,12
8189,1
8190,12798
8190,12
8190,1
8191,12700
8191,12
8191,1
8192,12697
8192,12
8192,1
8194,12719
8194,12
8194,1
8195,12719
8195,12
8195,1
8196,12620
8196,6967
8196,12
8196,1
8197,11228
8197,12708
8197,12
8197,1
8198,12563
8198,4294
8198,1975
8198,12
8198,1
8200,5725
8200,12891
8200,12
8200,1
8201,13104
8201,13105
8201,8012
8201,12
8201,1
8202,12990
8202,12991
8202,6659
8202,6655
8202,6650
8202,6646
8202,6642
8202,6641
8202,6639
8202,6638
8202,6637
8202,6634
8202,4285
8202,4267
8202,4251
8202,12
8202,1
8203,12562
8203,12
8203,1
8204,6256
8204,12707
8204,7951
8204,6381
8204,1685
8204,12
8204,1
8205,12783
8205,6219
8205,12
8205,1
8206,12621
8206,12
8206,1
8208,13018
8208,12
8208,1
8209,12526
8209,12
8209,1
8210,4584
8210,12
8210,2
8211,12526
8211,12
8211,1
8212,13104
8212,12
8212,1
8213,12499
8213,12500
8213,6302
8213,6267
8213,4671
8213,12
8213,1
8214,12950
8214,8111
8214,12
8214,1
8216,12950
8216,12
8216,1
8218,8102
8218,12473
8218,5766
8218,12
8218,1
8219,12556
8219,12
8219,1
8220,12771
8220,12
8220,1
8221,12715
8221,12
8221,1
8222,12632
8222,8741
8222,5753
8222,3439
8222,3392
8222,2582
8222,12
8222,1
8223,13029
8223,12
8223,1
8224,12924
8224,12
8224,1
8225,5242
8225,12924
8225,12
8225,1
8226,12749
8226,1907
8226,12
8226,1
8227,9861
8227,12708
8227,12
8227,1
8228,12763
8228,12
8228,1
8229,3383
8229,7831
8229,12929
8229,6931
8229,12
8229,1
8230,12934
8230,12
8230,1
8232,12584
8232,12
8232,1
8233,12656
8233,6604
8233,12
8233,1
8234,13058
8234,12
8234,1
8235,12896
8235,12
8235,1
8236,6873
8236,12892
8236,12
8236,1
8237,352
8237,12682
8237,12
8237,1
8238,12952
8238,8092
8238,12
8238,1
8239,289
8239,12952
8239,12
8239,1
8240,12557
8240,12
8240,1
8241,12690
8241,8431
8241,6826
8241,5279
8241,12
8241,1
8243,12872
8243,12
8243,1
8244,5894
8244,12
8244,2
8245,12880
8245,12
8245,1
8246,12880
8246,12
8246,1
8247,12938
8247,7044
8247,12
8247,1
8248,12569
8248,12570
8248,4646
8248,1201
8248,481
8248,3
8248,12
8248,1
8249,13062
8249,12
8249,1
8250,13067
8250,12
8250,1
8251,13096
8251,12
8251,1
8252,12485
8252,12486
8252,2692
8252,12
8252,1
8253,12578
8253,12
8253,1
8254,13096
8254,6775
8254,12
8254,1
8255,12485
8255,12
8255,1
8256,13099
8256,12
8256,1
8257,8103
8257,12958
8257,12
8257,1
8258,13017
8258,1365
8258,12
8258,1
8259,13099
8259,12
8259,1
8260,12673
8260,12
8260,1
8261,427
8261,8423
8261,12580
8261,12581
8261,12
8261,1
8262,12711
8262,12
8262,1
8263,13069
8263,7759
8263,12
8263,1
8264,12580
8264,12581
8264,4564
8264,12
8264,1
8265,13099
8265,12
8265,1
8266,214
8266,4084
8266,1357
8266,12
8266,2
8267,8105
8267,12804
8267,12
8267,1
8268,7006
8268,8106
8268,12633
8268,12
8268,1
8270,12633
8270,3667
8270,1383
8270,545
8270,12
8270,1
8271,12631
8271,2696
8271,12
8271,1
8272,12556
8272,12
8272,1
8273,12646
8273,12647
8273,12
8273,1
8275,13053
8275,12
8275,1
8276,13091
8276,3134
8276,12
8276,1
8277,12799
8277,12800
8277,12
8277,1
8278,8107
8278,13091
8278,12
8278,1
8279,12937
8279,12
8279,1
8281,8108
8281,12470
8281,12
8281,1
8282,12636
8282,12
8282,1
8283,13088
8283,12
8283,1
8284,12819
8284,12
8284,1
8285,12949
8285,12
8285,1
8286,664
8286,12975
8286,12
8286,1
8289,13090
8289,7849
8289,12
8289,1
8290,12577
8290,12
8290,1
8291,13070
8291,12
8291,1
8292,13087
8292,2088
8292,12
8292,1
8293,12981
8293,12
8293,1
8294,13016
8294,8629
8294,8486
8294,4964
8294,2205
8294,12
8294,1
8295,12867
8295,12
8295,1
8297,12977
8297,12
8297,1
8298,3254
8298,12
8298,2
8299,12953
8299,12
8299,1
8300,12953
8300,12
8300,1
8301,10812
8301,12490
8301,12
8301,1
8302,3692
8302,12
8302,2
8303,12726
8303,8657
8303,2925
8303,12
8303,1
8305,12784
8305,12
8305,1
8306,12784
8306,12
8306,1
8307,12696
8307,8158
8307,12
8307,1
8308,12696
8308,12
8308,1
8309,12943
8309,46
8309,12
8309,1
8310,12512
8310,12
8310,1
8311,12811
8311,12
8311,1
8312,13093
8312,12
8312,1
8313,12559
8313,4754
8313,12
8313,1
8314,12724
8314,12
8314,1
8315,12571
8315,2009
8315,44
8315,12
8315,1
8316,12634
8316,12
8316,1
8317,12571
8317,12
8317,1
8318,12944
8318,6984
8318,12
8318,1
8319,5659
8319,12
8319,3
8320,12618
8320,12
8320,1
8321,12887
8321,2756
8321,12
8321,1
8322,12817
8322,206
8322,1
8323,6106
8323,12559
8323,12
8323,1
8324,458
8324,12876
8324,12
8324,1
8325,13119
8325,6887
8325,1798
8325,12
8325,1
8326,13108
8326,12
8326,1
8327,12730
8327,12
8327,1
8329,10963
8329,12574
8329,206
8329,1
8330,7002
8330,208
8330,12
8330,5
8331,12627
8331,12
8331,1
8332,288
8332,12488
8332,12
8332,1
8333,12798
8333,12
8333,1
8334,12519
8334,12
8334,1
8335,12855
8335,12
8335,1
8336,12676
8336,12
8336,1
8337,12712
8337,12
8337,1
8338,12739
8338,622
8338,12
8338,1
8339,12789
8339,6509
8339,6180
8339,3568
8339,73
8339,63
8339,12
8339,1
8340,12957
8340,2097
8340,12
8340,1
8341,12898
8341,12
8341,1
8342,678
8342,12947
8342,670
8342,12
8342,1
8343,12856
8343,12
8343,1
8344,12948
8344,8252
8344,12
8344,1
8345,13057
8345,12
8345,1
8346,12622
8346,6518
8346,5130
8346,12
8346,1
8347,13057
8347,6355
8347,12
8347,1
8348,12917
8348,8230
8348,7824
8348,12
8348,1
8349,12722
8349,12
8349,1
8350,12509
8350,12
8350,1
8351,12619
8351,7288
8351,12
8351,1
8352,2344
8352,12
8352,2
8353,12987
8353,13007
8353,7281
8353,2165
8353,192
8353,1
8354,12984
8354,8845
8354,3569
8354,12
8354,1
8355,8112
8355,12542
8355,12
8355,1
8356,12941
8356,12
8356,1
8357,12988
8357,1912
8357,12
8357,1
8358,12884
8358,6643
8358,12
8358,1
8359,5752
8359,12970
8359,12971
8359,12
8359,1
8361,12533
8361,289
8361,88
8361,12
8361,1
8362,12967
8362,6762
8362,12
8362,1
8363,12967
8363,12
8363,1
8364,8941
8364,12
8364,3
8365,13055
8365,1363
8365,12
8365,1
8366,12985
8366,8484
8366,5137
8366,12
8366,1
8367,13097
8367,12
8367,1
8368,12978
8368,12
8368,1
8369,13014
8369,3390
8369,12
8369,1
8370,12482
8370,12483
8370,16
8370,12
8370,1
8371,12803
8371,12
8371,1
8372,12533
8372,12
8372,1
8373,4017
8373,12482
8373,12
8373,1
8374,2731
8374,4623
8374,10157
8374,10642
8374,11710
8374,11923
8374,12122
8374,12826
8374,12827
8374,6824
8374,12
8374,1
8375,12480
8375,12481
8375,12
8375,1
8376,12854
8376,12
8376,1
8377,12794
8377,12
8377,1
8378,12604
8378,3633
8378,12
8378,1
8379,12497
8379,7563
8379,1683
8379,1472
8379,1434
8379,484
8379,428
8379,245
8379,186
8379,153
8379,12
8379,1
8380,29
8380,55
8380,12604
8380,4593
8380,12
8380,1
8381,6142
8381,12496
8381,8314
8381,8312
8381,8233
8381,8000
8381,7958
8381,7934
8381,7733
8381,7700
8381,7696
8381,7661
8381,7634
8381,7631
8381,7612
8381,7604
8381,7584
8381,7428
8381,7399
8381,7398
8381,1527
8381,287
8381,12
8381,1
8382,4736
8382,12854
8382,12
8382,1
8383,12820
8383,12821
8383,12
8383,1
8384,13061
8384,12
8384,1
8385,8062
8385,6099
8385,6044
8385,6003
8385,5924
8385,5895
8385,5830
8385,12
8385,3
8386,5792
8386,13101
8386,12
8386,1
8388,13055
8388,12
8388,1
8389,12532
8389,12
8389,1
8390,12530
8390,12
8390,1
8391,13026
8391,13027
8391,12
8391,1
8392,9076
8392,12
8392,2
8393,6391
8393,13061
8393,12
8393,1
8394,12493
8394,7113
8394,12
8394,1
8395,13068
8395,8722
8395,8475
8395,5752
8395,12
8395,1
8396,12951
8396,12
8396,1
8397,12963
8397,12
8397,1
8398,12891
8398,12
8398,1
8401,4602
8401,12470
8401,12
8401,1
8402,13059
8402,6765
8402,12
8402,1
8403,12731
8403,8036
8403,12
8403,1
8404,12962
8404,12
8404,1
8407,12469
8407,7373
8407,6182
8407,1244
8407,12
8407,1
8408,10180
8408,13086
8408,12
8408,1
8409,8120
8409,12927
8409,12
8409,1
8410,12883
8410,12
8410,1
8411,12527
8411,12
8411,1
8415,8439
8415,12
8415,2
8416,9170
8416,12
8416,3
8417,207
8417,210
8417,368
8417,372
8417,5334
8417,5764
8417,6146
8417,8085
8417,6999
8417,6845
8417,507
8417,398
8417,353
8417,193
8417,134
8417,57
8417,32
8417,2
8418,6005
8418,32
8418,2
8419,12821
8419,12
8419,1
8420,8468
8420,12
8420,2
8421,765
8421,12
8421,2
8422,8503
8422,12
8422,2
8423,8261
8423,12581
8423,12
8423,1
8424,12803
8424,12
8424,1
8425,8543
8425,206
8425,2
8426,2636
8426,6875
8426,6880
8426,6998
8426,7016
8426,7024
8426,7156
8426,7161
8426,7167
8426,7172
8426,7179
8426,7303
8426,7307
8426,8116
8426,8625
8426,9143
8426,12
8426,2
8427,631
8427,2018
8427,5370
8427,5528
8427,5739
8427,6128
8427,9186
8427,12
8427,2
8428,2178
8428,2866
8428,3835
8428,5321
8428,5770
8428,5929
8428,8169
8428,8948
8428,9441
8428,10294
8428,10825
8428,13068
8428,13069
8428,6135
8428,6124
8428,6123
8428,6122
8428,6119
8428,6118
8428,6117
8428,6107
8428,6072
8428,5938
8428,5932
8428,5887
8428,5875
8428,5812
8428,12
8428,1
8429,2186
8429,2431
8429,3734
8429,3869
8429,5214
8429,5537
8429,6890
8429,10583
8429,10762
8429,10778
8429,12954
8429,12
8429,1
8431,8642
8431,12
8431,2
8432,10665
8432,12
8432,2
8434,1186
8434,209
8434,2
8435,12675
8435,12
8435,1
8436,13089
8436,12
8436,1
8437,5592
8437,12683
8437,12
8437,1
8438,4048
8438,5093
8438,5082
8438,5071
8438,12
8438,4
8439,8415
8439,12746
8439,6690
8439,12
8439,1
8440,12197
8440,12
8440,2
8441,12720
8441,7815
8441,12
8441,1
8442,6770
8442,12
8442,2
8443,12744
8443,12
8443,1
8444,2826
8444,4361
8444,12
8444,4
8446,12798
8446,12
8446,1
8447,8116
8447,3981
8447,3943
8447,12
8447,3
8448,12675
8448,12
8448,1
8450,12775
8450,12
8450,1
8451,12620
8451,12
8451,1
8452,631
8452,8627
8452,4825
8452,4819
8452,4815
8452,4811
8452,4808
8452,4803
8452,4795
8452,4788
8452,4781
8452,4769
8452,4715
8452,4711
8452,4703
8452,4699
8452,4691
8452,12
8452,2
8453,4098
8453,4805
8453,4804
8453,4785
8453,4768
8453,4762
8453,4739
8453,4725
8453,4722
8453,4712
8453,4710
8453,12
8453,4
8454,12855
8454,12856
8454,2792
8454,12
8454,1
8455,12563
8455,12
8455,1
8456,2182
8456,3650
8456,3644
8456,3626
8456,3620
8456,3602
8456,3572
8456,12
8456,3
8457,2186
8457,4500
8457,4330
8457,12
8457,3
8459,5741
8459,5944
8459,12
8459,3
8462,12472
8462,12
8462,1
8463,2829
8463,12
8463,2
8464,12526
8464,12
8464,1
8465,4096
8465,604
8465,12
8465,5
8467,11283
8467,638
8467,207
8467,2
8468,8420
8468,12772
8468,12
8468,1
8469,12950
8469,12
8469,1
8472,12924
8472,12
8472,1
8473,12924
8473,12
8473,1
8474,13104
8474,13105
8474,2143
8474,12
8474,1
8475,12886
8475,1262
8475,12
8475,1
8476,12929
8476,6712
8476,12
8476,1
8477,12934
8477,1045
8477,12
8477,1
8478,12732
8478,12
8478,1
8479,6868
8479,8451
8479,136
8479,12
8479,1
8480,12681
8480,12
8480,1
8481,12889
8481,4778
8481,67
8481,12
8481,1
8482,12926
8482,2710
8482,12
8482,1
8483,12681
8483,12
8483,1
8484,12524
8484,12
8484,1
8485,13058
8485,12
8485,1
8486,12682
8486,12
8486,1
8487,13015
8487,12
8487,1
8488,13015
8488,12
8488,1
8489,12952
8489,7579
8489,12
8489,1
8490,12625
8490,12
8490,1
8491,12689
8491,12
8491,1
8492,12688
8492,12
8492,1
8493,12880
8493,464
8493,12
8493,1
8494,6032
8494,12
8494,2
8495,11961
8495,12
8495,2
8496,6974
8496,12
8496,2
8497,12578
8497,12579
8497,12
8497,1
8498,13096
8498,12
8498,1
8499,12578
8499,12
8499,1
8500,4378
8500,13099
8500,12
8500,1
8501,12787
8501,12
8501,1
8502,13063
8502,12
8502,1
8503,8422
8503,12673
8503,7302
8503,2772
8503,12
8503,1
8504,1041
8504,13017
8504,12
8504,1
8505,13069
8505,6857
8505,12
8505,1
8506,8141
8506,13099
8506,12
8506,1
8507,214
8507,6214
8507,1348
8507,12
8507,2
8508,12556
8508,12
8508,1
8509,12647
8509,8595
8509,12
8509,1
8510,1739
8510,8159
8510,11430
8510,12643
8510,12644
8510,4738
8510,4714
8510,3138
8510,12
8510,1
8511,8149
8511,12916
8511,3204
8511,12
8511,1
8513,12799
8513,12800
8513,1431
8513,12
8513,1
8514,2485
8514,7773
8514,12
8514,2
8515,12716
8515,12
8515,1
8516,12818
8516,12
8516,1
8517,259
8517,12716
8517,12
8517,1
8518,12092
8518,12
8518,2
8519,13060
8519,12
8519,1
8520,12633
8520,12
8520,1
8521,13060
8521,1667
8521,12
8521,1
8522,11041
8522,12626
8522,12
8522,1
8523,12818
8523,12
8523,1
8524,12626
8524,12
8524,1
8525,12915
8525,12
8525,1
8526,12790
8526,12
8526,1
8527,2280
8527,12986
8527,485
8527,12
8527,1
8528,13090
8528,7850
8528,12
8528,1
8529,12976
8529,1938
8529,1199
8529,12
8529,1
8530,12713
8530,12
8530,1
8531,162
8531,204
8531,233
8531,245
8531,269
8531,279
8531,12690
8531,7163
8531,7147
8531,7132
8531,7087
8531,7073
8531,7033
8531,2892
8531,1827
8531,1817
8531,1758
8531,1697
8531,1611
8531,1605
8531,1566
8531,1563
8531,1562
8531,1535
8531,1533
8531,1531
8531,1462
8531,1458
8531,1415
8531,1387
8531,12
8531,1
8532,658
8532,12986
8532,485
8532,12
8532,1
8533,13092
8533,12
8533,1
8534,12799
8534,12800
8534,12
8534,1
8535,12977
8535,12
8535,1
8536,12801
8536,12
8536,1
8537,12866
8537,12
8537,1
8538,3692
8538,12
8538,2
8539,13098
8539,12
8539,1
8541,12726
8541,12
8541,1
8542,12637
8542,12638
8542,12
8542,1
8543,8425
8543,12743
8543,206
8543,1
8544,12813
8544,12
8544,1
8545,12513
8545,12
8545,1
8546,4359
8546,12943
8546,12
8546,1
8547,12696
8547,8284
8547,12
8547,1
8549,12696
8549,562
8549,12
8549,1
8550,12476
8550,12
8550,1
8551,12642
8551,206
8551,1
8552,12476
8552,12
8552,1
8553,12634
8553,12
8553,1
8554,7839
8554,12
8554,3
8555,12959
8555,7203
8555,12
8555,1
8556,12887
8556,274
8556,12
8556,1
8558,4431
8558,12
8558,2
8559,12475
8559,12
8559,1
8560,12606
8560,12
8560,1
8561,12733
8561,12
8561,1
8562,13119
8562,78
8562,12
8562,1
8563,5785
8563,669
8563,12
8563,5
8564,2384
8564,12
8564,2
8565,4902
8565,12730
8565,8159
8565,12
8565,1
8566,12605
8566,12
8566,1
8567,12571
8567,12
8567,1
8568,12704
8568,12
8568,1
8569,12724
8569,12
8569,1
8571,1580
8571,12792
8571,12
8571,1
8572,12806
8572,12807
8572,12808
8572,3157
8572,12
8572,1
8573,12747
8573,12
8573,1
8574,12791
8574,12792
8574,2096
8574,1329
8574,266
8574,12
8574,1
8575,13013
8575,12
8575,1
8576,12926
8576,2425
8576,12
8576,1
8577,12676
8577,12
8577,1
8578,12676
8578,1375
8578,12
8578,1
8579,12740
8579,12
8579,1
8580,12947
8580,12
8580,1
8581,8980
8581,12627
8581,12
8581,1
8582,12948
8582,8065
8582,12
8582,1
8583,13057
8583,12
8583,1
8584,12855
8584,12856
8584,12
8584,1
8585,12948
8585,12
8585,1
8586,12728
8586,3369
8586,3360
8586,3358
8586,3356
8586,3346
8586,3343
8586,3342
8586,3341
8586,3339
8586,3337
8586,3331
8586,3314
8586,3313
8586,3312
8586,3311
8586,3302
8586,3301
8586,3299
8586,3294
8586,3292
8586,3288
8586,3287
8586,3286
8586,3285
8586,3277
8586,3275
8586,3273
8586,3270
8586,3268
8586,3261
8586,3260
8586,3258
8586,3256
8586,3242
8586,3241
8586,3232
8586,3230
8586,3228
8586,3060
8586,3056
8586,3055
8586,3053
8586,12
8586,1
8587,12917
8587,7879
8587,12
8587,1
8588,12725
8588,1335
8588,12
8588,1
8590,12619
8590,12
8590,1
8591,12619
8591,12
8591,1
8592,12774
8592,12
8592,1
8593,12542
8593,12
8593,1
8594,12941
8594,12
8594,1
8596,12704
8596,12
8596,1
8597,12970
8597,12
8597,1
8598,13141
8598,13142
8598,6687
8598,192
8598,1
8599,12533
8599,8241
8599,12
8599,1
8600,13098
8600,12
8600,1
8601,12985
8601,12
8601,1
8602,12985
8602,12
8602,1
8603,12536
8603,12
8603,1
8605,5675
8605,7871
8605,12
8605,2
8606,1575
8606,12978
8606,12
8606,1
8607,3739
8607,5543
8607,12803
8607,12
8607,1
8608,12432
8608,12483
8608,12
8608,1
8609,12823
8609,12
8609,1
8610,1512
8610,2542
8610,2015
8610,12
8610,2
8611,12854
8611,12
8611,1
8612,448
8612,12
8612,2
8613,12497
8613,12
8613,1
8614,12794
8614,12
8614,1
8615,65
8615,13103
8615,12
8615,1
8616,12820
8616,12
8616,1
8617,12604
8617,12
8617,1
8618,13101
8618,12
8618,1
8619,6932
8619,12
8619,2
8620,13100
8620,13101
8620,3584
8620,12
8620,1
8621,13064
8621,12
8621,1
8622,13064
8622,12
8622,1
8624,13065
8624,2357
8624,12
8624,1
8625,8426
8625,12
8625,3
8626,13055
8626,12
8626,1
8627,356
8627,8452
8627,8661
8627,8681
8627,8690
8627,8724
8627,8877
8627,8910
8627,8956
8627,8965
8627,8992
8627,9438
8627,12655
8627,4818
8627,12
8627,1
8628,12623
8628,8198
8628,298
8628,12
8628,1
8629,2284
8629,8881
8629,10749
8629,12
8629,2
8630,12805
8630,12
8630,1
8631,12888
8631,12
8631,1
8632,12734
8632,12
8632,1
8633,4099
8633,13031
8633,6356
8633,5206
8633,3395
8633,2851
8633,2781
8633,12
8633,1
8636,12935
8636,12
8636,1
8637,11827
8637,63
8637,3
8638,5732
8638,12
8638,3
8639,12531
8639,292
8639,12
8639,1
8640,10726
8640,6043
8640,5678
8640,5642
8640,5638
8640,5607
8640,5569
8640,5564
8640,5556
8640,5534
8640,5520
8640,5467
8640,5458
8640,5455
8640,5439
8640,5400
8640,12
8640,3
8641,12891
8641,12
8641,1
8642,8431
8642,12963
8642,12
8642,1
8643,12963
8643,12
8643,1
8645,2178
8645,6139
8645,6136
8645,6132
8645,6121
8645,12
8645,3
8646,2180
8646,4566
8646,4532
8646,4503
8646,4493
8646,4483
8646,4425
8646,4393
8646,4358
8646,12
8646,3
8647,12731
8647,7811
8647,12
8647,1
8648,5323
8648,4562
8648,4558
8648,4449
8648,4428
8648,4401
8648,4373
8648,4353
8648,4350
8648,4298
8648,12
8648,3
8649,12962
8649,12
8649,1
8650,12902
8650,12
8650,1
8651,9147
8651,4021
8651,3917
8651,3915
8651,3898
8651,3893
8651,3881
8651,3873
8651,3831
8651,3814
8651,3811
8651,3744
8651,3742
8651,3735
8651,3710
8651,3682
8651,12
8651,3
8652,6864
8652,7565
8652,7652
8652,7656
8652,12900
8652,7747
8652,7645
8652,7626
8652,7586
8652,7561
8652,7553
8652,7528
8652,7517
8652,7508
8652,7493
8652,7473
8652,7396
8652,12
8652,1
8653,10800
8653,12535
8653,12
8653,1
8654,12714
8654,3254
8654,12
8654,1
8655,686
8655,12389
8655,5115
8655,5102
8655,5098
8655,4974
8655,4968
8655,4902
8655,4862
8655,4840
8655,12
8655,4
8656,12256
8656,12930
8656,8303
8656,8064
8656,8020
8656,7978
8656,7823
8656,12
8656,1
8657,12683
8657,12
8657,1
8658,5961
8658,12
8658,2
8659,4649
8659,4698
8659,63
8659,2
8660,2066
8660,12
8660,2
8661,631
8661,8627
8661,4796
8661,4793
8661,4729
8661,4687
8661,12
8661,2
8662,4824
8662,12
8662,2
8663,9138
8663,12
8663,2
8664,11037
8664,12
8664,3
8665,9947
8665,11477
8665,1953
8665,12
8665,2
8668,6802
8668,3377
8668,12
8668,2
8669,2744
8669,12
8669,2
8670,11014
8670,12
8670,2
8671,6344
8671,12
8671,2
8672,6968
8672,12
8672,3
8673,7583
8673,12
8673,2
8674,5262
8674,12
8674,2
8675,10726
8675,5729
8675,5720
8675,5677
8675,5665
8675,5616
8675,5589
8675,5554
8675,5535
8675,5531
8675,5488
8675,5415
8675,5402
8675,12
8675,3
8676,2178
8676,6138
8676,6127
8676,12
8676,3
8677,2180
8677,4515
8677,4439
8677,4411
8677,12
8677,3
8678,5323
8678,4561
8678,4539
8678,4379
8678,4363
8678,12
8678,3
8679,5961
8679,12
8679,2
8681,631
8681,8627
8681,4824
8681,4761
8681,4726
8681,4713
8681,4708
8681,12
8681,2
8684,11508
8684,12
8684,2
8685,6335
8685,12
8685,2
8686,2485
8686,6940
8686,12
8686,2
8687,10726
8687,5721
8687,5706
8687,5692
8687,5690
8687,5568
8687,5504
8687,5501
8687,5474
8687,5465
8687,5428
8687,5414
8687,5381
8687,12
8687,3
8688,2825
8688,5961
8688,12
8688,2
8689,10729
8689,12
8689,3
8690,631
8690,8627
8690,5120
8690,5054
8690,5049
8690,5003
8690,4957
8690,4930
8690,4925
8690,4898
8690,4860
8690,4858
8690,4857
8690,12
8690,2
8694,8792
8694,10163
8694,12
8694,5
8695,8796
8695,9071
8695,12
8695,2
8696,8802
8696,12
8696,2
8697,8820
8697,12
8697,2
8698,2328
8698,12
8698,2
8699,8840
8699,12
8699,2
8700,4257
8700,12
8700,2
8701,5732
8701,5763
8701,12
8701,3
8702,2212
8702,2248
8702,8976
8702,10745
8702,10772
8702,10788
8702,10804
8702,6055
8702,5922
8702,5921
8702,5850
8702,12
8702,2
8703,10726
8703,5700
8703,5687
8703,5681
8703,5671
8703,5630
8703,5629
8703,5621
8703,5618
8703,5596
8703,5594
8703,5584
8703,5536
8703,5505
8703,5490
8703,5485
8703,5484
8703,5462
8703,5444
8703,5393
8703,5391
8703,12
8703,3
8704,8890
8704,12
8704,5
8706,13110
8706,6432
8706,12
8706,1
8707,13089
8707,12
8707,1
8708,13082
8708,241
8708,12
8708,1
8709,12473
8709,12
8709,1
8710,12473
8710,12
8710,1
8711,5728
8711,13084
8711,12
8711,1
8712,12720
8712,12
8712,1
8713,12552
8713,4102
8713,20
8713,12
8713,1
8714,12703
8714,12
8714,1
8715,12683
8715,359
8715,12
8715,1
8716,10729
8716,4557
8716,4475
8716,4421
8716,4334
8716,12
8716,3
8717,12744
8717,12
8717,1
8718,12797
8718,12798
8718,8600
8718,59
8718,12
8718,1
8719,12697
8719,12
8719,1
8720,12719
8720,12
8720,1
8721,12573
8721,12
8721,1
8723,12775
8723,12
8723,1
8724,631
8724,8627
8724,5118
8724,5084
8724,5061
8724,5041
8724,5027
8724,4976
8724,4970
8724,4966
8724,4923
8724,4888
8724,4887
8724,3654
8724,12
8724,2
8725,12565
8725,12
8725,1
8726,12585
8726,12
8726,1
8727,12563
8727,12
8727,1
8728,12814
8728,12815
8728,3188
8728,12
8728,1
8729,12917
8729,12
8729,1
8730,12916
8730,12
8730,1
8731,12891
8731,12
8731,1
8732,12854
8732,3438
8732,12
8732,1
8733,12732
8733,12
8733,1
8734,7847
8734,12783
8734,3530
8734,12
8734,1
8735,12617
8735,12
8735,1
8737,13104
8737,12
8737,1
8739,12870
8739,12
8739,1
8740,12715
8740,12
8740,1
8741,12738
8741,12
8741,1
8744,12567
8744,12568
8744,6930
8744,12
8744,1
8745,12749
8745,8828
8745,2818
8745,524
8745,12
8745,1
8746,13105
8746,6884
8746,12
8746,1
8747,12732
8747,12
8747,1
8748,12934
8748,6541
8748,12
8748,1
8749,12681
8749,12
8749,1
8750,12896
8750,8359
8750,12
8750,1
8752,12785
8752,12
8752,1
8753,13015
8753,12
8753,1
8754,11432
8754,12901
8754,12
8754,1
8756,12625
8756,12
8756,1
8757,12872
8757,12
8757,1
8758,12938
8758,7392
8758,12
8758,1
8759,12880
8759,12
8759,1
8760,13143
8760,12
8760,1
8761,11961
8761,12
8761,2
8762,12710
8762,8286
8762,12
8762,1
8763,13062
8763,12
8763,1
8764,12569
8764,12570
8764,4646
8764,1201
8764,481
8764,3
8764,12
8764,1
8765,12484
8765,12
8765,1
8766,12707
8766,1175
8766,12
8766,1
8767,13063
8767,12
8767,1
8768,12787
8768,12
8768,1
8769,13017
8769,12
8769,1
8770,12475
8770,12
8770,1
8771,7980
8771,12
8771,2
8772,12478
8772,12
8772,1
8773,12919
8773,12
8773,1
8774,12818
8774,12819
8774,1139
8774,12
8774,1
8775,3821
8775,12646
8775,12
8775,1
8776,12633
8776,12
8776,1
8777,12631
8777,12
8777,1
8779,12872
8779,7329
8779,12
8779,1
8780,12916
8780,12
8780,1
8781,12644
8781,12
8781,1
8782,13091
8782,12
8782,1
8783,9319
8783,12805
8783,12
8783,1
8784,12805
8784,3637
8784,522
8784,12
8784,1
8785,12636
8785,12
8785,1
8786,12626
8786,7887
8786,12
8786,1
8787,12949
8787,12
8787,1
8788,12966
8788,12
8788,1
8789,12705
8789,2965
8789,12
8789,1
8790,12974
8790,12975
8790,7010
8790,12
8790,1
8791,4533
8791,13090
8791,7897
8791,12
8791,1
8792,6119
8792,8694
8792,1938
8792,364
8792,12
8792,5
8793,13090
8793,424
8793,12
8793,1
8794,12976
8794,842
8794,364
8794,12
8794,1
8795,2071
8795,12577
8795,12
8795,1
8796,8695
8796,12867
8796,12
8796,1
8797,12867
8797,12
8797,1
8798,13020
8798,7093
8798,12
8798,1
8799,8136
8799,8923
8799,13020
8799,12
8799,1
8801,12816
8801,206
8801,1
8802,5186
8802,5742
8802,8696
8802,13094
8802,13095
8802,12
8802,1
8803,12890
8803,12
8803,1
8805,12939
8805,12
8805,1
8806,12655
8806,12
8806,1
8807,2039
8807,12637
8807,12638
8807,12
8807,1
8808,12784
8808,12
8808,1
8809,12696
8809,8046
8809,12
8809,1
8810,12472
8810,12
8810,1
8811,12515
8811,12
8811,1
8812,12943
8812,12
8812,1
8813,12476
8813,12
8813,1
8814,12512
8814,12
8814,1
8815,12709
8815,12857
8815,7380
8815,12
8815,1
8816,12634
8816,12
8816,1
8818,12724
8818,303
8818,12
8818,1
8819,12571
8819,12
8819,1
8820,8697
8820,12572
8820,208
8820,170
8820,12
8820,1
8821,12887
8821,12
8821,1
8822,12876
8822,1694
8822,12
8822,1
8823,12733
8823,12
8823,1
8824,11044
8824,13119
8824,7174
8824,12
8824,1
8825,12724
8825,12
8825,1
8826,12942
8826,12
8826,1
8827,12951
8827,12
8827,1
8828,12797
8828,3366
8828,12
8828,1
8829,12747
8829,12
8829,1
8830,12519
8830,12
8830,1
8831,12519
8831,12
8831,1
8832,12874
8832,7014
8832,12
8832,1
8833,13013
8833,8543
8833,12
8833,1
8834,12926
8834,12
8834,1
8835,6387
8835,12855
8835,12
8835,1
8836,12676
8836,12
8836,1
8837,12809
8837,142
8837,12
8837,1
8838,12957
8838,12
8838,1
8839,12806
8839,12807
8839,12808
8839,8667
8839,6557
8839,5768
8839,5750
8839,3559
8839,3514
8839,2907
8839,2688
8839,12
8839,1
8840,8699
8840,12898
8840,12907
8840,12
8840,1
8842,12572
8842,12
8842,1
8843,12948
8843,12
8843,1
8844,12622
8844,1625
8844,12
8844,1
8845,13057
8845,12
8845,1
8846,12917
8846,8278
8846,7950
8846,12
8846,1
8847,12487
8847,12
8847,1
8848,12722
8848,12
8848,1
8849,12774
8849,12
8849,1
8850,12619
8850,678
8850,12
8850,1
8851,12721
8851,6747
8851,3702
8851,1973
8851,1918
8851,12
8851,1
8852,12486
8852,12
8852,1
8853,12972
8853,12973
8853,6553
8853,2797
8853,2791
8853,2712
8853,2504
8853,2502
8853,2333
8853,2308
8853,589
8853,583
8853,12
8853,1
8854,4626
8854,12989
8854,8530
8854,12
8854,1
8855,12941
8855,58
8855,12
8855,1
8856,12941
8856,8674
8856,168
8856,12
8856,1
8857,12884
8857,12
8857,1
8858,12533
8858,8257
8858,12
8858,1
8859,13103
8859,12
8859,1
8860,12537
8860,3520
8860,607
8860,12
8860,1
8861,7350
8861,12967
8861,12
8861,1
8862,12537
8862,12
8862,1
8863,6249
8863,12985
8863,12
8863,1
8864,5036
8864,12979
8864,12
8864,1
8865,12483
8865,12
8865,1
8866,12823
8866,8455
8866,6707
8866,5358
8866,12
8866,1
8867,12854
8867,12
8867,1
8868,12480
8868,12481
8868,7181
8868,12
8868,1
8869,12793
8869,12
8869,1
8870,12796
8870,12
8870,1
8871,4750
8871,12604
8871,12
8871,1
8872,12821
8872,12
8872,1
8873,12604
8873,3640
8873,12
8873,1
8874,12498
8874,12
8874,1
8875,12873
8875,248
8875,12
8875,1
8876,13055
8876,12
8876,1
8877,631
8877,8627
8877,9145
8877,9186
8877,10577
8877,5002
8877,12
8877,2
8878,12530
8878,12
8878,1
8879,12623
8879,12
8879,1
8880,12623
8880,8165
8880,12
8880,1
8881,8629
8881,9147
8881,9364
8881,12
8881,3
8882,7816
8882,12494
8882,12
8882,1
8883,12795
8883,12
8883,1
8884,4099
8884,13031
8884,12
8884,1
8885,13064
8885,6233
8885,12
8885,1
8886,13030
8886,6603
8886,6564
8886,2653
8886,2444
8886,561
8886,271
8886,12
8886,1
8887,12769
8887,1476
8887,12
8887,1
8888,10779
8888,13068
8888,12
8888,1
8889,10726
8889,5697
8889,5686
8889,5679
8889,5675
8889,5623
8889,5619
8889,5600
8889,5559
8889,5543
8889,5519
8889,5517
8889,5514
8889,5510
8889,5461
8889,5454
8889,5424
8889,5420
8889,5408
8889,12
8889,3
8890,8704
8890,291
8890,12
8890,5
8891,12534
8891,12
8891,1
8892,12714
8892,12
8892,1
8893,12800
8893,12
8893,1
8894,13059
8894,12
8894,1
8895,12731
8895,8220
8895,12
8895,1
8896,12962
8896,1272
8896,12
8896,1
8898,12935
8898,1644
8898,12
8898,1
8899,12916
8899,1721
8899,12
8899,1
8901,12945
8901,8616
8901,6848
8901,12
8901,1
8902,13086
8902,12
8902,1
8903,5748
8903,12927
8903,12
8903,1
8904,12786
8904,12
8904,1
8905,12927
8905,12
8905,1
8906,12883
8906,8139
8906,12
8906,1
8907,12748
8907,12
8907,1
8908,12527
8908,12
8908,1
8909,10729
8909,12
8909,3
8910,631
8910,8627
8910,5112
8910,5110
8910,5083
8910,5078
8910,5067
8910,5047
8910,5034
8910,5025
8910,5011
8910,4994
8910,4844
8910,12
8910,2
8913,186
8913,7539
8913,209
8913,2
8915,10726
8915,5722
8915,5718
8915,5696
8915,5655
8915,5613
8915,5576
8915,5558
8915,5477
8915,5441
8915,5433
8915,5430
8915,5422
8915,5382
8915,12
8915,3
8916,8051
8916,32
8916,2
8917,7172
8917,9143
8917,4556
8917,12
8917,2
8918,6875
8918,4204
8918,4197
8918,4171
8918,4136
8918,4133
8918,4132
8918,4113
8918,4080
8918,4074
8918,4059
8918,12
8918,2
8919,5738
8919,12
8919,3
8920,5739
8920,4810
8920,4730
8920,4695
8920,12
8920,3
8921,3713
8921,4015
8921,4006
8921,3997
8921,3961
8921,3765
8921,3763
8921,3758
8921,12
8921,2
8922,10270
8922,12
8922,2
8923,8799
8923,6359
8923,6352
8923,12
8923,2
8924,10414
8924,12
8924,2
8925,2301
8925,124
8925,209
8925,2
8926,1534
8926,12
8926,2
8927,798
8927,12
8927,2
8928,12105
8928,12
8928,2
8929,3959
8929,12
8929,2
8930,1540
8930,12
8930,2
8931,12115
8931,12
8931,2
8933,3267
8933,5371
8933,12
8933,2
8934,6725
8934,199
8934,2
8935,9392
8935,12621
8935,12
8935,1
8936,3411
8936,1202
8936,207
8936,2
8937,4877
8937,12
8937,2
8938,1268
8938,12
8938,2
8939,9210
8939,12
8939,2
8941,6581
8941,8364
8941,12
8941,2
8942,3910
8942,262
8942,12
8942,2
8943,9352
8943,12
8943,2
8946,5262
8946,708
8946,12
8946,2
8947,5262
8947,797
8947,12
8947,2
8948,8428
8948,5918
8948,5912
8948,5899
8948,5896
8948,5807
8948,5805
8948,12
8948,2
8949,687
8949,4501
8949,4464
8949,4420
8949,4398
8949,4385
8949,4381
8949,4340
8949,4332
8949,4308
8949,4305
8949,4304
8949,1310
8949,12
8949,2
8950,1229
8950,4296
8950,12
8950,2
8951,10557
8951,12
8951,2
8952,7590
8952,12
8952,2
8953,2284
8953,4016
8953,3962
8953,3907
8953,3897
8953,3887
8953,3849
8953,3832
8953,3772
8953,3759
8953,3736
8953,3723
8953,12
8953,2
8954,7347
8954,12
8954,2
8956,631
8956,8627
8956,5114
8956,5107
8956,5001
8956,4837
8956,12
8956,2
8957,46
8957,12
8957,3
8959,6263
8959,12
8959,2
8960,7583
8960,12
8960,2
8963,10726
8963,6002
8963,5860
8963,5685
8963,5643
8963,5597
8963,5557
8963,5539
8963,5499
8963,5492
8963,5443
8963,5416
8963,5405
8963,5388
8963,12
8963,3
8965,631
8965,8627
8965,5125
8965,5030
8965,4918
8965,4849
8965,12
8965,2
8968,12741
8968,74
8968,12
8968,1
8970,6086
8970,12
8970,2
8971,9074
8971,12
8971,2
8972,10483
8972,1481
8972,204
8972,2
8974,8988
8974,204
8974,2
8975,11980
8975,12
8975,2
8976,2207
8976,8702
8976,10557
8976,12919
8976,12
8976,1
8977,9144
8977,12
8977,2
8978,9152
8978,12
8978,2
8979,9154
8979,12
8979,2
8980,8581
8980,12
8980,2
8981,9160
8981,12
8981,2
8982,12936
8982,12
8982,1
8983,13082
8983,8185
8983,12
8983,1
8984,13052
8984,12
8984,1
8985,12697
8985,12
8985,1
8986,12700
8986,2290
8986,12
8986,1
8987,12474
8987,12
8987,1
8988,8974
8988,13052
8988,1302
8988,12
8988,1
8989,12775
8989,12
8989,1
8990,12775
8990,12
8990,1
8992,631
8992,8627
8992,4963
8992,4880
8992,12
8992,2
8993,12471
8993,3163
8993,12
8993,1
8994,12708
8994,12
8994,1
8995,5697
8995,12565
8995,12566
8995,12
8995,1
8996,12566
8996,12
8996,1
8997,12855
8997,12
8997,1
8999,12563
8999,12
8999,1
9000,12917
9000,12
9000,1
9001,12916
9001,12
9001,1
9002,12891
9002,12
9002,1
9003,13105
9003,12
9003,1
9004,12675
9004,12
9004,1
9005,12732
9005,12
9005,1
9006,12788
9006,12
9006,1
9007,1793
9007,12472
9007,12
9007,1
9008,12707
9008,12
9008,1
9009,2471
9009,554
9009,12
9009,5
9010,12528
9010,12
9010,1
9012,12742
9012,12
9012,1
9013,12567
9013,12
9013,1
9014,13029
9014,12
9014,1
9015,12567
9015,12
9015,1
9016,12749
9016,4679
9016,3675
9016,2428
9016,2330
9016,2114
9016,12
9016,1
9017,7857
9017,12708
9017,12
9017,1
9018,12929
9018,12
9018,1
9019,6868
9019,136
9019,12
9019,1
9020,12934
9020,12
9020,1
9021,12584
9021,105
9021,12
9021,1
9022,12687
9022,12
9022,1
9023,12540
9023,8592
9023,8440
9023,2138
9023,1336
9023,12
9023,1
9024,7037
9024,12682
9024,12
9024,1
9025,13015
9025,12
9025,1
9026,12889
9026,12
9026,1
9027,12952
9027,12
9027,1
9028,12680
9028,12
9028,1
9029,7831
9029,12
9029,3
9030,12625
9030,12
9030,1
9031,12892
9031,1947
9031,12
9031,1
9032,12868
9032,12
9032,1
9033,13052
9033,12
9033,1
9034,12688
9034,7790
9034,6976
9034,12
9034,1
9035,12899
9035,12
9035,1
9036,12880
9036,8170
9036,12
9036,1
9037,12479
9037,98
9037,12
9037,1
9038,12579
9038,12
9038,1
9039,12885
9039,12
9039,1
9040,12579
9040,12
9040,1
9041,13063
9041,2835
9041,12
9041,1
9042,12958
9042,6144
9042,12
9042,1
9043,13017
9043,2762
9043,12
9043,1
9044,12787
9044,8700
9044,12
9044,1
9045,12711
9045,5436
9045,2418
9045,1784
9045,12
9045,1
9046,13069
9046,8736
9046,33
9046,12
9046,1
9047,13099
9047,12
9047,1
9048,12514
9048,12
9048,1
9049,12478
9049,12
9049,1
9050,12804
9050,12
9050,1
9051,12647
9051,12
9051,1
9052,13053
9052,12
9052,1
9053,12937
9053,1766
9053,12
9053,1
9054,12716
9054,12
9054,1
9055,1724
9055,207
9055,2
9056,12470
9056,12
9056,1
9057,12636
9057,7277
9057,6599
9057,2858
9057,2855
9057,12
9057,1
9058,7679
9058,12626
9058,12
9058,1
9059,12639
9059,7012
9059,2348
9059,12
9059,1
9060,12776
9060,12
9060,1
9061,5937
9061,12965
9061,12
9061,1
9062,12706
9062,12
9062,1
9063,331
9063,4094
9063,12655
9063,1862
9063,1860
9063,1856
9063,1855
9063,1845
9063,1815
9063,1811
9063,1807
9063,1797
9063,1785
9063,1731
9063,1719
9063,1704
9063,1630
9063,1569
9063,1406
9063,1127
9063,1095
9063,12
9063,1
9064,13090
9064,8146
9064,7940
9064,12
9064,1
9065,12577
9065,3673
9065,12
9065,1
9066,13087
9066,7367
9066,12
9066,1
9067,12713
9067,12
9067,1
9068,12805
9068,12
9068,1
9069,13009
9069,12
9069,1
9070,13016
9070,1491
9070,12
9070,1
9071,8695
9071,12867
9071,12
9071,1
9072,12801
9072,12
9072,1
9073,12801
9073,12802
9073,7179
9073,1467
9073,12
9073,1
9074,8971
9074,12576
9074,12577
9074,1136
9074,12
9074,1
9075,12489
9075,12490
9075,8696
9075,8432
9075,6875
9075,3681
9075,1863
9075,1392
9075,12
9075,1
9076,5742
9076,8392
9076,13094
9076,13095
9076,12
9076,1
9077,5802
9077,12490
9077,12
9077,1
9078,12939
9078,12
9078,1
9079,13097
9079,13098
9079,5781
9079,12
9079,1
9080,9270
9080,12943
9080,12
9080,1
9081,12696
9081,7975
9081,12
9081,1
9083,12618
9083,12
9083,1
9085,12811
9085,12
9085,1
9086,12642
9086,206
9086,1
9087,12702
9087,6767
9087,12
9087,1
9088,7003
9088,12634
9088,12
9088,1
9089,12559
9089,2512
9089,2506
9089,12
9089,1
9090,12724
9090,12
9090,1
9091,12576
9091,12
9091,1
9092,12571
9092,4611
9092,4574
9092,44
9092,12
9092,1
9093,12572
9093,1225
9093,208
9093,12
9093,1
9094,12959
9094,6520
9094,5371
9094,2399
9094,2018
9094,12
9094,1
9095,13121
9095,8806
9095,8348
9095,7300
9095,3543
9095,3448
9095,3321
9095,2904
9095,2817
9095,2718
9095,2715
9095,2603
9095,2387
9095,2347
9095,1913
9095,12
9095,1
9096,12605
9096,12
9096,1
9098,13109
9098,12
9098,1
9099,13108
9099,12
9099,1
9100,13109
9100,12
9100,1
9101,12704
9101,12
9101,1
9102,12817
9102,206
9102,1
9103,12627
9103,12
9103,1
9104,12942
9104,12
9104,1
9105,12942
9105,12
9105,1
9106,12519
9106,12
9106,1
9107,5359
9107,12806
9107,12807
9107,12
9107,1
9108,12874
9108,12
9108,1
9109,12739
9109,12
9109,1
9110,12739
9110,12
9110,1
9111,12740
9111,12
9111,1
9112,12795
9112,12
9112,1
9113,12622
9113,12
9113,1
9114,13057
9114,12
9114,1
9115,549
9115,9657
9115,9859
9115,10192
9115,12
9115,2
9116,12898
9116,8346
9116,12
9116,1
9117,12722
9117,2206
9117,12
9117,1
9118,12619
9118,12
9118,1
9119,12941
9119,12
9119,1
9120,7666
9120,9877
9120,12988
9120,12
9120,1
9121,12533
9121,8130
9121,12
9121,1
9122,13055
9122,12
9122,1
9123,12968
9123,12969
9123,7289
9123,12
9123,1
9124,5116
9124,12985
9124,12
9124,1
9125,2479
9125,13055
9125,12
9125,1
9126,10551
9126,13014
9126,200
9126,12
9126,1
9127,5182
9127,12482
9127,12
9127,1
9128,12533
9128,12
9128,1
9129,12827
9129,12
9129,1
9130,12480
9130,12481
9130,159
9130,12
9130,1
9131,12497
9131,6006
9131,12
9131,1
9132,12496
9132,12
9132,1
9133,12532
9133,12
9133,1
9134,443
9134,12491
9134,12492
9134,12
9134,1
9135,12820
9135,12821
9135,1258
9135,12
9135,1
9136,12820
9136,12821
9136,12
9136,1
9137,5732
9137,6976
9137,7009
9137,12
9137,3
9138,8663
9138,9171
9138,13061
9138,12
9138,1
9139,13064
9139,12
9139,1
9140,13064
9140,12
9140,1
9142,13100
9142,12
9142,1
9143,620
9143,877
9143,3722
9143,3867
9143,5517
9143,5738
9143,8121
9143,8426
9143,8917
9143,9402
9143,10729
9143,12241
9143,12425
9143,571
9143,12
9143,3
9144,8977
9144,13065
9144,12
9144,1
9145,356
9145,5209
9145,5352
9145,5369
9145,5375
9145,8877
9145,4938
9145,4835
9145,4834
9145,3631
9145,12
9145,2
9147,1975
9147,8651
9147,8881
9147,9364
9147,12
9147,2
9149,12493
9149,5771
9149,12
9149,1
9150,12534
9150,8412
9150,7783
9150,2301
9150,291
9150,12
9150,1
9151,12470
9151,12
9151,1
9152,8978
9152,9411
9152,13059
9152,12
9152,1
9153,12529
9153,2508
9153,12
9153,1
9154,8979
9154,12962
9154,12
9154,1
9155,12935
9155,12
9155,1
9156,12770
9156,12
9156,1
9157,12902
9157,12
9157,1
9160,2148
9160,8981
9160,12883
9160,12
9160,1
9161,12683
9161,3403
9161,1371
9161,553
9161,79
9161,12
9161,1
9162,12527
9162,12
9162,1
9163,1990
9163,12930
9163,6654
9163,12
9163,1
9164,13060
9164,12
9164,1
9165,7501
9165,573
9165,12
9165,2
9166,1134
9166,6141
9166,3698
9166,12
9166,2
9167,3981
9167,10705
9167,12
9167,2
9168,6926
9168,927
9168,12
9168,2
9169,11211
9169,12
9169,3
9170,631
9170,8416
9170,12
9170,2
9171,9138
9171,12
9171,2
9173,7779
9173,12
9173,2
9174,2284
9174,9503
9174,9929
9174,12464
9174,12692
9174,8827
9174,3039
9174,1958
9174,12
9174,1
9176,9262
9176,12
9176,2
9177,1491
9177,2552
9177,5378
9177,5618
9177,5961
9177,6117
9177,11323
9177,11927
9177,12126
9177,13148
9177,489
9177,22
9177,1
9177,12
9177,2
9178,10445
9178,12517
9178,12518
9178,7241
9178,661
9178,12
9178,1
9179,9316
9179,12
9179,2
9180,9323
9180,12
9180,2
9181,9815
9181,12725
9181,12
9181,1
9182,9336
9182,12
9182,2
9183,9234
9183,12
9183,2
9184,765
9184,5720
9184,63
9184,2
9185,7997
9185,12
9185,2
9186,356
9186,5209
9186,5352
9186,5369
9186,5375
9186,8427
9186,8877
9186,4938
9186,4835
9186,3631
9186,12
9186,2
9187,9380
9187,12
9187,5
9188,12940
9188,12
9188,1
9189,13082
9189,8075
9189,12
9189,1
9190,12720
9190,12
9190,1
9191,12875
9191,12
9191,1
9192,12797
9192,12798
9192,389
9192,12
9192,1
9193,12474
9193,12
9193,1
9194,13052
9194,7874
9194,7410
9194,12
9194,1
9195,12775
9195,12
9195,1
9196,12471
9196,7876
9196,12
9196,1
9198,12674
9198,12
9198,1
9199,13105
9199,12
9199,1
9200,12783
9200,12
9200,1
9202,12526
9202,12
9202,1
9203,12674
9203,12
9203,1
9204,10357
9204,12657
9204,6581
9204,6577
9204,6573
9204,6571
9204,6562
9204,4279
9204,4278
9204,1884
9204,191
9204,12
9204,1
9205,12772
9205,12
9205,1
9206,12473
9206,8839
9206,8380
9206,1974
9206,12
9206,1
9207,12528
9207,12
9207,1
9208,12556
9208,12
9208,1
9209,12924
9209,12
9209,1
9210,8939
9210,12568
9210,12
9210,1
9211,12708
9211,12
9211,1
9212,12934
9212,12
9212,1
9213,6868
9213,136
9213,12
9213,1
9215,12584
9215,8636
9215,5772
9215,3541
9215,3029
9215,1709
9215,1443
9215,12
9215,1
9216,12681
9216,12
9216,1
9217,12785
9217,12
9217,1
9218,12785
9218,12
9218,1
9219,12687
9219,12
9219,1
9221,12901
9221,8787
9221,7761
9221,6834
9221,1294
9221,12
9221,1
9222,13015
9222,6166
9222,12
9222,1
9224,12868
9224,6689
9224,12
9224,1
9225,12689
9225,8840
9225,3694
9225,12
9225,1
9226,12880
9226,12
9226,1
9227,12938
9227,12
9227,1
9228,12569
9228,12
9228,1
9229,11972
9229,12
9229,2
9230,12710
9230,12
9230,1
9231,13062
9231,7344
9231,12
9231,1
9232,13067
9232,6631
9232,12
9232,1
9233,12578
9233,12
9233,1
9234,9183
9234,13067
9234,12
9234,1
9235,12479
9235,2798
9235,98
9235,12
9235,1
9236,12872
9236,12
9236,1
9237,13017
9237,12
9237,1
9238,12673
9238,12
9238,1
9239,12711
9239,12
9239,1
9240,10541
9240,12580
9240,12
9240,1
9241,13069
9241,12
9241,1
9242,13099
9242,12
9242,1
9243,12514
9243,12
9243,1
9244,13097
9244,12
9244,1
9245,12919
9245,12
9245,1
9246,12633
9246,6594
9246,545
9246,12
9246,1
9247,7827
9247,12647
9247,12
9247,1
9248,12556
9248,8445
9248,12
9248,1
9249,8161
9249,12631
9249,12
9249,1
9250,12872
9250,12
9250,1
9251,13053
9251,12
9251,1
9252,5744
9252,574
9252,12
9252,5
9253,13053
9253,8420
9253,12
9253,1
9254,12643
9254,12644
9254,12
9254,1
9255,12640
9255,590
9255,574
9255,12
9255,1
9256,12644
9256,12
9256,1
9257,13091
9257,12
9257,1
9258,12937
9258,6883
9258,1304
9258,1287
9258,1242
9258,12
9258,1
9259,12671
9259,12672
9259,8605
9259,12
9259,1
9260,12633
9260,12
9260,1
9261,13088
9261,12
9261,1
9262,9176
9262,13060
9262,12
9262,1
9263,12653
9263,12
9263,1
9264,6317
9264,12
9264,2
9266,12776
9266,12
9266,1
9267,12986
9267,8671
9267,7354
9267,6199
9267,2229
9267,485
9267,12
9267,1
9268,13090
9268,1658
9268,12
9268,1
9270,9080
9270,12
9270,2
9271,2239
9271,13090
9271,12
9271,1
9272,13087
9272,7367
9272,12
9272,1
9273,3708
9273,13009
9273,12
9273,1
9274,12867
9274,12
9274,1
9275,12801
9275,12
9275,1
9276,12577
9276,12
9276,1
9277,12977
9277,12
9277,1
9278,12977
9278,12
9278,1
9279,13014
9279,12
9279,1
9283,12576
9283,12
9283,1
9284,12975
9284,12
9284,1
9285,12866
9285,12
9285,1
9286,2070
9286,12489
9286,12490
9286,12500
9286,12
9286,1
9287,2141
9287,12803
9287,12
9287,1
9288,1791
9288,12489
9288,12490
9288,12
9288,1
9291,13097
9291,12
9291,1
9292,12637
9292,12638
9292,12
9292,1
9293,12637
9293,12638
9293,7311
9293,1884
9293,12
9293,1
9294,3210
9294,10143
9294,12784
9294,12
9294,1
9296,12513
9296,2865
9296,12
9296,1
9297,12813
9297,12
9297,1
9298,12513
9298,12
9298,1
9299,12943
9299,12
9299,1
9300,12696
9300,12
9300,1
9301,12515
9301,7917
9301,6822
9301,12
9301,1
9302,12890
9302,12
9302,1
9303,12476
9303,8702
9303,8677
9303,6174
9303,3563
9303,2768
9303,1323
9303,12
9303,1
9304,12959
9304,12
9304,1
9305,12887
9305,8767
9305,2933
9305,12
9305,1
9306,12650
9306,8243
9306,7841
9306,6891
9306,12
9306,1
9307,12606
9307,12
9307,1
9308,12559
9308,12
9308,1
9309,12475
9309,12
9309,1
9310,12605
9310,12
9310,1
9311,12876
9311,12
9311,1
9312,12733
9312,12
9312,1
9313,13121
9313,6879
9313,12
9313,1
9314,5562
9314,12606
9314,12
9314,1
9315,12574
9315,12575
9315,6334
9315,206
9315,1
9316,9179
9316,12573
9316,669
9316,12
9316,1
9317,11435
9317,12730
9317,12
9317,1
9318,12942
9318,12
9318,1
9319,8783
9319,12157
9319,12
9319,2
9320,12747
9320,12
9320,1
9321,254
9321,346
9321,349
9321,8154
9321,12023
9321,12927
9321,6428
9321,12
9321,1
9322,12874
9322,12
9322,1
9323,9180
9323,13013
9323,12
9323,1
9324,12616
9324,1319
9324,12
9324,1
9326,12739
9326,2451
9326,12
9326,1
9327,105
9327,12479
9327,2705
9327,2701
9327,2698
9327,2675
9327,110
9327,98
9327,12
9327,1
9328,12740
9328,12
9328,1
9329,12622
9329,12
9329,1
9330,12948
9330,12
9330,1
9331,12500
9331,2360
9331,2359
9331,2323
9331,2289
9331,2265
9331,2244
9331,2230
9331,2211
9331,2152
9331,12
9331,1
9332,12773
9332,12
9332,1
9333,13080
9333,12
9333,1
9334,12722
9334,7800
9334,12
9334,1
9335,12722
9335,317
9335,12
9335,1
9336,98
9336,9182
9336,12774
9336,12
9336,1
9337,12713
9337,12
9337,1
9338,12972
9338,12
9338,1
9339,12884
9339,12
9339,1
9340,12704
9340,2499
9340,12
9340,1
9341,12965
9341,12
9341,1
9342,2216
9342,5675
9342,12
9342,2
9343,12533
9343,7982
9343,12
9343,1
9344,12537
9344,12
9344,1
9345,12969
9345,12
9345,1
9346,6968
9346,13055
9346,12
9346,1
9347,13014
9347,12
9347,1
9348,12482
9348,12483
9348,12503
9348,7724
9348,12
9348,1
9349,12918
9349,12
9349,1
9350,12803
9350,1259
9350,12
9350,1
9351,12533
9351,12
9351,1
9352,8943
9352,12827
9352,12
9352,1
9353,10708
9353,12605
9353,12
9353,1
9354,12480
9354,12481
9354,8048
9354,12
9354,1
9355,12532
9355,12
9355,1
9356,5039
9356,12492
9356,12
9356,1
9357,9444
9357,12492
9357,12
9357,1
9358,12821
9358,12
9358,1
9359,13067
9359,6806
9359,12
9359,1
9360,13028
9360,12
9360,1
9361,1571
9361,12873
9361,2682
9361,12
9361,1
9362,13100
9362,13101
9362,12
9362,1
9363,12530
9363,12
9363,1
9364,2192
9364,2434
9364,3185
9364,3362
9364,3529
9364,5342
9364,5364
9364,8881
9364,9147
9364,10801
9364,68
9364,12
9364,3
9365,4099
9365,13031
9365,7337
9365,6793
9365,6469
9365,2547
9365,12
9365,1
9366,13030
9366,8672
9366,6858
9366,12
9366,1
9367,13025
9367,12
9367,1
9368,13102
9368,13103
9368,12
9368,1
9369,842
9369,13144
9369,12
9369,1
9370,3211
9370,12769
9370,12
9370,1
9371,13144
9371,12
9371,1
9373,12963
9373,2233
9373,1451
9373,104
9373,12
9373,1
9374,12529
9374,12
9374,1
9375,12731
9375,12
9375,1
9377,12962
9377,12
9377,1
9378,13019
9378,12
9378,1
9379,12770
9379,12
9379,1
9380,9187
9380,291
9380,12
9380,5
9381,5630
9381,12902
9381,12
9381,1
9384,12469
9384,12
9384,1
9385,12537
9385,12
9385,1
9386,12927
9386,12
9386,1
9387,12535
9387,7830
9387,6706
9387,1949
9387,12
9387,1
9388,12930
9388,12
9388,1
9389,6926
9389,754
9389,12
9389,2
9390,11927
9390,32
9390,2
9391,9467
9391,12
9391,2
9392,1071
9392,8935
9392,9422
9392,10169
9392,10591
9392,10819
9392,11426
9392,12
9392,2
9393,12619
9393,12
9393,1
9395,9514
9395,12
9395,2
9396,9518
9396,12
9396,2
9397,9528
9397,32
9397,3
9398,12634
9398,12
9398,1
9399,9576
9399,12
9399,2
9401,10016
9401,12
9401,2
9402,7172
9402,9143
9402,4567
9402,4523
9402,4417
9402,4408
9402,12
9402,2
9403,6875
9403,4559
9403,4529
9403,4516
9403,4510
9403,4498
9403,4403
9403,4374
9403,4354
9403,4342
9403,4181
9403,4125
9403,4066
9403,12
9403,2
9404,5738
9404,4230
9404,4189
9404,4173
9404,4167
9404,4164
9404,4135
9404,4130
9404,4128
9404,4076
9404,4068
9404,4056
9404,12
9404,3
9405,5739
9405,4798
9405,4774
9405,4765
9405,4747
9405,4744
9405,4721
9405,4707
9405,4688
9405,12
9405,3
9406,20
9406,2546
9406,11123
9406,11796
9406,12003
9406,12119
9406,12195
9406,6545
9406,12
9406,2
9407,3713
9407,4024
9407,4019
9407,4003
9407,3942
9407,3834
9407,3790
9407,3777
9407,12
9407,2
9409,5341
9409,12
9409,2
9410,11896
9410,209
9410,2
9411,9152
9411,12
9411,2
9413,3512
9413,199
9413,2
9414,1456
9414,199
9414,2
9415,12678
9415,12679
9415,1168
9415,12
9415,1
9416,11747
9416,12
9416,2
9417,10135
9417,12
9417,3
9418,648
9418,11307
9418,12
9418,2
9419,7968
9419,12920
9419,12921
9419,2787
9419,12
9419,1
9420,1282
9420,1296
9420,7637
9420,12
9420,2
9421,12205
9421,12
9421,2
9422,9392
9422,12621
9422,12
9422,1
9423,7790
9423,12
9423,2
9424,4671
9424,12
9424,2
9425,12650
9425,12
9425,1
9427,12273
9427,12
9427,2
9428,1837
9428,12
9428,2
9430,10221
9430,12
9430,3
9431,3100
9431,12
9431,2
9433,6201
9433,12
9433,2
9434,10268
9434,10727
9434,11446
9434,12
9434,3
9437,876
9437,4095
9437,5732
9437,5761
9437,5766
9437,8166
9437,8168
9437,9632
9437,10288
9437,10726
9437,10824
9437,13068
9437,13069
9437,5180
9437,5179
9437,12
9437,1
9438,5739
9438,8627
9438,12656
9438,12
9438,1
9439,5262
9439,730
9439,12
9439,2
9440,10291
9440,12
9440,2
9441,8428
9441,6134
9441,6096
9441,6082
9441,6067
9441,6051
9441,6018
9441,5872
9441,5846
9441,5803
9441,5798
9441,12
9441,2
9442,687
9442,4540
9442,4521
9442,4514
9442,4482
9442,4434
9442,4412
9442,4400
9442,4394
9442,4345
9442,1310
9442,12
9442,2
9443,10557
9443,6028
9443,6027
9443,5870
9443,5802
9443,12
9443,2
9444,9357
9444,10666
9444,12
9444,2
9446,2284
9446,4022
9446,4008
9446,3972
9446,3951
9446,3903
9446,3896
9446,3861
9446,3829
9446,3769
9446,12
9446,2
9447,4010
9447,12
9447,2
9448,12910
9448,13086
9448,3153
9448,12
9448,1
9449,10309
9449,12
9449,2
9450,11428
9450,12940
9450,12
9450,1
9451,450
9451,13089
9451,12
9451,1
9452,12473
9452,12
9452,1
9453,12720
9453,12
9453,1
9454,9663
9454,12604
9454,12
9454,1
9456,13052
9456,7863
9456,12
9456,1
9457,12719
9457,12
9457,1
9458,12775
9458,12
9458,1
9459,12585
9459,12
9459,1
9460,13022
9460,12
9460,1
9461,9503
9461,7877
9461,32
9461,2
9463,12560
9463,12561
9463,1216
9463,12
9463,1
9464,12563
9464,12
9464,1
9465,12916
9465,12
9465,1
9466,11927
9466,32
9466,2
9467,9391
9467,12674
9467,12
9467,1
9468,6851
9468,2021
9468,12
9468,2
9469,1489
9469,12636
9469,12
9469,1
9470,6096
9470,6255
9470,12946
9470,6331
9470,12
9470,1
9471,12783
9471,12
9471,1
9472,12621
9472,12
9472,1
9473,12783
9473,12
9473,1
9474,12526
9474,12
9474,1
9475,12950
9475,12
9475,1
9477,12473
9477,12
9477,1
9479,10668
9479,12528
9479,12
9479,1
9480,12715
9480,4239
9480,12
9480,1
9482,13029
9482,4681
9482,12
9482,1
9483,12567
9483,12
9483,1
9486,12929
9486,8308
9486,12
9486,1
9487,7539
9487,12
9487,2
9488,12934
9488,3575
9488,12
9488,1
9491,12656
9491,12
9491,1
9493,12785
9493,12
9493,1
9494,12687
9494,12
9494,1
9495,12682
9495,12
9495,1
9497,12682
9497,6157
9497,12
9497,1
9499,9816
9499,209
9499,2
9500,13015
9500,1984
9500,12
9500,1
9501,2021
9501,12680
9501,12
9501,1
9502,12868
9502,12
9502,1
9503,9174
9503,9461
9503,12689
9503,8223
9503,8156
9503,7913
9503,7872
9503,12
9503,1
9504,12894
9504,12
9504,1
9505,12899
9505,12
9505,1
9506,12872
9506,12
9506,1
9507,11234
9507,206
9507,3
9508,12569
9508,12570
9508,12
9508,1
9509,12484
9509,12
9509,1
9510,1508
9510,12
9510,2
9511,13062
9511,12
9511,1
9512,12570
9512,12
9512,1
9513,1407
9513,13067
9513,12
9513,1
9514,9395
9514,13096
9514,12
9514,1
9515,7810
9515,12578
9515,12579
9515,2175
9515,12
9515,1
9516,12485
9516,12486
9516,12
9516,1
9517,11085
9517,12
9517,2
9518,7754
9518,9396
9518,13063
9518,12
9518,1
9519,12787
9519,12
9519,1
9520,13063
9520,12
9520,1
9521,13017
9521,2644
9521,12
9521,1
9522,13017
9522,7965
9522,12
9522,1
9523,12711
9523,12
9523,1
9524,12580
9524,12
9524,1
9525,12478
9525,12
9525,1
9526,12804
9526,12
9526,1
9527,5589
9527,12478
9527,12
9527,1
9528,9397
9528,11917
9528,32
9528,2
9529,12631
9529,12
9529,1
9532,12400
9532,12824
9532,687
9532,12
9532,1
9533,12646
9533,12
9533,1
9534,5598
9534,12
9534,3
9535,3083
9535,12
9535,2
9536,13053
9536,12
9536,1
9538,12799
9538,12
9538,1
9539,12643
9539,12644
9539,8607
9539,5138
9539,4831
9539,3442
9539,1874
9539,1200
9539,501
9539,12
9539,1
9540,12800
9540,12
9540,1
9541,12937
9541,12
9541,1
9542,12716
9542,12
9542,1
9543,12671
9543,12
9543,1
9544,13088
9544,12
9544,1
9545,12818
9545,12819
9545,3177
9545,12
9545,1
9546,10757
9546,12626
9546,12
9546,1
9547,12818
9547,12
9547,1
9548,12639
9548,12
9548,1
9549,12653
9549,12
9549,1
9550,80
9550,7914
9550,13070
9550,12
9550,1
9551,12867
9551,3144
9551,12
9551,1
9552,13020
9552,12
9552,1
9553,12977
9553,12
9553,1
9554,13014
9554,12
9554,1
9555,12953
9555,12
9555,1
9556,13019
9556,12
9556,1
9557,6979
9557,12738
9557,12
9557,1
9558,12939
9558,8339
9558,12
9558,1
9559,5510
9559,12490
9559,12
9559,1
9560,12939
9560,12
9560,1
9561,12637
9561,12638
9561,6784
9561,12
9561,1
9562,12784
9562,6995
9562,12
9562,1
9563,12813
9563,12
9563,1
9564,12943
9564,12
9564,1
9565,12943
9565,12
9565,1
9566,12512
9566,12
9566,1
9567,12811
9567,12
9567,1
9568,12347
9568,12642
9568,206
9568,1
9569,12634
9569,12
9569,1
9570,3540
9570,12559
9570,7209
9570,12
9570,1
9572,12577
9572,12
9572,1
9573,12634
9573,8378
9573,7324
9573,6724
9573,5767
9573,12
9573,1
9574,12944
9574,12
9574,1
9575,12887
9575,12
9575,1
9576,9399
9576,13108
9576,13109
9576,12
9576,1
9578,12730
9578,12
9578,1
9579,13109
9579,12
9579,1
9580,13109
9580,12
9580,1
9581,12704
9581,12
9581,1
9582,12724
9582,12
9582,1
9583,12898
9583,690
9583,12
9583,1
9584,591
9584,4036
9584,12
9584,2
9585,152
9585,155
9585,158
9585,160
9585,12942
9585,12
9585,1
9586,12942
9586,12
9586,1
9587,12792
9587,12
9587,1
9588,12747
9588,12
9588,1
9589,12519
9589,12
9589,1
9590,12806
9590,12807
9590,12808
9590,3180
9590,12
9590,1
9591,8130
9591,13013
9591,12
9591,1
9592,12712
9592,12
9592,1
9593,12616
9593,1430
9593,12
9593,1
9594,12855
9594,12856
9594,3137
9594,12
9594,1
9595,12795
9595,12796
9595,2040
9595,12
9595,1
9597,12917
9597,12
9597,1
9598,9657
9598,9859
9598,10940
9598,11340
9598,12
9598,2
9599,12725
9599,12
9599,1
9600,5513
9600,12722
9600,12
9600,1
9601,12981
9601,12
9601,1
9602,12542
9602,12
9602,1
9603,12989
9603,1637
9603,12
9603,1
9604,12988
9604,8769
9604,8523
9604,7347
9604,6885
9604,2200
9604,1993
9604,12
9604,1
9605,12539
9605,12
9605,1
9607,4191
9607,12971
9607,12
9607,1
9608,12965
9608,12966
9608,1308
9608,167
9608,12
9608,1
9609,13141
9609,13142
9609,7197
9609,3472
9609,3404
9609,505
9609,192
9609,1
9610,12533
9610,8227
9610,12
9610,1
9612,12967
9612,12
9612,1
9613,13055
9613,12
9613,1
9614,1396
9614,13096
9614,12
9614,1
9615,12539
9615,12
9615,1
9616,4908
9616,12536
9616,7262
9616,64
9616,12
9616,1
9617,1552
9617,207
9617,2
9618,13094
9618,13095
9618,4112
9618,4103
9618,4094
9618,4092
9618,4090
9618,4089
9618,4055
9618,4054
9618,3345
9618,1320
9618,240
9618,238
9618,235
9618,234
9618,49
9618,12
9618,1
9619,13014
9619,12
9619,1
9620,12918
9620,12
9620,1
9621,12533
9621,12
9621,1
9622,12827
9622,8082
9622,12
9622,1
9623,5376
9623,12806
9623,12
9623,1
9624,12480
9624,12481
9624,7968
9624,12
9624,1
9625,12793
9625,12794
9625,12
9625,1
9626,4815
9626,12497
9626,12
9626,1
9627,12496
9627,5142
9627,12
9627,1
9628,12532
9628,12
9628,1
9629,12854
9629,12
9629,1
9630,12491
9630,12492
9630,6444
9630,12
9630,1
9631,12854
9631,2427
9631,12
9631,1
9632,355
9632,675
9632,9437
9632,12397
9632,12434
9632,12
9632,2
9633,10557
9633,12409
9633,12436
9633,5972
9633,5946
9633,5824
9633,5786
9633,12
9633,2
9634,1041
9634,12
9634,3
9635,343
9635,3721
9635,3866
9635,3883
9635,3891
9635,5204
9635,5350
9635,5368
9635,6875
9635,12
9635,2
9636,12530
9636,6901
9636,12
9636,1
9637,13026
9637,13027
9637,7191
9637,12
9637,1
9638,12027
9638,13026
9638,13027
9638,2793
9638,12
9638,1
9639,12888
9639,5756
9639,12
9639,1
9640,12795
9640,12796
9640,12
9640,1
9641,7129
9641,12796
9641,12
9641,1
9642,13030
9642,8155
9642,12
9642,1
9643,12963
9643,12
9643,1
9644,12963
9644,8795
9644,8643
9644,1911
9644,1298
9644,12
9644,1
9645,12714
9645,12
9645,1
9646,12982
9646,12983
9646,12
9646,1
9647,12982
9647,12
9647,1
9648,13059
9648,1314
9648,366
9648,12
9648,1
9649,12529
9649,12
9649,1
9651,12770
9651,6880
9651,5370
9651,12
9651,1
9653,12202
9653,12877
9653,12
9653,1
9654,4086
9654,5618
9654,9677
9654,4794
9654,12
9654,2
9655,6117
9655,12717
9655,8675
9655,7232
9655,7222
9655,6809
9655,3271
9655,3107
9655,2736
9655,1999
9655,1627
9655,1388
9655,12
9655,1
9656,12927
9656,2100
9656,12
9656,1
9657,1168
9657,1384
9657,9115
9657,9598
9657,12683
9657,12
9657,1
9658,12930
9658,12
9658,1
9660,9799
9660,206
9660,2
9661,3407
9661,12
9661,2
9662,7337
9662,12
9662,2
9663,9454
9663,12
9663,2
9665,5262
9665,827
9665,12
9665,2
9667,2459
9667,5077
9667,12
9667,2
9668,3585
9668,12
9668,2
9670,11502
9670,12
9670,2
9671,9694
9671,12
9671,2
9672,9737
9672,11910
9672,13136
9672,12
9672,1
9673,9756
9673,12
9673,2
9675,9811
9675,12
9675,2
9676,9841
9676,12
9676,2
9677,4626
9677,9654
9677,10532
9677,12986
9677,2381
9677,12
9677,1
9678,3378
9678,12940
9678,12
9678,1
9679,13082
9679,8302
9679,7919
9679,12
9679,1
9680,12473
9680,12
9680,1
9681,12720
9681,12
9681,1
9682,12683
9682,12
9682,1
9683,12744
9683,12
9683,1
9684,12744
9684,12
9684,1
9685,13052
9685,12
9685,1
9686,12775
9686,12
9686,1
9688,12585
9688,12
9688,1
9690,13021
9690,12
9690,1
9691,12563
9691,12
9691,1
9692,12674
9692,12
9692,1
9693,13105
9693,12
9693,1
9694,9671
9694,12562
9694,8665
9694,8624
9694,6612
9694,3543
9694,3538
9694,2718
9694,2715
9694,2699
9694,2603
9694,2387
9694,2366
9694,1772
9694,1274
9694,1204
9694,243
9694,114
9694,95
9694,12
9694,1
9695,12946
9695,12
9695,1
9696,12636
9696,12
9696,1
9697,5638
9697,12946
9697,12
9697,1
9698,12472
9698,12
9698,1
9699,12621
9699,12
9699,1
9701,12950
9701,12
9701,1
9702,1398
9702,12741
9702,74
9702,12
9702,1
9703,12795
9703,12796
9703,6547
9703,12
9703,1
9704,12528
9704,12
9704,1
9705,1572
9705,12742
9705,604
9705,12
9705,1
9706,12528
9706,12
9706,1
9707,12556
9707,12
9707,1
9708,13029
9708,5782
9708,12
9708,1
9709,12567
9709,12
9709,1
9711,12750
9711,7760
9711,7753
9711,7741
9711,7609
9711,12
9711,1
9712,10815
9712,12568
9712,12
9712,1
9713,12568
9713,12
9713,1
9714,13105
9714,12
9714,1
9715,12741
9715,74
9715,12
9715,1
9716,12681
9716,8834
9716,8342
9716,12
9716,1
9717,12656
9717,12
9717,1
9718,10060
9718,13058
9718,12
9718,1
9719,12366
9719,12530
9719,12
9719,1
9720,12901
9720,12
9720,1
9721,12557
9721,12
9721,1
9722,9876
9722,13052
9722,12
9722,1
9724,12880
9724,12
9724,1
9725,12479
9725,12
9725,1
9726,12710
9726,12
9726,1
9727,12579
9727,12
9727,1
9728,13096
9728,12
9728,1
9729,1123
9729,12486
9729,12
9729,1
9730,12578
9730,12579
9730,674
9730,12
9730,1
9731,13099
9731,12
9731,1
9732,13063
9732,8142
9732,12
9732,1
9733,12872
9733,12
9733,1
9734,13017
9734,7821
9734,12
9734,1
9735,5722
9735,12673
9735,12
9735,1
9736,11438
9736,12581
9736,12
9736,1
9737,9672
9737,12475
9737,12
9737,1
9738,12514
9738,2841
9738,12
9738,1
9739,214
9739,12
9739,2
9740,10536
9740,12514
9740,12
9740,1
9741,13097
9741,12
9741,1
9742,12919
9742,12
9742,1
9743,12556
9743,12
9743,1
9744,12631
9744,12
9744,1
9745,12824
9745,12
9745,1
9746,12639
9746,2348
9746,12
9746,1
9747,12640
9747,12
9747,1
9748,13053
9748,12
9748,1
9750,7027
9750,12799
9750,12800
9750,12
9750,1
9751,13091
9751,12
9751,1
9753,12949
9753,12
9753,1
9754,12639
9754,12
9754,1
9755,12819
9755,12
9755,1
9756,9673
9756,12639
9756,12
9756,1
9757,12776
9757,2101
9757,12
9757,1
9758,12966
9758,12
9758,1
9759,13090
9759,295
9759,12
9759,1
9761,12981
9761,12
9761,1
9762,13087
9762,12
9762,1
9763,12890
9763,6684
9763,12
9763,1
9764,13092
9764,12
9764,1
9765,12801
9765,12
9765,1
9766,12977
9766,1791
9766,12
9766,1
9767,12799
9767,12
9767,1
9768,12801
9768,12
9768,1
9769,12953
9769,12
9769,1
9770,12879
9770,12
9770,1
9771,3692
9771,12
9771,2
9772,12866
9772,6369
9772,12
9772,1
9774,12637
9774,12638
9774,8527
9774,12
9774,1
9775,13099
9775,12
9775,1
9776,12513
9776,12
9776,1
9778,12943
9778,12
9778,1
9779,12943
9779,12
9779,1
9780,132
9780,12512
9780,1282
9780,1226
9780,12
9780,1
9781,12476
9781,12
9781,1
9782,13093
9782,12
9782,1
9783,12702
9783,12
9783,1
9784,12573
9784,669
9784,138
9784,12
9784,1
9785,12634
9785,6760
9785,12
9785,1
9786,12574
9786,206
9786,1
9787,12650
9787,12
9787,1
9789,12475
9789,7860
9789,12
9789,1
9790,12475
9790,12
9790,1
9791,11044
9791,13119
9791,12
9791,1
9792,12730
9792,12
9792,1
9793,12730
9793,8379
9793,6391
9793,2437
9793,12
9793,1
9794,12571
9794,44
9794,12
9794,1
9795,12704
9795,12
9795,1
9796,12488
9796,12
9796,1
9797,12571
9797,44
9797,12
9797,1
9798,12942
9798,12
9798,1
9799,9660
9799,12747
9799,6743
9799,12
9799,1
9800,12385
9800,12
9800,2
9801,13013
9801,3160
9801,12
9801,1
9802,12926
9802,12
9802,1
9803,12792
9803,12
9803,1
9804,12712
9804,2672
9804,12
9804,1
9805,12616
9805,12
9805,1
9806,12739
9806,12
9806,1
9807,12789
9807,8781
9807,8663
9807,8469
9807,12
9807,1
9808,12957
9808,12
9808,1
9809,12739
9809,12
9809,1
9810,12740
9810,12
9810,1
9811,9675
9811,12947
9811,12
9811,1
9812,12498
9812,12528
9812,2955
9812,2939
9812,2895
9812,2891
9812,2889
9812,2888
9812,2887
9812,12
9812,1
9813,12917
9813,12
9813,1
9814,12898
9814,12
9814,1
9815,9181
9815,12725
9815,12
9815,1
9816,9499
9816,12488
9816,12
9816,1
9817,12722
9817,12
9817,1
9819,12509
9819,8386
9819,566
9819,12
9819,1
9820,12774
9820,12
9820,1
9821,12542
9821,1516
9821,12
9821,1
9822,12988
9822,1892
9822,12
9822,1
9823,12704
9823,12
9823,1
9824,12884
9824,12
9824,1
9825,13141
9825,13142
9825,6830
9825,195
9825,192
9825,1
9826,12533
9826,8260
9826,7984
9826,12
9826,1
9827,13055
9827,12
9827,1
9828,12985
9828,7693
9828,7447
9828,12
9828,1
9829,12483
9829,12
9829,1
9830,2100
9830,12794
9830,12
9830,1
9831,12496
9831,12
9831,1
9832,12532
9832,12
9832,1
9833,13103
9833,12
9833,1
9834,12820
9834,12
9834,1
9835,5782
9835,8175
9835,10557
9835,5928
9835,12
9835,2
9836,13026
9836,13027
9836,12
9836,1
9837,2230
9837,13065
9837,12
9837,1
9838,6875
9838,6881
9838,6999
9838,7017
9838,7025
9838,10573
9838,10759
9838,12
9838,2
9839,13065
9839,12
9839,1
9840,12532
9840,12
9840,1
9841,9676
9841,12877
9841,12
9841,1
9842,12623
9842,12
9842,1
9843,13079
9843,6320
9843,12
9843,1
9844,12805
9844,12
9844,1
9845,12796
9845,12
9845,1
9846,12538
9846,601
9846,12
9846,1
9847,12731
9847,12
9847,1
9849,12770
9849,6159
9849,12
9849,1
9850,4174
9850,12
9850,5
9851,12877
9851,7432
9851,12
9851,1
9852,12469
9852,12
9852,1
9853,12916
9853,12
9853,1
9854,4086
9854,5618
9854,6669
9854,1878
9854,1344
9854,12
9854,2
9855,12383
9855,12531
9855,292
9855,12
9855,1
9856,12945
9856,12
9856,1
9857,12536
9857,12
9857,1
9858,12527
9858,12
9858,1
9859,562
9859,9115
9859,9598
9859,12683
9859,12
9859,1
9861,8227
9861,12
9861,2
9862,3794
9862,12
9862,2
9864,3780
9864,1439
9864,12
9864,2
9868,9889
9868,12
9868,2
9869,9892
9869,10846
9869,12
9869,2
9871,2399
9871,6208
9871,12
9871,2
9872,11271
9872,12
9872,2
9873,5644
9873,63
9873,2
9874,9914
9874,12
9874,2
9875,9915
9875,12
9875,2
9876,9722
9876,12
9876,2
9877,9120
9877,12
9877,2
9878,9942
9878,12
9878,2
9879,9988
9879,12
9879,2
9881,10022
9881,12
9881,2
9882,13100
9882,13101
9882,12
9882,1
9883,12936
9883,12
9883,1
9885,12875
9885,6537
9885,12
9885,1
9886,12700
9886,1989
9886,1640
9886,599
9886,480
9886,12
9886,1
9887,12684
9887,12
9887,1
9889,9868
9889,12566
9889,12
9889,1
9890,12585
9890,8417
9890,1986
9890,139
9890,12
9890,1
9891,13022
9891,12
9891,1
9892,9869
9892,12563
9892,12
9892,1
9893,5556
9893,12560
9893,12561
9893,12
9893,1
9894,12917
9894,12
9894,1
9895,12916
9895,12
9895,1
9896,12814
9896,12815
9896,3213
9896,12
9896,1
9898,13105
9898,12
9898,1
9901,12783
9901,12
9901,1
9902,12472
9902,12
9902,1
9903,12783
9903,12
9903,1
9904,12621
9904,12
9904,1
9905,12657
9905,4584
9905,4280
9905,4258
9905,4236
9905,1884
9905,191
9905,12
9905,1
9906,12950
9906,7599
9906,12
9906,1
9907,12556
9907,12
9907,1
9908,12528
9908,7854
9908,12
9908,1
9909,13029
9909,12
9909,1
9910,12567
9910,12568
9910,8628
9910,12
9910,1
9911,12924
9911,12
9911,1
9912,13029
9912,6877
9912,12
9912,1
9913,5523
9913,12708
9913,12
9913,1
9914,9874
9914,12886
9914,12
9914,1
9915,9875
9915,12929
9915,7169
9915,7168
9915,12
9915,1
9916,12732
9916,12
9916,1
9917,12584
9917,12
9917,1
9919,12656
9919,6738
9919,3749
9919,12
9919,1
9920,12681
9920,12
9920,1
9921,13058
9921,12
9921,1
9922,12896
9922,12
9922,1
9923,12682
9923,12
9923,1
9924,12530
9924,12
9924,1
9925,13015
9925,12
9925,1
9926,12901
9926,12
9926,1
9927,13015
9927,6143
9927,12
9927,1
9928,10555
9928,12889
9928,67
9928,12
9928,1
9929,2816
9929,9174
9929,12689
9929,12
9929,1
9930,12938
9930,7970
9930,7813
9930,7683
9930,7659
9930,7651
9930,7567
9930,12
9930,1
9931,12484
9931,12
9931,1
9932,13067
9932,586
9932,12
9932,1
9933,12787
9933,2578
9933,12
9933,1
9935,12872
9935,12
9935,1
9936,13017
9936,12
9936,1
9937,13017
9937,8215
9937,12
9937,1
9938,13099
9938,12
9938,1
9939,12514
9939,12
9939,1
9940,214
9940,8162
9940,11839
9940,7307
9940,6406
9940,6220
9940,1372
9940,1361
9940,12
9940,2
9941,13122
9941,12
9941,1
9942,9878
9942,12478
9942,2132
9942,12
9942,1
9943,12804
9943,12
9943,1
9944,867
9944,5211
9944,12919
9944,8267
9944,8204
9944,7987
9944,7945
9944,7898
9944,12
9944,1
9946,12631
9946,290
9946,12
9946,1
9947,8665
9947,12956
9947,12
9947,1
9948,11483
9948,209
9948,2
9949,13053
9949,12
9949,1
9951,12800
9951,12
9951,1
9953,12818
9953,12
9953,1
9954,12636
9954,4271
9954,12
9954,1
9955,13088
9955,12
9955,1
9956,12956
9956,12
9956,1
9957,309
9957,2167
9957,12564
9957,12
9957,1
9958,12564
9958,6904
9958,12
9958,1
9959,12965
9959,12
9959,1
9960,13087
9960,12
9960,1
9961,12890
9961,12
9961,1
9963,12799
9963,12800
9963,12
9963,1
9964,1345
9964,12953
9964,12
9964,1
9965,12866
9965,12
9965,1
9966,3692
9966,12
9966,2
9968,12655
9968,8799
9968,7182
9968,6616
9968,6542
9968,3300
9968,2023
9968,12
9968,1
9970,12513
9970,12
9970,1
9971,12472
9971,12
9971,1
9973,12515
9973,8452
9973,12
9973,1
9974,12943
9974,8141
9974,12
9974,1
9975,12641
9975,206
9975,1
9976,12512
9976,12
9976,1
9977,12811
9977,12
9977,1
9978,5795
9978,12709
9978,12
9978,1
9979,12702
9979,7007
9979,12
9979,1
9980,12634
9980,12
9980,1
9981,12559
9981,12
9981,1
9982,12702
9982,3185
9982,12
9982,1
9983,12724
9983,12
9983,1
9984,12634
9984,12
9984,1
9985,12571
9985,12
9985,1
9986,12959
9986,12
9986,1
9987,12559
9987,12
9987,1
9988,9879
9988,12559
9988,3084
9988,12
9988,1
9989,12876
9989,12
9989,1
9990,12475
9990,12
9990,1
9991,12627
9991,8814
9991,8535
9991,12
9991,1
9992,12730
9992,12
9992,1
9993,11685
9993,13109
9993,12
9993,1
9994,12617
9994,12
9994,1
9995,12571
9995,12
9995,1
9996,12704
9996,12
9996,1
9997,12724
9997,12
9997,1
9998,3696
9998,12898
9998,12
9998,1
10001,5184
10001,12712
10001,12
10001,1
10002,12957
10002,6034
10002,12
10002,1
10003,12739
10003,12
10003,1
10004,12957
10004,12
10004,1
10005,5629
10005,12740
10005,12
10005,1
10006,12627
10006,12
10006,1
10007,12498
10007,12
10007,1
10008,12622
10008,12
10008,1
10009,12487
10009,12488
10009,12
10009,1
10010,12722
10010,12
10010,1
10011,12713
10011,12
10011,1
10012,4626
10012,12989
10012,6864
10012,12
10012,1
10013,12884
10013,12
10013,1
10014,12884
10014,12
10014,1
10015,12704
10015,12
10015,1
10016,9401
10016,12970
10016,12
10016,1
10017,12533
10017,7998
10017,12
10017,1
10018,12537
10018,12
10018,1
10019,12967
10019,12
10019,1
10020,12537
10020,12
10020,1
10021,6248
10021,12969
10021,12
10021,1
10022,9881
10022,12537
10022,8525
10022,2204
10022,12
10022,1
10023,12483
10023,12
10023,1
10024,12533
10024,12
10024,1
10025,2083
10025,12481
10025,12
10025,1
10026,12794
10026,12
10026,1
10027,12497
10027,6836
10027,6831
10027,6772
10027,3701
10027,12
10027,1
10028,13102
10028,12
10028,1
10029,12491
10029,12492
10029,278
10029,12
10029,1
10030,12821
10030,12
10030,1
10031,10557
10031,10746
10031,12
10031,2
10032,12873
10032,12
10032,1
10033,13064
10033,12
10033,1
10034,12873
10034,8066
10034,12
10034,1
10035,343
10035,6875
10035,10571
10035,10758
10035,10777
10035,4202
10035,4201
10035,4200
10035,4199
10035,4183
10035,4182
10035,12
10035,2
10036,13055
10036,261
10036,12
10036,1
10037,356
10037,5208
10037,12
10037,2
10038,12623
10038,12
10038,1
10039,5816
10039,12862
10039,7276
10039,12
10039,1
10040,13103
10040,12
10040,1
10041,13025
10041,12
10041,1
10042,13068
10042,5147
10042,4249
10042,3400
10042,12
10042,1
10043,12935
10043,12
10043,1
10044,12951
10044,12
10044,1
10045,12982
10045,12
10045,1
10046,10792
10046,11237
10046,12538
10046,8239
10046,8238
10046,8164
10046,8160
10046,8145
10046,8068
10046,8024
10046,8006
10046,7991
10046,7963
10046,7827
10046,7734
10046,7721
10046,7682
10046,7679
10046,7650
10046,7646
10046,7564
10046,7496
10046,7456
10046,7422
10046,7389
10046,12
10046,1
10047,12799
10047,12800
10047,7236
10047,12
10047,1
10048,12470
10048,12
10048,1
10049,12731
10049,12
10049,1
10050,12918
10050,12
10050,1
10052,12469
10052,12
10052,1
10053,12786
10053,1943
10053,12
10053,1
10054,12883
10054,12
10054,1
10055,12748
10055,12
10055,1
10056,5262
10056,63
10056,2
10059,12936
10059,12
10059,1
10060,9718
10060,12
10060,2
10061,13110
10061,8437
10061,6677
10061,12
10061,1
10063,12473
10063,12
10063,1
10064,385
10064,13082
10064,2044
10064,12
10064,1
10065,12552
10065,20
10065,12
10065,1
10066,12746
10066,1220
10066,12
10066,1
10067,13084
10067,12
10067,1
10068,3810
10068,199
10068,2
10069,11232
10069,12875
10069,12
10069,1
10070,12744
10070,12
10070,1
10071,12893
10071,12894
10071,12
10071,1
10072,6875
10072,4552
10072,4486
10072,4470
10072,4454
10072,4388
10072,4382
10072,4368
10072,4297
10072,12
10072,2
10073,13052
10073,12
10073,1
10074,5738
10074,4226
10074,4217
10074,4188
10074,4187
10074,4185
10074,4139
10074,4122
10074,4119
10074,4115
10074,4084
10074,4075
10074,4037
10074,12
10074,3
10075,12700
10075,12
10075,1
10076,12697
10076,12
10076,1
10077,12573
10077,12
10077,1
10078,12684
10078,4235
10078,2830
10078,12
10078,1
10079,5739
10079,4700
10079,12
10079,3
10080,12855
10080,12856
10080,12
10080,1
10081,12585
10081,8372
10081,12
10081,1
10082,3713
10082,4011
10082,3862
10082,3793
10082,3754
10082,12
10082,2
10083,10348
10083,207
10083,3
10084,12636
10084,746
10084,12
10084,1
10085,12788
10085,12
10085,1
10086,12472
10086,7494
10086,12
10086,1
10087,12783
10087,12
10087,1
10088,12621
10088,8240
10088,12
10088,1
10089,10629
10089,13104
10089,13105
10089,12
10089,1
10090,12772
10090,12
10090,1
10091,12950
10091,7920
10091,12
10091,1
10092,12870
10092,12
10092,1
10093,12715
10093,12
10093,1
10094,5662
10094,13029
10094,12
10094,1
10096,1124
10096,1569
10096,13029
10096,12
10096,1
10097,12749
10097,6727
10097,5352
10097,12
10097,1
10100,12468
10100,8611
10100,12
10100,1
10101,428
10101,12708
10101,12
10101,1
10102,12929
10102,6192
10102,4039
10102,12
10102,1
10103,12656
10103,7018
10103,12
10103,1
10104,12889
10104,12
10104,1
10105,214
10105,11839
10105,7307
10105,6968
10105,6801
10105,2886
10105,1372
10105,12
10105,2
10106,13058
10106,12
10106,1
10107,12896
10107,7352
10107,12
10107,1
10108,12785
10108,7341
10108,12
10108,1
10109,12682
10109,12
10109,1
10110,1638
10110,12
10110,2
10111,13015
10111,5746
10111,12
10111,1
10112,12687
10112,12
10112,1
10113,12952
10113,12
10113,1
10114,12557
10114,12
10114,1
10115,12892
10115,3485
10115,3458
10115,1947
10115,12
10115,1
10116,12625
10116,1496
10116,12
10116,1
10117,12893
10117,12894
10117,1926
10117,12
10117,1
10119,12689
10119,8617
10119,8466
10119,7119
10119,6670
10119,6543
10119,5751
10119,12
10119,1
10120,12688
10120,12
10120,1
10121,12893
10121,12894
10121,6731
10121,511
10121,12
10121,1
10122,12899
10122,12
10122,1
10123,12880
10123,12
10123,1
10124,12569
10124,12570
10124,12
10124,1
10125,14
10125,5507
10125,12885
10125,6630
10125,12
10125,1
10126,11835
10126,13067
10126,12
10126,1
10127,12485
10127,12486
10127,2673
10127,12
10127,1
10128,13067
10128,12
10128,1
10129,12578
10129,12579
10129,3034
10129,12
10129,1
10130,5579
10130,12578
10130,12
10130,1
10131,12707
10131,12
10131,1
10132,2274
10132,13063
10132,12
10132,1
10133,12958
10133,12
10133,1
10134,11241
10134,12872
10134,12
10134,1
10135,6081
10135,9417
10135,326
10135,12
10135,2
10136,13017
10136,12
10136,1
10137,12673
10137,12
10137,1
10138,12581
10138,12
10138,1
10139,214
10139,8786
10139,3385
10139,691
10139,12
10139,2
10140,13122
10140,1313
10140,608
10140,12
10140,1
10142,12631
10142,6275
10142,3616
10142,12
10142,1
10143,9294
10143,12
10143,2
10144,12639
10144,2732
10144,2348
10144,12
10144,1
10145,13053
10145,8448
10145,7381
10145,3397
10145,2691
10145,12
10145,1
10146,12916
10146,7248
10146,12
10146,1
10147,13091
10147,7941
10147,12
10147,1
10148,12799
10148,12
10148,1
10150,12937
10150,8013
10150,12
10150,1
10151,12805
10151,12
10151,1
10152,1135
10152,5823
10152,32
10152,2
10153,13088
10153,12
10153,1
10154,12626
10154,101
10154,12
10154,1
10155,12776
10155,699
10155,12
10155,1
10156,12915
10156,6709
10156,12
10156,1
10157,940
10157,3778
10157,7603
10157,8374
10157,12
10157,2
10158,12705
10158,12
10158,1
10159,12986
10159,6445
10159,6181
10159,1972
10159,485
10159,12
10159,1
10160,12974
10160,12975
10160,12
10160,1
10161,443
10161,12706
10161,6399
10161,1944
10161,12
10161,1
10162,13090
10162,12
10162,1
10163,8694
10163,364
10163,12
10163,5
10164,12713
10164,1541
10164,459
10164,12
10164,1
10165,10813
10165,12890
10165,12
10165,1
10166,13016
10166,12
10166,1
10167,13092
10167,12
10167,1
10168,13009
10168,12
10168,1
10169,9392
10169,12621
10169,12
10169,1
10170,12576
10170,12
10170,1
10171,13019
10171,12
10171,1
10172,5651
10172,63
10172,2
10174,5604
10174,12939
10174,12
10174,1
10175,12655
10175,12
10175,1
10176,13097
10176,13098
10176,12
10176,1
10177,12726
10177,12
10177,1
10178,13099
10178,6898
10178,12
10178,1
10179,12513
10179,12
10179,1
10180,8408
10180,7369
10180,2486
10180,12
10180,2
10181,5091
10181,12
10181,2
10182,12813
10182,1174
10182,12
10182,1
10183,12943
10183,12
10183,1
10184,5614
10184,12696
10184,12
10184,1
10185,12696
10185,7765
10185,12
10185,1
10186,12512
10186,6560
10186,12
10186,1
10187,12512
10187,6957
10187,12
10187,1
10188,12944
10188,12
10188,1
10190,12887
10190,12
10190,1
10191,12887
10191,12
10191,1
10192,1384
10192,1563
10192,9115
10192,1838
10192,12
10192,2
10193,12571
10193,12
10193,1
10194,1983
10194,12733
10194,12
10194,1
10195,12733
10195,12
10195,1
10196,12575
10196,206
10196,1
10197,682
10197,12730
10197,6777
10197,12
10197,1
10199,12605
10199,12
10199,1
10200,13109
10200,12
10200,1
10201,12724
10201,12
10201,1
10202,12942
10202,12
10202,1
10203,12951
10203,6789
10203,6766
10203,6764
10203,6763
10203,6756
10203,12
10203,1
10204,12798
10204,12
10204,1
10205,5559
10205,12747
10205,12
10205,1
10206,5771
10206,12519
10206,12
10206,1
10207,12677
10207,8360
10207,7818
10207,7377
10207,7366
10207,7343
10207,7335
10207,7332
10207,7309
10207,6232
10207,6176
10207,6175
10207,6173
10207,6169
10207,6168
10207,6167
10207,6164
10207,6150
10207,6142
10207,6110
10207,5983
10207,5981
10207,5879
10207,5862
10207,5784
10207,5783
10207,5770
10207,5769
10207,5742
10207,5657
10207,474
10207,456
10207,444
10207,387
10207,237
10207,228
10207,181
10207,132
10207,12
10207,1
10208,12747
10208,8184
10208,12
10208,1
10209,12676
10209,12
10209,1
10210,5995
10210,207
10210,2
10211,12721
10211,12
10211,1
10212,12479
10212,1936
10212,98
10212,12
10212,1
10213,12947
10213,12
10213,1
10214,12855
10214,12856
10214,3200
10214,12
10214,1
10215,12947
10215,12
10215,1
10216,12948
10216,12
10216,1
10217,13057
10217,2173
10217,12
10217,1
10218,12597
10218,12598
10218,3014
10218,3013
10218,3012
10218,2996
10218,2995
10218,2994
10218,2992
10218,2991
10218,2990
10218,2988
10218,2984
10218,2983
10218,2977
10218,2976
10218,2975
10218,2974
10218,2932
10218,2931
10218,2930
10218,2923
10218,2878
10218,2875
10218,2874
10218,2870
10218,2816
10218,2815
10218,2814
10218,2813
10218,2743
10218,2733
10218,2711
10218,12
10218,1
10219,13057
10219,1126
10219,12
10219,1
10220,12803
10220,12
10220,1
10221,758
10221,958
10221,9430
10221,12317
10221,12
10221,2
10222,12773
10222,12
10222,1
10223,12722
10223,7873
10223,12
10223,1
10224,12484
10224,12
10224,1
10225,12722
10225,12
10225,1
10226,12619
10226,1593
10226,12
10226,1
10227,12774
10227,12
10227,1
10228,1332
10228,12
10228,2
10229,6742
10229,12713
10229,12
10229,1
10230,13107
10230,12
10230,1
10231,7660
10231,12813
10231,12
10231,1
10232,12984
10232,12
10232,1
10233,12972
10233,12973
10233,8325
10233,7340
10233,7306
10233,6796
10233,6794
10233,5734
10233,5453
10233,4829
10233,3214
10233,2894
10233,12
10233,1
10234,12542
10234,8028
10234,7180
10234,12
10234,1
10235,12539
10235,12
10235,1
10236,12941
10236,12
10236,1
10237,286
10237,6668
10237,12
10237,2
10238,6068
10238,6581
10238,12
10238,2
10239,12988
10239,4652
10239,12
10239,1
10240,12941
10240,12
10240,1
10241,5667
10241,8113
10241,12884
10241,12
10241,1
10242,12704
10242,12
10242,1
10243,12884
10243,12
10243,1
10244,13102
10244,13103
10244,8083
10244,8081
10244,7992
10244,12
10244,1
10245,12967
10245,12
10245,1
10246,12537
10246,12
10246,1
10247,12536
10247,64
10247,12
10247,1
10248,12985
10248,12
10248,1
10249,13014
10249,12
10249,1
10250,13094
10250,13095
10250,619
10250,12
10250,1
10251,2244
10251,5813
10251,12
10251,3
10252,12803
10252,12
10252,1
10253,13103
10253,12
10253,1
10254,12482
10254,12483
10254,2108
10254,12
10254,1
10255,5620
10255,12827
10255,12
10255,1
10256,12606
10256,12
10256,1
10257,12823
10257,8255
10257,6835
10257,12
10257,1
10258,12885
10258,12
10258,1
10259,5069
10259,12
10259,2
10260,12793
10260,12794
10260,12
10260,1
10261,12497
10261,8768
10261,8570
10261,7503
10261,7394
10261,7083
10261,6736
10261,3688
10261,2003
10261,497
10261,12
10261,1
10262,2237
10262,2282
10262,12793
10262,12794
10262,12
10262,1
10263,12496
10263,8456
10263,12
10263,1
10264,12821
10264,12
10264,1
10265,12924
10265,2690
10265,12
10265,1
10266,1370
10266,5732
10266,10736
10266,10770
10266,10785
10266,10802
10266,11006
10266,11029
10266,5670
10266,12
10266,3
10267,2205
10267,5734
10267,12
10267,3
10268,618
10268,1991
10268,2183
10268,5378
10268,9434
10268,10751
10268,10774
10268,10790
10268,10806
10268,12424
10268,5361
10268,5360
10268,5330
10268,5329
10268,5306
10268,12
10268,2
10270,8922
10270,13100
10270,12
10270,1
10271,13065
10271,12
10271,1
10272,621
10272,5739
10272,10575
10272,10760
10272,4826
10272,12
10272,3
10273,12530
10273,12
10273,1
10275,10558
10275,10584
10275,3522
10275,539
10275,12
10275,2
10276,12877
10276,12
10276,1
10277,12805
10277,7610
10277,12
10277,1
10278,12888
10278,3386
10278,3370
10278,12
10278,1
10279,5816
10279,12862
10279,662
10279,12
10279,1
10280,7037
10280,12
10280,3
10281,12494
10281,421
10281,12
10281,1
10282,13031
10282,7771
10282,12
10282,1
10284,13143
10284,13144
10284,3614
10284,12
10284,1
10285,12935
10285,12
10285,1
10286,7681
10286,12
10286,2
10287,13023
10287,13024
10287,12
10287,1
10288,355
10288,9437
10288,5736
10288,5716
10288,5703
10288,5676
10288,5631
10288,5587
10288,5586
10288,5585
10288,5547
10288,5513
10288,5487
10288,5460
10288,5437
10288,5337
10288,5246
10288,5226
10288,5188
10288,12
10288,2
10289,12531
10289,342
10289,292
10289,12
10289,1
10291,9440
10291,12951
10291,12
10291,1
10292,12891
10292,12
10292,1
10293,11216
10293,11307
10293,12
10293,2
10294,8428
10294,6047
10294,6004
10294,5995
10294,5898
10294,5873
10294,12
10294,2
10295,24
10295,5179
10295,12903
10295,7736
10295,7726
10295,7722
10295,7715
10295,7714
10295,7689
10295,7685
10295,7684
10295,7680
10295,7671
10295,7670
10295,7653
10295,7652
10295,7649
10295,7640
10295,7639
10295,7618
10295,7571
10295,7569
10295,7568
10295,7566
10295,7556
10295,7537
10295,7530
10295,7518
10295,7488
10295,7481
10295,7457
10295,7454
10295,7443
10295,7440
10295,7416
10295,7408
10295,7405
10295,12
10295,1
10296,2763
10296,12771
10296,12
10296,1
10297,687
10297,4538
10297,4530
10297,4485
10297,4453
10297,4415
10297,4404
10297,4346
10297,4336
10297,4311
10297,1310
10297,12
10297,2
10298,12962
10298,8496
10298,6348
10298,5141
10298,4734
10298,2017
10298,12
10298,1
10299,10557
10299,5955
10299,12
10299,2
10300,663
10300,12918
10300,12
10300,1
10301,12770
10301,12
10301,1
10302,12877
10302,12
10302,1
10303,12916
10303,12
10303,1
10304,12900
10304,12
10304,1
10305,4086
10305,5618
10305,7384
10305,6550
10305,6387
10305,12
10305,2
10306,2284
10306,3900
10306,3750
10306,3728
10306,3719
10306,3610
10306,3608
10306,3586
10306,12
10306,2
10307,12701
10307,8800
10307,3471
10307,12
10307,1
10308,12469
10308,12
10308,1
10309,5218
10309,9449
10309,12537
10309,12
10309,1
10310,12927
10310,12
10310,1
10311,12536
10311,12
10311,1
10312,12714
10312,12
10312,1
10313,12748
10313,12
10313,1
10316,462
10316,12
10316,2
10318,1048
10318,4649
10318,63
10318,2
10321,457
10321,207
10321,2
10322,11388
10322,12
10322,2
10323,10398
10323,12
10323,2
10325,10462
10325,12
10325,2
10328,12821
10328,12
10328,1
10329,13089
10329,12
10329,1
10330,13082
10330,2479
10330,12
10330,1
10331,12473
10331,12
10331,1
10332,2166
10332,12552
10332,20
10332,12
10332,1
10333,12720
10333,12
10333,1
10334,12720
10334,12
10334,1
10335,12744
10335,12
10335,1
10336,12875
10336,12
10336,1
10337,12798
10337,12
10337,1
10338,8155
10338,12697
10338,12
10338,1
10340,12620
10340,1349
10340,12
10340,1
10341,12585
10341,462
10341,12
10341,1
10342,4358
10342,12565
10342,12
10342,1
10343,12563
10343,12
10343,1
10344,12560
10344,12561
10344,12
10344,1
10346,12561
10346,12
10346,1
10347,12814
10347,12815
10347,3054
10347,12
10347,1
10348,26
10348,6813
10348,10083
10348,207
10348,2
10349,12674
10349,3619
10349,12
10349,1
10350,12946
10350,12
10350,1
10351,2624
10351,12636
10351,12
10351,1
10352,12788
10352,12
10352,1
10353,12788
10353,12
10353,1
10354,12621
10354,683
10354,12
10354,1
10355,12783
10355,12
10355,1
10357,5217
10357,9204
10357,12657
10357,6322
10357,6319
10357,6308
10357,6307
10357,6304
10357,6279
10357,6278
10357,6277
10357,6260
10357,4258
10357,4256
10357,4248
10357,1884
10357,191
10357,12
10357,1
10358,12950
10358,12
10358,1
10359,12772
10359,12
10359,1
10360,13021
10360,12
10360,1
10361,12738
10361,2406
10361,554
10361,12
10361,1
10362,12567
10362,12
10362,1
10363,13104
10363,13105
10363,12
10363,1
10364,12934
10364,6971
10364,12
10364,1
10365,12934
10365,12
10365,1
10366,10680
10366,12
10366,2
10367,3763
10367,12926
10367,12
10367,1
10368,12681
10368,12
10368,1
10369,7680
10369,12656
10369,12
10369,1
10370,12926
10370,12
10370,1
10371,13058
10371,12
10371,1
10372,12681
10372,12
10372,1
10373,12896
10373,12
10373,1
10374,12892
10374,12
10374,1
10375,12687
10375,12
10375,1
10376,10552
10376,12682
10376,12
10376,1
10377,12540
10377,12
10377,1
10378,43
10378,12530
10378,12
10378,1
10379,12901
10379,6554
10379,257
10379,12
10379,1
10380,13015
10380,12
10380,1
10381,12557
10381,12
10381,1
10382,3783
10382,12625
10382,12
10382,1
10383,12689
10383,12
10383,1
10384,12688
10384,8439
10384,3396
10384,12
10384,1
10385,12893
10385,12
10385,1
10386,12880
10386,12
10386,1
10387,12938
10387,1971
10387,12
10387,1
10388,13062
10388,12
10388,1
10389,13062
10389,12
10389,1
10390,12569
10390,12
10390,1
10391,13096
10391,12
10391,1
10392,13067
10392,12
10392,1
10393,13063
10393,12
10393,1
10394,12787
10394,12
10394,1
10396,12958
10396,12
10396,1
10397,7649
10397,11834
10397,13017
10397,12
10397,1
10398,10323
10398,13099
10398,12
10398,1
10399,12673
10399,12
10399,1
10400,13069
10400,8829
10400,8173
10400,6524
10400,6197
10400,1898
10400,1327
10400,12
10400,1
10401,12580
10401,12581
10401,7669
10401,12
10401,1
10403,12478
10403,12
10403,1
10404,12647
10404,12
10404,1
10406,12556
10406,8597
10406,12
10406,1
10407,12918
10407,12
10407,1
10408,12956
10408,12
10408,1
10409,12916
10409,12
10409,1
10410,8127
10410,13053
10410,12
10410,1
10413,12470
10413,12
10413,1
10414,8924
10414,13060
10414,12
10414,1
10415,13060
10415,1789
10415,12
10415,1
10416,12639
10416,2348
10416,12
10416,1
10417,12965
10417,12
10417,1
10418,12776
10418,12
10418,1
10419,12705
10419,12
10419,1
10420,12949
10420,7038
10420,12
10420,1
10421,12656
10421,12
10421,1
10422,13087
10422,6990
10422,6978
10422,6961
10422,6950
10422,6941
10422,6934
10422,6927
10422,6897
10422,12
10422,1
10423,12980
10423,12981
10423,6296
10423,12
10423,1
10424,13070
10424,12
10424,1
10425,12867
10425,1901
10425,12
10425,1
10428,12977
10428,12
10428,1
10429,13014
10429,12
10429,1
10430,13019
10430,12
10430,1
10431,12801
10431,12802
10431,12
10431,1
10432,12953
10432,6778
10432,6749
10432,6294
10432,12
10432,1
10433,10950
10433,32
10433,2
10434,12879
10434,82
10434,12
10434,1
10435,12490
10435,12
10435,1
10437,12655
10437,7358
10437,12
10437,1
10438,12637
10438,12638
10438,8385
10438,12
10438,1
10439,12638
10439,12
10439,1
10440,13099
10440,12
10440,1
10442,12784
10442,1977
10442,12
10442,1
10443,12813
10443,12
10443,1
10444,12513
10444,12
10444,1
10445,9178
10445,12515
10445,6179
10445,12
10445,1
10446,12476
10446,8015
10446,1494
10446,12
10446,1
10447,12641
10447,206
10447,1
10448,12512
10448,12
10448,1
10449,3151
10449,3706
10449,12
10449,2
10450,12811
10450,12812
10450,8397
10450,6436
10450,6417
10450,3512
10450,1300
10450,12
10450,1
10451,12811
10451,12
10451,1
10452,7829
10452,12634
10452,12
10452,1
10454,5578
10454,12577
10454,12
10454,1
10455,12634
10455,12
10455,1
10456,12959
10456,12
10456,1
10458,12627
10458,8697
10458,8402
10458,6185
10458,2877
10458,1909
10458,12
10458,1
10459,12730
10459,12
10459,1
10460,12730
10460,12
10460,1
10461,13108
10461,13109
10461,1556
10461,12
10461,1
10462,10325
10462,12571
10462,12
10462,1
10463,12704
10463,12
10463,1
10464,12627
10464,1940
10464,12
10464,1
10465,2562
10465,12951
10465,12
10465,1
10466,12792
10466,12
10466,1
10467,12807
10467,12
10467,1
10468,12747
10468,12
10468,1
10469,13013
10469,12
10469,1
10470,12927
10470,12
10470,1
10471,13013
10471,7041
10471,12
10471,1
10472,12712
10472,12
10472,1
10473,12712
10473,12
10473,1
10474,1050
10474,6446
10474,12806
10474,12807
10474,12
10474,1
10475,12957
10475,6151
10475,12
10475,1
10476,12898
10476,12
10476,1
10477,12947
10477,12
10477,1
10478,12528
10478,6525
10478,3009
10478,2982
10478,2972
10478,2939
10478,2873
10478,2839
10478,2827
10478,12
10478,1
10479,230
10479,12025
10479,12856
10479,12
10479,1
10480,12773
10480,370
10480,12
10480,1
10481,3220
10481,13080
10481,12
10481,1
10482,13080
10482,12
10482,1
10483,8972
10483,12722
10483,8166
10483,12
10483,1
10484,12487
10484,12488
10484,12
10484,1
10486,12984
10486,12
10486,1
10487,12941
10487,12
10487,1
10488,12941
10488,12
10488,1
10489,11552
10489,11609
10489,12704
10489,12
10489,1
10490,13102
10490,13103
10490,8354
10490,12
10490,1
10491,10783
10491,12967
10491,12
10491,1
10492,12537
10492,8225
10492,12
10492,1
10494,13055
10494,1642
10494,12
10494,1
10495,12536
10495,12
10495,1
10496,12533
10496,6924
10496,12
10496,1
10497,13103
10497,12
10497,1
10498,12482
10498,12483
10498,8778
10498,7529
10498,12
10498,1
10499,12823
10499,12
10499,1
10500,12481
10500,12
10500,1
10501,5799
10501,12795
10501,12
10501,1
10502,12604
10502,3583
10502,12
10502,1
10503,12497
10503,8547
10503,8494
10503,8482
10503,6827
10503,6803
10503,6198
10503,5755
10503,2824
10503,2760
10503,2174
10503,1759
10503,343
10503,12
10503,1
10504,12532
10504,12
10504,1
10505,12491
10505,12
10505,1
10506,7671
10506,12821
10506,12
10506,1
10507,12854
10507,12
10507,1
10508,13061
10508,12
10508,1
10509,12873
10509,2676
10509,12
10509,1
10510,13064
10510,12
10510,1
10511,5201
10511,8116
10511,12
10511,3
10512,13055
10512,12
10512,1
10513,621
10513,2022
10513,3729
10513,5526
10513,12
10513,5
10514,12877
10514,12
10514,1
10515,12623
10515,12
10515,1
10517,13031
10517,12
10517,1
10518,13030
10518,1164
10518,12
10518,1
10519,13025
10519,8802
10519,8705
10519,12
10519,1
10521,12935
10521,8271
10521,8262
10521,12
10521,1
10524,12963
10524,12
10524,1
10525,12963
10525,12
10525,1
10526,12799
10526,12
10526,1
10527,3026
10527,3201
10527,3382
10527,12982
10527,12983
10527,8134
10527,7938
10527,7892
10527,7825
10527,7745
10527,7725
10527,7718
10527,7687
10527,7676
10527,7674
10527,7642
10527,7624
10527,7622
10527,7596
10527,7591
10527,7583
10527,7562
10527,7549
10527,7502
10527,7501
10527,7462
10527,7461
10527,7453
10527,7441
10527,7423
10527,7415
10527,7413
10527,7409
10527,7393
10527,1676
10527,1507
10527,1436
10527,477
10527,441
10527,423
10527,260
10527,80
10527,72
10527,12
10527,1
10528,12470
10528,12
10528,1
10529,12731
10529,12
10529,1
10530,13059
10530,32
10530,12
10530,1
10531,12916
10531,6761
10531,2757
10531,2104
10531,312
10531,12
10531,1
10532,4086
10532,5618
10532,9677
10532,395
10532,255
10532,254
10532,12
10532,2
10533,12927
10533,12
10533,1
10534,12748
10534,12
10534,1
10536,9740
10536,12
10536,2
10537,8002
10537,199
10537,2
10538,2631
10538,12
10538,2
10540,5262
10540,918
10540,12
10540,2
10541,9240
10541,12
10541,2
10542,12559
10542,12
10542,1
10543,5644
10543,63
10543,2
10544,5644
10544,63
10544,2
10545,10617
10545,12
10545,2
10546,7834
10546,12
10546,3
10548,2199
10548,11821
10548,12
10548,2
10549,5147
10549,12
10549,2
10550,12480
10550,12
10550,1
10551,9126
10551,204
10551,2
10552,10376
10552,276
10552,204
10552,2
10553,5051
10553,77
10553,204
10553,2
10555,9928
10555,12
10555,2
10556,2991
10556,12
10556,4
10557,867
10557,4097
10557,5734
10557,5779
10557,8062
10557,8951
10557,8976
10557,9443
10557,9633
10557,9835
10557,10031
10557,10299
10557,10827
10557,12919
10557,12
10557,1
10558,627
10558,2828
10558,3736
10558,3870
10558,5741
10558,10275
10558,13054
10558,12
10558,1
10559,12936
10559,8032
10559,12
10559,1
10560,2682
10560,12
10560,5
10561,12675
10561,12
10561,1
10562,2362
10562,10756
10562,12
10562,2
10563,7214
10563,12
10563,2
10564,13082
10564,12
10564,1
10565,12875
10565,12
10565,1
10566,12744
10566,12
10566,1
10567,12703
10567,12
10567,1
10568,12744
10568,12
10568,1
10569,620
10569,4543
10569,4524
10569,4491
10569,4462
10569,12
10569,3
10570,12798
10570,12
10570,1
10571,10035
10571,4213
10571,4205
10571,4147
10571,4141
10571,4104
10571,4086
10571,4057
10571,4033
10571,12
10571,3
10572,13085
10572,12
10572,1
10573,9838
10573,4480
10573,4476
10573,4355
10573,4212
10573,4203
10573,4186
10573,4175
10573,4170
10573,4155
10573,4081
10573,4078
10573,4052
10573,12
10573,3
10574,12573
10574,12
10574,1
10575,10272
10575,4823
10575,4786
10575,4770
10575,4752
10575,4751
10575,4736
10575,4735
10575,4718
10575,4696
10575,4686
10575,3582
10575,12
10575,4
10576,12620
10576,12
10576,1
10577,8877
10577,5069
10577,4956
10577,3646
10577,12
10577,3
10578,12708
10578,12
10578,1
10579,12566
10579,12
10579,1
10580,13021
10580,12
10580,1
10581,3713
10581,12
10581,2
10582,537
10582,12560
10582,12
10582,1
10583,8429
10583,4479
10583,4445
10583,4435
10583,4409
10583,4392
10583,4337
10583,4329
10583,4325
10583,4318
10583,4303
10583,12
10583,2
10584,10275
10584,6009
10584,5993
10584,5976
10584,5945
10584,12
10584,3
10585,12533
10585,12
10585,1
10586,13022
10586,12
10586,1
10587,2613
10587,4665
10587,4664
10587,4637
10587,12
10587,4
10588,12707
10588,12
10588,1
10589,12783
10589,12
10589,1
10590,3842
10590,12
10590,3
10591,9392
10591,12621
10591,12
10591,1
10592,6685
10592,12
10592,2
10593,12738
10593,12
10593,1
10594,13105
10594,12
10594,1
10595,1556
10595,12
10595,2
10596,12473
10596,12
10596,1
10597,12870
10597,12
10597,1
10598,13021
10598,12
10598,1
10599,12741
10599,12752
10599,2471
10599,74
10599,12
10599,1
10600,12708
10600,12
10600,1
10602,12708
10602,12
10602,1
10603,12929
10603,12
10603,1
10604,1312
10604,12
10604,2
10605,12934
10605,1182
10605,12
10605,1
10606,12732
10606,12
10606,1
10607,12584
10607,1649
10607,12
10607,1
10608,12889
10608,12
10608,1
10609,7304
10609,12785
10609,12
10609,1
10610,12687
10610,12
10610,1
10611,12889
10611,12
10611,1
10612,12872
10612,2742
10612,12
10612,1
10613,12880
10613,12
10613,1
10614,12569
10614,12570
10614,2091
10614,12
10614,1
10615,5635
10615,13143
10615,12
10615,1
10616,12485
10616,12486
10616,2700
10616,12
10616,1
10617,10545
10617,13067
10617,12
10617,1
10618,12579
10618,12
10618,1
10619,13096
10619,12
10619,1
10620,12579
10620,12
10620,1
10621,13063
10621,7376
10621,12
10621,1
10622,12872
10622,12
10622,1
10623,12673
10623,12
10623,1
10624,12711
10624,12
10624,1
10625,11004
10625,12711
10625,12
10625,1
10626,3731
10626,13069
10626,8245
10626,8143
10626,8128
10626,8102
10626,8017
10626,12
10626,1
10627,12478
10627,12
10627,1
10628,12631
10628,12
10628,1
10629,10089
10629,6964
10629,12
10629,2
10630,12956
10630,7385
10630,7333
10630,12
10630,1
10631,13053
10631,5435
10631,12
10631,1
10632,12640
10632,6363
10632,574
10632,12
10632,1
10633,12643
10633,12644
10633,12
10633,1
10634,12636
10634,8177
10634,4271
10634,12
10634,1
10635,12470
10635,1221
10635,12
10635,1
10636,12672
10636,12
10636,1
10637,13088
10637,12
10637,1
10638,13060
10638,6916
10638,12
10638,1
10639,12639
10639,4241
10639,12
10639,1
10640,12564
10640,12
10640,1
10641,12965
10641,12
10641,1
10642,940
10642,8374
10642,6989
10642,1964
10642,12
10642,2
10643,12577
10643,12
10643,1
10644,12577
10644,12
10644,1
10645,13020
10645,12
10645,1
10646,13020
10646,12
10646,1
10647,12022
10647,12977
10647,12
10647,1
10648,12879
10648,3381
10648,12
10648,1
10649,12866
10649,12
10649,1
10650,5545
10650,12816
10650,206
10650,1
10651,12890
10651,12
10651,1
10652,12490
10652,12
10652,1
10653,12637
10653,12638
10653,614
10653,12
10653,1
10654,12638
10654,12
10654,1
10655,12824
10655,1022
10655,1016
10655,997
10655,995
10655,970
10655,962
10655,953
10655,944
10655,943
10655,940
10655,909
10655,904
10655,902
10655,893
10655,874
10655,861
10655,836
10655,835
10655,832
10655,823
10655,816
10655,810
10655,800
10655,766
10655,763
10655,760
10655,752
10655,741
10655,733
10655,732
10655,719
10655,687
10655,12
10655,1
10656,12784
10656,1977
10656,12
10656,1
10657,13097
10657,12
10657,1
10658,12696
10658,12
10658,1
10659,12476
10659,373
10659,12
10659,1
10660,12642
10660,206
10660,1
10661,7267
10661,207
10661,2
10662,12476
10662,12
10662,1
10663,12512
10663,12
10663,1
10664,12709
10664,12
10664,1
10665,8432
10665,12641
10665,206
10665,1
10666,9444
10666,12702
10666,12
10666,1
10667,12724
10667,12
10667,1
10668,9479
10668,4999
10668,12
10668,2
10669,12944
10669,12
10669,1
10671,12887
10671,2671
10671,12
10671,1
10672,12559
10672,12
10672,1
10673,12475
10673,12
10673,1
10674,12475
10674,12
10674,1
10676,12627
10676,8555
10676,7391
10676,6189
10676,12
10676,1
10677,13119
10677,12
10677,1
10678,1335
10678,12
10678,2
10679,13108
10679,13109
10679,7835
10679,12
10679,1
10680,10366
10680,12898
10680,12
10680,1
10681,12792
10681,12
10681,1
10682,11441
10682,12942
10682,12
10682,1
10683,12747
10683,12
10683,1
10684,12927
10684,12
10684,1
10685,13013
10685,12
10685,1
10686,12712
10686,2559
10686,12
10686,1
10687,12809
10687,12810
10687,12
10687,1
10688,12739
10688,12
10688,1
10689,12721
10689,7053
10689,12
10689,1
10690,12479
10690,6390
10690,98
10690,12
10690,1
10691,12947
10691,12
10691,1
10692,12948
10692,12
10692,1
10693,13057
10693,12
10693,1
10694,12622
10694,12
10694,1
10695,13057
10695,7259
10695,12
10695,1
10696,12773
10696,2981
10696,2321
10696,1428
10696,12
10696,1
10697,12722
10697,12728
10697,8078
10697,12
10697,1
10698,2238
10698,12725
10698,2352
10698,12
10698,1
10699,12722
10699,12
10699,1
10700,12619
10700,12
10700,1
10701,7549
10701,7559
10701,12542
10701,12
10701,1
10702,12941
10702,12
10702,1
10703,6397
10703,12
10703,2
10704,12884
10704,12
10704,1
10705,9167
10705,12704
10705,12
10705,1
10706,12967
10706,6949
10706,12
10706,1
10707,12537
10707,8689
10707,12
10707,1
10708,9353
10708,12
10708,2
10709,12537
10709,1941
10709,12
10709,1
10710,13096
10710,12
10710,1
10711,5064
10711,12
10711,2
10712,12539
10712,12
10712,1
10713,12985
10713,12
10713,1
10714,12978
10714,12979
10714,12
10714,1
10715,13014
10715,12
10715,1
10716,7504
10716,12
10716,2
10717,3158
10717,12
10717,2
10718,7856
10718,12481
10718,12
10718,1
10719,12794
10719,12
10719,1
10720,12795
10720,12796
10720,6680
10720,12
10720,1
10721,5654
10721,12497
10721,12
10721,1
10722,12496
10722,12
10722,1
10723,12794
10723,12
10723,1
10725,12492
10725,12
10725,1
10726,355
10726,8640
10726,8675
10726,8687
10726,8703
10726,8889
10726,8915
10726,8963
10726,9437
10726,12038
10726,5593
10726,5592
10726,5590
10726,5580
10726,5579
10726,5578
10726,5577
10726,12
10726,2
10727,829
10727,5378
10727,9434
10727,10997
10727,11986
10727,12421
10727,12439
10727,5270
10727,5269
10727,5268
10727,5267
10727,5266
10727,12
10727,2
10728,13101
10728,12
10728,1
10729,7172
10729,8689
10729,8716
10729,8909
10729,9143
10729,11204
10729,11585
10729,11988
10729,12
10729,2
10730,13065
10730,12
10730,1
10731,3712
10731,12530
10731,12
10731,1
10733,12805
10733,611
10733,12
10733,1
10734,13025
10734,12
10734,1
10735,6445
10735,12
10735,2
10736,10266
10736,5645
10736,5542
10736,5431
10736,5351
10736,5342
10736,5300
10736,5297
10736,5293
10736,5275
10736,5220
10736,5195
10736,5170
10736,5169
10736,12
10736,4
10737,12531
10737,12
10737,1
10738,12891
10738,12
10738,1
10739,685
10739,5316
10739,5255
10739,12
10739,4
10740,2178
10740,6129
10740,12
10740,3
10741,2178
10741,6137
10741,12
10741,3
10742,10878
10742,12731
10742,12
10742,1
10743,2609
10743,4569
10743,4568
10743,4497
10743,4467
10743,4446
10743,4413
10743,4384
10743,4370
10743,4362
10743,4347
10743,4319
10743,4299
10743,12
10743,3
10744,12918
10744,1246
10744,12
10744,1
10745,8702
10745,12
10745,3
10746,10031
10746,6098
10746,5828
10746,12
10746,3
10747,5515
10747,5618
10747,12
10747,2
10748,11050
10748,3939
10748,3925
10748,3853
10748,3818
10748,3787
10748,3766
10748,3746
10748,3739
10748,3725
10748,12
10748,4
10749,8629
10749,3993
10749,3970
10749,3958
10749,3932
10749,3920
10749,3911
10749,3894
10749,3876
10749,3869
10749,3850
10749,3803
10749,3795
10749,3785
10749,3780
10749,3760
10749,3726
10749,3724
10749,3714
10749,3705
10749,12
10749,3
10750,12786
10750,12
10750,1
10751,10268
10751,12
10751,3
10752,12786
10752,12
10752,1
10754,12714
10754,7246
10754,12
10754,1
10755,12883
10755,12
10755,1
10756,10562
10756,12
10756,3
10757,9546
10757,12
10757,2
10758,10035
10758,4228
10758,4166
10758,4131
10758,4120
10758,4079
10758,4077
10758,4042
10758,4041
10758,12
10758,3
10759,9838
10759,4211
10759,4051
10759,12
10759,3
10760,10272
10760,4776
10760,4763
10760,4748
10760,12
10760,4
10761,3713
10761,3974
10761,3967
10761,3957
10761,3937
10761,3864
10761,3817
10761,3784
10761,3727
10761,3577
10761,12
10761,2
10762,8429
10762,4513
10762,4511
10762,4457
10762,4328
10762,4326
10762,12
10762,2
10763,5471
10763,12
10763,2
10764,2613
10764,4653
10764,12
10764,4
10765,11499
10765,12
10765,2
10766,6463
10766,12
10766,2
10767,7732
10767,12
10767,2
10769,1874
10769,12101
10769,12
10769,2
10770,10266
10770,5727
10770,5724
10770,5704
10770,5694
10770,5633
10770,5612
10770,5598
10770,5581
10770,5549
10770,5518
10770,5464
10770,5409
10770,5273
10770,5251
10770,12
10770,4
10771,2178
10771,12
10771,3
10772,8702
10772,12
10772,3
10773,11050
10773,4025
10773,3995
10773,3935
10773,3921
10773,3877
10773,3810
10773,3711
10773,12
10773,4
10774,10268
10774,12
10774,3
10776,1802
10776,5020
10776,12
10776,2
10777,10035
10777,4210
10777,4195
10777,4153
10777,4091
10777,4060
10777,12
10777,3
10778,8429
10778,12
10778,2
10779,8888
10779,12
10779,2
10780,6246
10780,12
10780,2
10781,2086
10781,12
10781,3
10782,4917
10782,12
10782,2
10783,10491
10783,12
10783,2
10784,5675
10784,12
10784,2
10785,10266
10785,5719
10785,5712
10785,5661
10785,5591
10785,5582
10785,5574
10785,5473
10785,5466
10785,5419
10785,5407
10785,5378
10785,12
10785,4
10786,2949
10786,12
10786,2
10787,2178
10787,6128
10787,12
10787,3
10788,8702
10788,12
10788,3
10789,11050
10789,4012
10789,3994
10789,3906
10789,3866
10789,3830
10789,3819
10789,12
10789,4
10790,10268
10790,12
10790,3
10791,11234
10791,199
10791,3
10792,10046
10792,32
10792,2
10796,10931
10796,12
10796,2
10798,10978
10798,12
10798,2
10800,8653
10800,12
10800,2
10801,2218
10801,2249
10801,2265
10801,9364
10801,11050
10801,4027
10801,3950
10801,3902
10801,3851
10801,3789
10801,3775
10801,3718
10801,3704
10801,12
10801,4
10802,10266
10802,5710
10802,5688
10802,12
10802,4
10803,2178
10803,12
10803,3
10804,8702
10804,12
10804,3
10805,11050
10805,3996
10805,3989
10805,3908
10805,3889
10805,3888
10805,3878
10805,3852
10805,3808
10805,3799
10805,3794
10805,12
10805,4
10806,10268
10806,12
10806,3
10807,6875
10807,4232
10807,4231
10807,4222
10807,4218
10807,4214
10807,4193
10807,4180
10807,4161
10807,4146
10807,4142
10807,4098
10807,4053
10807,4045
10807,4044
10807,12
10807,2
10808,5739
10808,4771
10808,4753
10808,12
10808,3
10809,3713
10809,3660
10809,12
10809,2
10810,1992
10810,52
10810,207
10810,3
10811,3017
10811,5341
10811,12
10811,2
10812,8091
10812,8301
10812,12
10812,2
10813,10165
10813,207
10813,2
10814,1167
10814,12
10814,2
10815,9712
10815,12
10815,2
10816,907
10816,12
10816,2
10817,5629
10817,12
10817,3
10818,6391
10818,12
10818,3
10819,9392
10819,12621
10819,12
10819,1
10820,7610
10820,7748
10820,1801
10820,63
10820,2
10821,6581
10821,12
10821,2
10822,3910
10822,12037
10822,12
10822,2
10823,3780
10823,1672
10823,12
10823,2
10824,355
10824,9437
10824,5359
10824,5332
10824,5290
10824,5245
10824,5193
10824,12
10824,2
10825,8428
10825,6046
10825,6039
10825,6023
10825,5992
10825,5920
10825,5911
10825,5890
10825,5878
10825,12
10825,2
10826,5262
10826,858
10826,12
10826,2
10827,10557
10827,6104
10827,5978
10827,5821
10827,5816
10827,12
10827,2
10828,11646
10828,12
10828,2
10829,2059
10829,12
10829,2
10830,5785
10830,12
10830,5
10831,11468
10831,2465
10831,12
10831,2
10832,12936
10832,8726
10832,8476
10832,12
10832,1
10833,12940
10833,12
10833,1
10834,13082
10834,12
10834,1
10835,13082
10835,12
10835,1
10836,12473
10836,7575
10836,12
10836,1
10837,12720
10837,12
10837,1
10838,12604
10838,12
10838,1
10839,12604
10839,1338
10839,12
10839,1
10840,1992
10840,12797
10840,12798
10840,12
10840,1
10841,12024
10841,12474
10841,12
10841,1
10842,12719
10842,12
10842,1
10843,4643
10843,12719
10843,12
10843,1
10844,13022
10844,12
10844,1
10845,13022
10845,12
10845,1
10846,5180
10846,9869
10846,12563
10846,12
10846,1
10847,12560
10847,12561
10847,2102
10847,12
10847,1
10848,13104
10848,13105
10848,8117
10848,8086
10848,8004
10848,7136
10848,2332
10848,12
10848,1
10849,12707
10849,12
10849,1
10850,12783
10850,12
10850,1
10851,12472
10851,12
10851,1
10852,12783
10852,315
10852,12
10852,1
10854,12617
10854,1368
10854,12
10854,1
10855,12674
10855,12
10855,1
10856,13105
10856,12
10856,1
10857,12473
10857,12
10857,1
10858,12771
10858,12
10858,1
10859,12556
10859,3240
10859,12
10859,1
10860,5518
10860,12870
10860,12
10860,1
10861,13029
10861,8823
10861,8797
10861,1991
10861,12
10861,1
10862,12567
10862,12568
10862,12
10862,1
10863,13105
10863,12
10863,1
10865,12886
10865,12
10865,1
10866,12934
10866,12
10866,1
10867,12934
10867,7495
10867,12
10867,1
10868,12763
10868,2614
10868,12
10868,1
10869,142
10869,144
10869,4082
10869,12889
10869,67
10869,12
10869,1
10870,12681
10870,12
10870,1
10871,12896
10871,12
10871,1
10873,13058
10873,12
10873,1
10874,12896
10874,12
10874,1
10875,12889
10875,3508
10875,67
10875,12
10875,1
10876,13015
10876,12
10876,1
10877,12911
10877,12
10877,1
10878,10742
10878,12
10878,2
10879,1986
10879,12689
10879,12
10879,1
10880,3715
10880,12868
10880,12
10880,1
10881,13052
10881,1339
10881,12
10881,1
10882,12688
10882,12
10882,1
10883,12958
10883,6632
10883,12
10883,1
10884,12880
10884,12
10884,1
10885,12569
10885,12570
10885,8626
10885,537
10885,12
10885,1
10886,13143
10886,12
10886,1
10887,13062
10887,6679
10887,12
10887,1
10888,12569
10888,12570
10888,2500
10888,12
10888,1
10889,13067
10889,12
10889,1
10890,12885
10890,12
10890,1
10891,12485
10891,12486
10891,12
10891,1
10892,7864
10892,7866
10892,12578
10892,12579
10892,12
10892,1
10893,4582
10893,12
10893,2
10894,12707
10894,12
10894,1
10895,12872
10895,1317
10895,681
10895,12
10895,1
10896,12711
10896,7882
10896,12
10896,1
10897,12804
10897,12
10897,1
10898,12647
10898,12
10898,1
10899,12478
10899,12
10899,1
10900,12633
10900,545
10900,12
10900,1
10901,5954
10901,12631
10901,12
10901,1
10902,12556
10902,12
10902,1
10903,12918
10903,6625
10903,12
10903,1
10905,12639
10905,12
10905,1
10906,13053
10906,12
10906,1
10908,12937
10908,12
10908,1
10909,12949
10909,12
10909,1
10910,12470
10910,7363
10910,163
10910,12
10910,1
10911,8138
10911,13060
10911,12
10911,1
10912,12639
10912,12
10912,1
10914,13090
10914,6785
10914,12
10914,1
10915,13090
10915,12
10915,1
10916,13087
10916,12
10916,1
10917,13087
10917,12
10917,1
10918,6997
10918,12618
10918,12
10918,1
10919,12805
10919,12
10919,1
10920,13016
10920,12
10920,1
10921,13009
10921,12
10921,1
10922,13092
10922,12
10922,1
10925,12953
10925,8203
10925,12
10925,1
10926,12953
10926,12
10926,1
10927,12866
10927,12
10927,1
10928,12490
10928,12
10928,1
10929,12866
10929,2734
10929,12
10929,1
10930,5721
10930,12939
10930,12
10930,1
10931,10796
10931,13098
10931,12
10931,1
10932,12939
10932,12
10932,1
10933,8174
10933,12575
10933,206
10933,1
10934,12638
10934,12
10934,1
10935,6737
10935,13099
10935,12
10935,1
10936,2234
10936,12618
10936,12
10936,1
10937,12811
10937,12
10937,1
10939,4605
10939,5598
10939,12702
10939,2035
10939,12
10939,1
10940,9598
10940,12
10940,3
10941,12634
10941,6815
10941,12
10941,1
10942,12634
10942,1358
10942,12
10942,1
10943,12944
10943,12
10943,1
10944,12575
10944,206
10944,1
10945,12944
10945,12
10945,1
10946,12959
10946,12
10946,1
10947,12876
10947,12
10947,1
10948,12571
10948,44
10948,12
10948,1
10949,12733
10949,12
10949,1
10950,10433
10950,13121
10950,12
10950,1
10951,12627
10951,12
10951,1
10952,11044
10952,13119
10952,1224
10952,12
10952,1
10954,12730
10954,12
10954,1
10955,12559
10955,12
10955,1
10956,12704
10956,12
10956,1
10957,12487
10957,12
10957,1
10958,12797
10958,12798
10958,542
10958,12
10958,1
10959,12791
10959,12792
10959,8734
10959,6745
10959,4293
10959,1329
10959,12
10959,1
10960,11141
10960,199
10960,2
10961,12677
10961,6871
10961,2521
10961,1757
10961,700
10961,12
10961,1
10962,13013
10962,12
10962,1
10963,8329
10963,12
10963,2
10964,12676
10964,12
10964,1
10965,12676
10965,12
10965,1
10966,12739
10966,12
10966,1
10967,12855
10967,12
10967,1
10968,12721
10968,7798
10968,7766
10968,1218
10968,12
10968,1
10969,12947
10969,684
10969,12
10969,1
10970,12740
10970,12
10970,1
10971,12948
10971,12
10971,1
10972,13000
10972,13001
10972,3310
10972,3141
10972,3140
10972,3129
10972,3112
10972,3111
10972,3110
10972,3109
10972,3097
10972,3092
10972,3052
10972,3037
10972,51
10972,12
10972,1
10973,12917
10973,12
10973,1
10974,12773
10974,1962
10974,1529
10974,12
10974,1
10975,12917
10975,12
10975,1
10976,12722
10976,7749
10976,12
10976,1
10977,12725
10977,8423
10977,6862
10977,5778
10977,3558
10977,3549
10977,1362
10977,12
10977,1
10978,10798
10978,12619
10978,12
10978,1
10979,12713
10979,7905
10979,7743
10979,12
10979,1
10980,12774
10980,6715
10980,12
10980,1
10981,12988
10981,1268
10981,12
10981,1
10982,12884
10982,12
10982,1
10983,12704
10983,12
10983,1
10984,13103
10984,12
10984,1
10985,12537
10985,12
10985,1
10986,12537
10986,12
10986,1
10987,12969
10987,12
10987,1
10988,12536
10988,12
10988,1
10989,12918
10989,12
10989,1
10990,12533
10990,12
10990,1
10991,12823
10991,12
10991,1
10992,12480
10992,12481
10992,6551
10992,12
10992,1
10993,81
10993,13061
10993,12
10993,1
10994,12873
10994,12
10994,1
10995,12873
10995,6223
10995,676
10995,12
10995,1
10996,13064
10996,12
10996,1
10997,6995
10997,7015
10997,7022
10997,7030
10997,7155
10997,7160
10997,10727
10997,5238
10997,5237
10997,5236
10997,12
10997,3
10998,13065
10998,12
10998,1
10999,12532
10999,12
10999,1
11001,12877
11001,12
11001,1
11002,12805
11002,1270
11002,1239
11002,12
11002,1
11003,13100
11003,13101
11003,12
11003,1
11004,10625
11004,12
11004,2
11005,12493
11005,12
11005,1
11006,10266
11006,5691
11006,5666
11006,5641
11006,5628
11006,5611
11006,5551
11006,5526
11006,5482
11006,5476
11006,5389
11006,5373
11006,12
11006,4
11007,12891
11007,198
11007,12
11007,1
11008,12963
11008,12
11008,1
11009,12926
11009,12
11009,1
11010,12963
11010,12
11010,1
11011,12982
11011,12983
11011,2082
11011,2067
11011,12
11011,1
11012,2178
11012,6133
11012,6130
11012,12
11012,3
11013,1388
11013,13059
11013,12
11013,1
11014,8670
11014,12552
11014,12
11014,1
11015,11530
11015,12
11015,2
11016,13059
11016,12
11016,1
11017,12770
11017,12
11017,1
11018,12877
11018,12
11018,1
11019,12916
11019,12
11019,1
11020,12786
11020,12
11020,1
11021,12927
11021,2398
11021,12
11021,1
11022,12535
11022,2198
11022,12
11022,1
11023,12927
11023,12
11023,1
11024,12527
11024,12
11024,1
11025,12535
11025,12
11025,1
11027,11478
11027,6946
11027,12
11027,2
11028,5313
11028,12
11028,2
11029,10266
11029,5733
11029,5731
11029,5508
11029,5452
11029,12
11029,4
11030,2178
11030,6126
11030,6125
11030,12
11030,3
11031,2162
11031,12
11031,2
11034,1384
11034,1563
11034,1888
11034,12
11034,2
11035,11478
11035,882
11035,12
11035,2
11037,5675
11037,8664
11037,12
11037,2
11038,6228
11038,12
11038,2
11039,2642
11039,12
11039,2
11040,11766
11040,12
11040,2
11041,8522
11041,12
11041,2
11042,5651
11042,7097
11042,63
11042,2
11043,11332
11043,12
11043,2
11044,983
11044,8824
11044,9791
11044,10952
11044,11740
11044,13126
11044,13129
11044,1385
11044,12
11044,1
11045,13034
11045,13035
11045,13036
11045,13037
11045,12
11045,1
11046,476
11046,204
11046,2
11047,12556
11047,12792
11047,12793
11047,12794
11047,12799
11047,12800
11047,12801
11047,12806
11047,12807
11047,12809
11047,12811
11047,12815
11047,12816
11047,12820
11047,12823
11047,12842
11047,12843
11047,12857
11047,12858
11047,12866
11047,12867
11047,13090
11047,8790
11047,8507
11047,142
11047,192
11047,0
11048,5675
11048,12
11048,2
11049,11192
11049,12
11049,2
11050,10748
11050,10773
11050,10789
11050,10801
11050,10805
11050,11245
11050,12
11050,3
11051,7507
11051,8297
11051,8211
11051,8132
11051,8058
11051,7907
11051,7701
11051,165
11051,2
11052,13089
11052,12
11052,1
11053,11837
11053,13082
11053,12
11053,1
11054,13084
11054,12
11054,1
11055,12875
11055,12
11055,1
11056,12797
11056,12798
11056,12
11056,1
11057,12700
11057,12
11057,1
11058,12620
11058,12
11058,1
11059,12471
11059,12
11059,1
11060,12708
11060,12
11060,1
11061,5813
11061,12585
11061,12
11061,1
11062,12563
11062,1228
11062,12
11062,1
11063,12815
11063,12
11063,1
11064,12916
11064,12
11064,1
11065,12891
11065,7915
11065,12
11065,1
11067,12375
11067,12675
11067,12
11067,1
11068,12946
11068,12
11068,1
11069,12621
11069,7953
11069,6555
11069,491
11069,12
11069,1
11070,12617
11070,12
11070,1
11072,12473
11072,12
11072,1
11073,12528
11073,8219
11073,2905
11073,1812
11073,12
11073,1
11074,12771
11074,512
11074,12
11074,1
11075,12556
11075,12
11075,1
11076,12556
11076,8760
11076,2850
11076,12
11076,1
11077,12870
11077,12
11077,1
11078,12568
11078,12
11078,1
11079,5588
11079,12924
11079,12
11079,1
11081,7709
11081,12584
11081,1405
11081,1403
11081,1395
11081,267
11081,244
11081,150
11081,119
11081,47
11081,12
11081,1
11082,5606
11082,12926
11082,12
11082,1
11083,12681
11083,12
11083,1
11084,12681
11084,8025
11084,7828
11084,12
11084,1
11085,9517
11085,12892
11085,12
11085,1
11086,12687
11086,1765
11086,12
11086,1
11087,12682
11087,12
11087,1
11088,12952
11088,12
11088,1
11089,12680
11089,12
11089,1
11090,6238
11090,6252
11090,12557
11090,12
11090,1
11091,4083
11091,12
11091,4
11092,12625
11092,12
11092,1
11093,12893
11093,12894
11093,3437
11093,12
11093,1
11094,12688
11094,12
11094,1
11095,12872
11095,12
11095,1
11096,12938
11096,6700
11096,2680
11096,2341
11096,12
11096,1
11097,13062
11097,8206
11097,12
11097,1
11098,12578
11098,12579
11098,12
11098,1
11099,13063
11099,12
11099,1
11100,13063
11100,2859
11100,12
11100,1
11101,12958
11101,631
11101,12
11101,1
11102,12673
11102,12
11102,1
11103,13017
11103,6665
11103,12
11103,1
11104,12514
11104,12
11104,1
11105,214
11105,2747
11105,2723
11105,12
11105,2
11106,13097
11106,12
11106,1
11107,867
11107,12919
11107,8807
11107,3391
11107,2005
11107,12
11107,1
11108,12647
11108,12
11108,1
11109,12631
11109,12
11109,1
11110,2127
11110,12824
11110,687
11110,12
11110,1
11111,13053
11111,12
11111,1
11112,12640
11112,12
11112,1
11113,12640
11113,12
11113,1
11114,12643
11114,12644
11114,12
11114,1
11115,12818
11115,12
11115,1
11116,12716
11116,12
11116,1
11117,1946
11117,12470
11117,12
11117,1
11118,13088
11118,12
11118,1
11119,12818
11119,12819
11119,2848
11119,12
11119,1
11121,12949
11121,12
11121,1
11122,12653
11122,1524
11122,12
11122,1
11123,9406
11123,12776
11123,12
11123,1
11126,12618
11126,12
11126,1
11127,12805
11127,12
11127,1
11128,13016
11128,2924
11128,2602
11128,12
11128,1
11129,5893
11129,12
11129,2
11130,12236
11130,12867
11130,12
11130,1
11132,12576
11132,12
11132,1
11133,12799
11133,12800
11133,8650
11133,8410
11133,6874
11133,6190
11133,686
11133,12
11133,1
11134,12801
11134,12802
11134,2193
11134,12
11134,1
11135,6247
11135,12953
11135,12
11135,1
11136,12817
11136,206
11136,1
11137,12655
11137,12
11137,1
11138,12943
11138,12
11138,1
11139,12515
11139,12
11139,1
11140,12618
11140,12
11140,1
11141,10960
11141,12811
11141,12
11141,1
11142,12512
11142,12
11142,1
11143,13093
11143,12
11143,1
11145,12702
11145,37
11145,12
11145,1
11146,12559
11146,12
11146,1
11148,12944
11148,4196
11148,12
11148,1
11149,12944
11149,12
11149,1
11150,12887
11150,166
11150,12
11150,1
11151,12559
11151,12
11151,1
11152,12571
11152,4648
11152,44
11152,12
11152,1
11153,12733
11153,701
11153,12
11153,1
11154,13119
11154,8815
11154,7370
11154,7365
11154,6392
11154,12
11154,1
11155,183
11155,12730
11155,12
11155,1
11156,5361
11156,12572
11156,12
11156,1
11157,12724
11157,12
11157,1
11158,12487
11158,12488
11158,1297
11158,12
11158,1
11159,3299
11159,12
11159,2
11160,12791
11160,12792
11160,7939
11160,1329
11160,12
11160,1
11161,12519
11161,12
11161,1
11162,12747
11162,7371
11162,7361
11162,7331
11162,7317
11162,7315
11162,1296
11162,12
11162,1
11163,13013
11163,12
11163,1
11164,12616
11164,12
11164,1
11165,12676
11165,12
11165,1
11166,12789
11166,8713
11166,6566
11166,12
11166,1
11167,12957
11167,8100
11167,12
11167,1
11168,12721
11168,7766
11168,1315
11168,12
11168,1
11169,12740
11169,12
11169,1
11170,12627
11170,12
11170,1
11171,12622
11171,1564
11171,86
11171,12
11171,1
11172,12948
11172,12
11172,1
11173,12773
11173,8192
11173,12
11173,1
11174,13080
11174,431
11174,12
11174,1
11175,12773
11175,12
11175,1
11176,13080
11176,12
11176,1
11177,12722
11177,352
11177,12
11177,1
11178,12487
11178,12488
11178,6396
11178,12
11178,1
11180,12619
11180,12
11180,1
11181,12774
11181,12
11181,1
11182,12542
11182,1952
11182,12
11182,1
11183,12972
11183,12
11183,1
11184,12988
11184,12
11184,1
11185,12704
11185,6972
11185,12
11185,1
11186,5599
11186,12971
11186,12
11186,1
11187,12884
11187,12
11187,1
11188,5126
11188,12704
11188,12
11188,1
11189,12970
11189,12
11189,1
11190,12967
11190,12
11190,1
11191,12537
11191,12
11191,1
11192,11049
11192,12968
11192,12969
11192,644
11192,635
11192,12
11192,1
11193,12823
11193,12
11193,1
11194,12480
11194,12
11194,1
11195,12481
11195,12
11195,1
11196,12794
11196,12
11196,1
11197,12532
11197,12
11197,1
11199,12820
11199,12821
11199,4720
11199,12
11199,1
11200,12820
11200,12
11200,1
11201,93
11201,12873
11201,12
11201,1
11204,10729
11204,12
11204,3
11205,12532
11205,12
11205,1
11206,12623
11206,12
11206,1
11207,12623
11207,12
11207,1
11208,12494
11208,8411
11208,12
11208,1
11209,13103
11209,12
11209,1
11211,3525
11211,9169
11211,12
11211,2
11212,12769
11212,12
11212,1
11214,12951
11214,12
11214,1
11215,12963
11215,12
11215,1
11216,10293
11216,12
11216,3
11217,12714
11217,6651
11217,12
11217,1
11218,12731
11218,12
11218,1
11220,12770
11220,12
11220,1
11222,5618
11222,2401
11222,1384
11222,12
11222,2
11223,12469
11223,12
11223,1
11224,12537
11224,12
11224,1
11225,12535
11225,12
11225,1
11226,12683
11226,12
11226,1
11227,4565
11227,12
11227,2
11228,4531
11228,7376
11228,7496
11228,8197
11228,12
11228,2
11229,1118
11229,12
11229,2
11232,10069
11232,12
11232,2
11233,5259
11233,12
11233,2
11234,1387
11234,7865
11234,9507
11234,10791
11234,12
11234,2
11236,11254
11236,12
11236,2
11237,10046
11237,7633
11237,7534
11237,1601
11237,1560
11237,469
11237,393
11237,224
11237,75
11237,55
11237,32
11237,2
11239,11311
11239,12
11239,5
11240,2485
11240,12
11240,2
11241,3640
11241,10134
11241,7215
11241,12
11241,2
11242,3892
11242,7168
11242,13130
11242,13134
11242,8661
11242,5544
11242,129
11242,192
11242,0
11243,2196
11243,2246
11243,11825
11243,12221
11243,12
11243,5
11244,3863
11244,3880
11244,3890
11244,3908
11244,4063
11244,4068
11244,5347
11244,11446
11244,5284
11244,5283
11244,5282
11244,5280
11244,5278
11244,12
11244,3
11245,2284
11245,3860
11245,3878
11245,11050
11245,12
11245,2
11246,13089
11246,606
11246,12
11246,1
11247,13082
11247,3059
11247,12
11247,1
11248,12473
11248,12
11248,1
11249,13084
11249,3477
11249,12
11249,1
11250,2469
11250,12720
11250,12
11250,1
11251,12703
11251,12
11251,1
11252,12875
11252,12
11252,1
11253,12185
11253,12797
11253,12
11253,1
11254,11236
11254,12675
11254,12
11254,1
11255,5622
11255,12719
11255,12
11255,1
11256,12684
11256,1360
11256,12
11256,1
11257,12620
11257,12
11257,1
11258,12565
11258,12566
11258,12
11258,1
11259,13021
11259,12
11259,1
11260,12563
11260,12
11260,1
11261,12814
11261,12815
11261,2575
11261,12
11261,1
11262,12946
11262,12
11262,1
11264,12788
11264,12
11264,1
11265,12621
11265,8205
11265,12
11265,1
11266,12783
11266,12
11266,1
11267,12738
11267,2420
11267,554
11267,12
11267,1
11268,12950
11268,12
11268,1
11271,9872
11271,13021
11271,12
11271,1
11272,12924
11272,12
11272,1
11273,13029
11273,3208
11273,12
11273,1
11274,12567
11274,12
11274,1
11275,13104
11275,12
11275,1
11276,12886
11276,12
11276,1
11277,12934
11277,12
11277,1
11278,12934
11278,12
11278,1
11279,12896
11279,12
11279,1
11280,13058
11280,12
11280,1
11281,12681
11281,8079
11281,12
11281,1
11282,12896
11282,12
11282,1
11283,8467
11283,12892
11283,1947
11283,12
11283,1
11284,12687
11284,12
11284,1
11285,12530
11285,12
11285,1
11286,12952
11286,7853
11286,12
11286,1
11287,12557
11287,12
11287,1
11288,12557
11288,12
11288,1
11289,12625
11289,12
11289,1
11290,12892
11290,6587
11290,1947
11290,12
11290,1
11291,12958
11291,12
11291,1
11292,12880
11292,12
11292,1
11293,13143
11293,13144
11293,3639
11293,12
11293,1
11294,13062
11294,8040
11294,12
11294,1
11295,13143
11295,12
11295,1
11297,12579
11297,12
11297,1
11298,12579
11298,12
11298,1
11299,13063
11299,12
11299,1
11300,12787
11300,143
11300,12
11300,1
11301,12575
11301,12
11301,1
11302,13017
11302,8052
11302,8051
11302,7812
11302,12
11302,1
11303,12673
11303,7113
11303,12
11303,1
11304,12673
11304,2106
11304,12
11304,1
11305,12514
11305,8161
11305,12
11305,1
11306,13097
11306,13098
11306,7339
11306,6438
11306,12
11306,1
11307,383
11307,647
11307,648
11307,7688
11307,9418
11307,10293
11307,12478
11307,3168
11307,3158
11307,12
11307,1
11308,12631
11308,12
11308,1
11309,3210
11309,12
11309,3
11310,12429
11310,12916
11310,12
11310,1
11311,11239
11311,574
11311,12
11311,5
11312,12800
11312,12
11312,1
11313,12937
11313,12
11313,1
11314,5506
11314,12818
11314,12819
11314,12
11314,1
11315,12470
11315,12
11315,1
11316,12636
11316,12
11316,1
11317,7309
11317,13060
11317,12
11317,1
11318,13060
11318,12
11318,1
11319,12956
11319,12
11319,1
11320,12949
11320,12
11320,1
11322,13087
11322,8645
11322,12
11322,1
11323,9177
11323,12986
11323,485
11323,377
11323,12
11323,1
11324,13092
11324,12
11324,1
11325,13020
11325,6732
11325,1948
11325,12
11325,1
11326,12801
11326,12
11326,1
11327,12953
11327,7904
11327,1963
11327,12
11327,1
11328,12879
11328,3381
11328,12
11328,1
11329,12490
11329,12
11329,1
11330,12618
11330,12
11330,1
11331,5721
11331,12939
11331,12
11331,1
11332,11043
11332,12939
11332,1617
11332,12
11332,1
11333,12943
11333,12
11333,1
11334,12618
11334,12
11334,1
11335,12476
11335,8276
11335,12
11335,1
11336,12512
11336,12
11336,1
11337,12476
11337,1906
11337,12
11337,1
11338,12512
11338,12
11338,1
11339,12709
11339,12
11339,1
11340,9598
11340,12
11340,3
11341,12702
11341,2737
11341,12
11341,1
11342,2251
11342,12724
11342,12
11342,1
11343,12577
11343,12
11343,1
11344,12944
11344,4196
11344,12
11344,1
11345,12262
11345,12572
11345,12
11345,1
11346,12959
11346,2416
11346,12
11346,1
11347,12666
11347,12887
11347,508
11347,12
11347,1
11348,12876
11348,12
11348,1
11349,1384
11349,1563
11349,1885
11349,12
11349,2
11350,12475
11350,6658
11350,12
11350,1
11351,12733
11351,6
11351,12
11351,1
11352,13108
11352,12
11352,1
11353,13108
11353,12
11353,1
11354,12239
11354,12792
11354,12
11354,1
11355,12747
11355,12
11355,1
11356,12519
11356,12
11356,1
11357,12519
11357,12
11357,1
11358,12874
11358,12
11358,1
11359,13013
11359,12
11359,1
11360,12676
11360,12
11360,1
11361,12712
11361,12
11361,1
11362,12616
11362,12
11362,1
11363,12712
11363,12
11363,1
11364,12740
11364,12
11364,1
11365,12947
11365,5447
11365,12
11365,1
11366,12627
11366,12
11366,1
11367,12622
11367,7999
11367,12
11367,1
11368,12773
11368,12
11368,1
11369,12773
11369,12
11369,1
11370,12722
11370,8044
11370,12
11370,1
11371,12898
11371,12
11371,1
11372,12898
11372,12
11372,1
11373,12484
11373,12
11373,1
11374,12722
11374,12
11374,1
11375,4899
11375,5501
11375,12721
11375,12
11375,1
11376,12542
11376,12
11376,1
11377,12988
11377,12
11377,1
11378,12971
11378,12
11378,1
11379,12884
11379,12
11379,1
11380,12704
11380,12
11380,1
11381,12970
11381,12
11381,1
11382,12969
11382,12
11382,1
11383,13055
11383,12
11383,1
11384,12985
11384,12
11384,1
11385,13095
11385,12
11385,1
11386,12918
11386,12
11386,1
11387,12533
11387,12
11387,1
11388,10322
11388,12795
11388,12796
11388,3202
11388,12
11388,1
11389,12480
11389,12481
11389,7608
11389,12
11389,1
11390,12793
11390,12
11390,1
11391,12795
11391,12796
11391,4063
11391,12
11391,1
11392,12794
11392,12
11392,1
11393,2177
11393,12
11393,2
11395,12492
11395,12
11395,1
11396,12491
11396,12
11396,1
11399,12532
11399,1309
11399,12
11399,1
11400,12530
11400,71
11400,12
11400,1
11401,13026
11401,13027
11401,12
11401,1
11403,12623
11403,12
11403,1
11405,13143
11405,13144
11405,3511
11405,12
11405,1
11407,12531
11407,1063
11407,292
11407,12
11407,1
11408,12963
11408,12
11408,1
11409,12982
11409,12
11409,1
11410,12962
11410,7274
11410,12
11410,1
11411,12935
11411,12
11411,1
11412,12900
11412,12
11412,1
11414,12537
11414,12
11414,1
11415,12536
11415,12
11415,1
11416,12714
11416,12
11416,1
11417,12527
11417,12
11417,1
11418,12748
11418,8718
11418,8528
11418,8520
11418,8413
11418,7704
11418,1903
11418,12
11418,1
11420,6875
11420,4221
11420,4206
11420,4192
11420,4177
11420,4168
11420,4138
11420,4129
11420,4116
11420,4097
11420,4085
11420,4064
11420,4046
11420,12
11420,2
11421,5739
11421,4899
11421,12
11421,3
11422,8082
11422,12031
11422,12
11422,2
11423,2135
11423,12
11423,2
11424,7543
11424,199
11424,2
11425,3512
11425,199
11425,2
11426,9392
11426,12621
11426,12
11426,1
11427,11703
11427,12
11427,2
11428,9450
11428,12
11428,2
11430,8510
11430,3147
11430,12
11430,2
11431,5262
11431,12
11431,2
11432,5783
11432,8754
11432,11740
11432,6790
11432,6788
11432,6779
11432,6773
11432,12
11432,2
11433,5165
11433,12
11433,2
11435,9317
11435,12
11435,2
11436,7884
11436,12
11436,2
11437,1747
11437,12
11437,2
11438,9736
11438,12
11438,2
11439,4784
11439,32
11439,2
11440,11468
11440,12
11440,2
11441,10682
11441,12
11441,2
11442,5462
11442,12
11442,2
11443,11496
11443,12
11443,2
11444,8022
11444,12
11444,2
11445,5304
11445,12
11445,2
11446,5378
11446,5787
11446,9434
11446,11244
11446,5211
11446,12
11446,2
11447,11590
11447,12
11447,3
11448,11595
11448,12
11448,2
11449,11603
11449,12
11449,2
11450,12940
11450,12
11450,1
11451,12684
11451,12
11451,1
11452,11625
11452,11940
11452,12
11452,5
11453,12720
11453,12
11453,1
11454,5266
11454,12604
11454,12
11454,1
11456,12744
11456,12
11456,1
11457,12699
11457,12
11457,1
11458,8098
11458,12775
11458,12
11458,1
11459,1236
11459,2486
11459,8087
11459,32
11459,2
11460,4540
11460,12566
11460,12
11460,1
11461,13021
11461,12
11461,1
11462,12563
11462,12
11462,1
11463,4784
11463,6146
11463,8210
11463,32
11463,2
11464,12674
11464,2706
11464,12
11464,1
11466,6606
11466,32
11466,2
11467,12707
11467,6636
11467,12
11467,1
11468,348
11468,10831
11468,11440
11468,12783
11468,6224
11468,5725
11468,5500
11468,5411
11468,4724
11468,12
11468,1
11470,2924
11470,6552
11470,32
11470,2
11471,12950
11471,6588
11471,12
11471,1
11473,12528
11473,8180
11473,12
11473,1
11474,12556
11474,12
11474,1
11475,12738
11475,554
11475,12
11475,1
11476,12556
11476,12
11476,1
11477,8665
11477,12870
11477,12
11477,1
11478,11027
11478,11035
11478,13021
11478,12
11478,1
11479,12749
11479,8468
11479,8459
11479,6710
11479,2812
11479,2646
11479,1983
11479,12
11479,1
11480,12929
11480,12
11480,1
11481,11615
11481,12934
11481,2047
11481,12
11481,1
11482,12889
11482,12
11482,1
11483,314
11483,317
11483,1112
11483,5709
11483,9948
11483,11832
11483,12896
11483,12
11483,1
11484,13058
11484,12
11484,1
11485,12785
11485,12
11485,1
11486,12557
11486,1976
11486,12
11486,1
11487,12868
11487,12
11487,1
11488,12688
11488,12
11488,1
11489,12880
11489,12
11489,1
11490,12938
11490,12
11490,1
11491,12570
11491,12
11491,1
11492,4548
11492,12710
11492,12
11492,1
11493,13062
11493,7942
11493,12
11493,1
11494,13062
11494,6298
11494,12
11494,1
11495,12569
11495,12
11495,1
11496,11443
11496,13144
11496,12
11496,1
11497,12579
11497,12
11497,1
11498,13067
11498,6647
11498,12
11498,1
11499,10765
11499,12579
11499,12
11499,1
11500,13096
11500,12
11500,1
11501,12872
11501,12
11501,1
11502,9670
11502,12580
11502,12581
11502,3648
11502,12
11502,1
11503,12514
11503,8780
11503,8662
11503,7806
11503,7059
11503,2919
11503,12
11503,1
11504,214
11504,12
11504,2
11505,12514
11505,12
11505,1
11506,12919
11506,12
11506,1
11507,12478
11507,12
11507,1
11508,8684
11508,12633
11508,545
11508,12
11508,1
11509,12631
11509,12
11509,1
11511,12916
11511,12
11511,1
11512,12644
11512,12
11512,1
11513,13053
11513,1134
11513,12
11513,1
11514,12799
11514,12
11514,1
11515,176
11515,12949
11515,12
11515,1
11516,12470
11516,12
11516,1
11517,13060
11517,2160
11517,12
11517,1
11518,12949
11518,12
11518,1
11519,12564
11519,12
11519,1
11520,12564
11520,12
11520,1
11521,12974
11521,12975
11521,12
11521,1
11522,6800
11522,12713
11522,12
11522,1
11523,13016
11523,7349
11523,6336
11523,12
11523,1
11524,13092
11524,12
11524,1
11525,12867
11525,12
11525,1
11527,12799
11527,12
11527,1
11529,12953
11529,12
11529,1
11530,11015
11530,12879
11530,12
11530,1
11531,12489
11531,12490
11531,12
11531,1
11533,12618
11533,12
11533,1
11534,12939
11534,12
11534,1
11535,12637
11535,12638
11535,12
11535,1
11536,12824
11536,12
11536,1
11537,12784
11537,12
11537,1
11538,12513
11538,12
11538,1
11539,12476
11539,8234
11539,12
11539,1
11540,12512
11540,12
11540,1
11541,12476
11541,5775
11541,688
11541,432
11541,12
11541,1
11542,12709
11542,12
11542,1
11543,12811
11543,12812
11543,3512
11543,418
11543,12
11543,1
11545,12575
11545,206
11545,1
11547,12572
11547,4638
11547,208
11547,12
11547,1
11549,12627
11549,12
11549,1
11550,12733
11550,470
11550,12
11550,1
11551,13119
11551,12
11551,1
11552,10489
11552,12
11552,2
11553,12942
11553,12
11553,1
11554,12797
11554,12798
11554,6986
11554,12
11554,1
11555,12676
11555,12
11555,1
11556,12712
11556,12
11556,1
11557,12616
11557,538
11557,12
11557,1
11558,12572
11558,12
11558,1
11559,12957
11559,12
11559,1
11560,8158
11560,12479
11560,12
11560,1
11561,5574
11561,12740
11561,12
11561,1
11562,12627
11562,12
11562,1
11563,13057
11563,12
11563,1
11564,12622
11564,8310
11564,8076
11564,12
11564,1
11565,13057
11565,2022
11565,12
11565,1
11566,12917
11566,1510
11566,12
11566,1
11567,13080
11567,7912
11567,12
11567,1
11568,2242
11568,12722
11568,12
11568,1
11569,12725
11569,12
11569,1
11570,12619
11570,12
11570,1
11571,12774
11571,1198
11571,12
11571,1
11572,5191
11572,12704
11572,12
11572,1
11573,12967
11573,12
11573,1
11574,12537
11574,12
11574,1
11575,13055
11575,12
11575,1
11576,12985
11576,12
11576,1
11577,5698
11577,12483
11577,12
11577,1
11578,12823
11578,12
11578,1
11579,12796
11579,12
11579,1
11580,12480
11580,12481
11580,5771
11580,12
11580,1
11581,12480
11581,12
11581,1
11583,12854
11583,12
11583,1
11584,3851
11584,3876
11584,3888
11584,3906
11584,4095
11584,5620
11584,5540
11584,12
11584,3
11585,10729
11585,12
11585,3
11586,13065
11586,12
11586,1
11587,13079
11587,2089
11587,12
11587,1
11588,5155
11588,8517
11588,6849
11588,12
11588,2
11589,12862
11589,12
11589,1
11590,1943
11590,11447
11590,12
11590,2
11591,12795
11591,12796
11591,8467
11591,12
11591,1
11592,12795
11592,12
11592,1
11593,5360
11593,13102
11593,13103
11593,12
11593,1
11595,11448
11595,13144
11595,12
11595,1
11596,13068
11596,12
11596,1
11598,12963
11598,4698
11598,1923
11598,12
11598,1
11599,12926
11599,12
11599,1
11600,12982
11600,12
11600,1
11602,7848
11602,12731
11602,12
11602,1
11603,7878
11603,11449
11603,13059
11603,1064
11603,12
11603,1
11604,12529
11604,12
11604,1
11605,12918
11605,12
11605,1
11606,400
11606,12
11606,2
11607,12535
11607,12
11607,1
11608,1414
11608,12
11608,2
11609,10489
11609,12
11609,2
11610,4579
11610,12
11610,2
11612,3616
11612,12
11612,2
11614,811
11614,7782
11614,6459
11614,6345
11614,6299
11614,12
11614,2
11615,11481
11615,12
11615,2
11616,11680
11616,12
11616,2
11617,11706
11617,12
11617,5
11618,11720
11618,12
11618,2
11619,11745
11619,12
11619,2
11620,11753
11620,12
11620,2
11621,1031
11621,206
11621,2
11622,11774
11622,12
11622,2
11624,12940
11624,12
11624,1
11625,11452
11625,12
11625,5
11626,69
11626,12473
11626,6846
11626,12
11626,1
11628,12875
11628,12
11628,1
11629,12744
11629,2395
11629,2394
11629,12
11629,1
11631,12797
11631,12798
11631,12
11631,1
11632,12604
11632,4609
11632,12
11632,1
11633,12700
11633,12
11633,1
11634,12697
11634,12
11634,1
11635,12904
11635,12906
11635,4671
11635,4583
11635,4254
11635,3489
11635,3424
11635,12
11635,1
11636,12573
11636,133
11636,12
11636,1
11637,12775
11637,12
11637,1
11638,12775
11638,12
11638,1
11639,12471
11639,8324
11639,12
11639,1
11640,12565
11640,12566
11640,12
11640,1
11641,2185
11641,12565
11641,12
11641,1
11642,12561
11642,12
11642,1
11644,2260
11644,12674
11644,12
11644,1
11645,2243
11645,12636
11645,12
11645,1
11646,10828
11646,12788
11646,12
11646,1
11648,12783
11648,12
11648,1
11649,3668
11649,12526
11649,12
11649,1
11650,12738
11650,554
11650,12
11650,1
11651,2924
11651,32
11651,2
11652,5603
11652,12526
11652,12
11652,1
11653,12741
11653,12
11653,1
11655,12556
11655,12
11655,1
11656,12528
11656,12
11656,1
11657,12771
11657,12
11657,1
11658,12870
11658,2269
11658,12
11658,1
11659,12715
11659,12
11659,1
11660,12924
11660,12
11660,1
11661,12924
11661,12
11661,1
11662,12763
11662,12
11662,1
11663,12934
11663,2724
11663,12
11663,1
11664,12732
11664,8390
11664,12
11664,1
11665,12681
11665,12
11665,1
11666,12681
11666,7600
11666,12
11666,1
11668,13058
11668,12
11668,1
11669,12785
11669,1489
11669,12
11669,1
11670,12687
11670,12
11670,1
11671,13015
11671,8383
11671,6620
11671,12
11671,1
11672,13015
11672,12
11672,1
11673,12911
11673,3431
11673,556
11673,12
11673,1
11674,12868
11674,12
11674,1
11675,12570
11675,12
11675,1
11676,12484
11676,12
11676,1
11677,12885
11677,12
11677,1
11678,12578
11678,12579
11678,12
11678,1
11679,13096
11679,1160
11679,12
11679,1
11680,11616
11680,12485
11680,12486
11680,12
11680,1
11681,12885
11681,6735
11681,12
11681,1
11682,13096
11682,12
11682,1
11683,12486
11683,12
11683,1
11684,12787
11684,12
11684,1
11685,9993
11685,12
11685,2
11686,12958
11686,12
11686,1
11687,12872
11687,12
11687,1
11688,12673
11688,12
11688,1
11689,13017
11689,7602
11689,12
11689,1
11690,12711
11690,8301
11690,12
11690,1
11691,13069
11691,12
11691,1
11692,12514
11692,9
11692,12
11692,1
11693,1222
11693,12514
11693,12
11693,1
11695,12646
11695,12647
11695,12
11695,1
11696,12639
11696,12
11696,1
11697,12918
11697,12
11697,1
11698,12647
11698,12
11698,1
11699,12633
11699,12
11699,1
11700,12716
11700,12
11700,1
11701,12949
11701,12
11701,1
11703,11427
11703,12470
11703,12
11703,1
11704,13088
11704,8742
11704,4282
11704,12
11704,1
11705,12949
11705,12
11705,1
11706,11617
11706,2348
11706,12
11706,5
11707,12653
11707,12
11707,1
11708,12776
11708,12
11708,1
11709,12564
11709,12
11709,1
11710,940
11710,8374
11710,5553
11710,2372
11710,12
11710,2
11712,12713
11712,12
11712,1
11713,12618
11713,12
11713,1
11715,12867
11715,12
11715,1
11718,12801
11718,12802
11718,12
11718,1
11719,12953
11719,1963
11719,12
11719,1
11720,11618
11720,12655
11720,8608
11720,8524
11720,12
11720,1
11721,12637
11721,12638
11721,12
11721,1
11722,12637
11722,12638
11722,6416
11722,12
11722,1
11723,7170
11723,7844
11723,12513
11723,1263
11723,12
11723,1
11724,12513
11724,1248
11724,12
11724,1
11725,12943
11725,1397
11725,12
11725,1
11726,12696
11726,12
11726,1
11727,12512
11727,12
11727,1
11728,7556
11728,13093
11728,12
11728,1
11729,12634
11729,12
11729,1
11730,12559
11730,4594
11730,12
11730,1
11731,12559
11731,3699
11731,12
11731,1
11732,12895
11732,206
11732,1
11733,12571
11733,12
11733,1
11734,12944
11734,12
11734,1
11735,12944
11735,8610
11735,5144
11735,3686
11735,1547
11735,12
11735,1
11736,12959
11736,7280
11736,197
11736,12
11736,1
11737,12559
11737,144
11737,12
11737,1
11738,12876
11738,1396
11738,12
11738,1
11739,12475
11739,12
11739,1
11740,390
11740,11044
11740,11432
11740,13119
11740,12
11740,1
11741,13109
11741,12
11741,1
11742,5661
11742,12574
11742,12575
11742,206
11742,1
11743,13108
11743,13109
11743,12
11743,1
11744,12942
11744,12
11744,1
11745,11619
11745,12792
11745,12
11745,1
11746,12942
11746,6854
11746,6716
11746,12
11746,1
11747,9416
11747,12519
11747,12
11747,1
11748,13013
11748,8757
11748,8676
11748,8552
11748,8533
11748,7122
11748,6866
11748,6672
11748,6376
11748,3659
11748,1754
11748,12
11748,1
11749,12616
11749,27
11749,12
11749,1
11750,12809
11750,12
11750,1
11751,12712
11751,12
11751,1
11753,11620
11753,12957
11753,12
11753,1
11754,12721
11754,12
11754,1
11755,12947
11755,12
11755,1
11756,12622
11756,7833
11756,12
11756,1
11757,12500
11757,6470
11757,6466
11757,6465
11757,6448
11757,2249
11757,2248
11757,2247
11757,2228
11757,2202
11757,2199
11757,2197
11757,2182
11757,2180
11757,2178
11757,2172
11757,2137
11757,2136
11757,2135
11757,2134
11757,2123
11757,2120
11757,2076
11757,2075
11757,2069
11757,2065
11757,2062
11757,2057
11757,12
11757,1
11758,12773
11758,12
11758,1
11759,12722
11759,12
11759,1
11760,7830
11760,12725
11760,12
11760,1
11761,12619
11761,12
11761,1
11762,12988
11762,6605
11762,6600
11762,3666
11762,3387
11762,3120
11762,12
11762,1
11763,12941
11763,12
11763,1
11764,12704
11764,3643
11764,12
11764,1
11765,4594
11765,12537
11765,12
11765,1
11766,11040
11766,12967
11766,12
11766,1
11767,13055
11767,7375
11767,7269
11767,7032
11767,6633
11767,3532
11767,1752
11767,236
11767,232
11767,223
11767,222
11767,177
11767,65
11767,12
11767,1
11768,12985
11768,12
11768,1
11769,13014
11769,12
11769,1
11770,12978
11770,12979
11770,12
11770,1
11771,13014
11771,12
11771,1
11772,12482
11772,12483
11772,8331
11772,8329
11772,12
11772,1
11773,12482
11773,12
11773,1
11774,6002
11774,11622
11774,12533
11774,12
11774,1
11775,12483
11775,12
11775,1
11776,12826
11776,12827
11776,7857
11776,7797
11776,7
11776,12
11776,1
11777,12482
11777,12483
11777,3598
11777,12
11777,1
11778,12480
11778,12481
11778,2029
11778,12
11778,1
11779,12854
11779,12
11779,1
11780,12794
11780,12
11780,1
11781,12491
11781,12492
11781,7404
11781,12
11781,1
11783,13061
11783,8091
11783,12
11783,1
11784,3851
11784,3876
11784,3888
11784,3906
11784,4095
11784,5711
11784,5664
11784,5571
11784,5522
11784,5479
11784,5470
11784,5401
11784,5384
11784,5380
11784,5372
11784,12
11784,3
11785,12873
11785,12
11785,1
11786,13055
11786,12
11786,1
11787,12532
11787,12
11787,1
11788,12623
11788,12
11788,1
11789,12623
11789,12
11789,1
11790,12494
11790,12
11790,1
11791,52
11791,12796
11791,12
11791,1
11792,12796
11792,12
11792,1
11793,12935
11793,463
11793,12
11793,1
11794,340
11794,12951
11794,12
11794,1
11795,12891
11795,12
11795,1
11796,9406
11796,12983
11796,12
11796,1
11797,110
11797,13059
11797,2142
11797,12
11797,1
11798,12529
11798,12
11798,1
11799,5554
11799,12935
11799,12
11799,1
11800,12877
11800,12
11800,1
11801,12916
11801,12
11801,1
11802,12900
11802,8288
11802,311
11802,12
11802,1
11803,12537
11803,12
11803,1
11804,12927
11804,12
11804,1
11805,12536
11805,4095
11805,64
11805,12
11805,1
11806,8134
11806,12714
11806,12
11806,1
11807,12680
11807,8758
11807,12
11807,1
11808,12527
11808,12
11808,1
11809,12535
11809,12
11809,1
11812,4877
11812,12
11812,2
11813,12920
11813,12
11813,1
11814,1500
11814,204
11814,2
11818,5644
11818,63
11818,2
11821,10548
11821,12
11821,3
11822,11932
11822,206
11822,2
11823,7610
11823,7748
11823,1823
11823,63
11823,2
11824,11948
11824,12
11824,2
11825,11243
11825,12038
11825,12
11825,4
11826,12010
11826,12
11826,2
11827,4649
11827,8637
11827,63
11827,2
11828,5644
11828,63
11828,2
11829,5739
11829,4764
11829,12
11829,3
11830,614
11830,12
11830,2
11831,3713
11831,3641
11831,3580
11831,12
11831,2
11832,11483
11832,12
11832,2
11833,3638
11833,12
11833,2
11834,10397
11834,12
11834,2
11835,10126
11835,12
11835,2
11836,5262
11836,63
11836,2
11837,11053
11837,12
11837,2
11839,449
11839,9940
11839,10105
11839,13068
11839,12
11839,1
11841,549
11841,12
11841,4
11843,615
11843,12
11843,2
11844,638
11844,12
11844,2
11845,643
11845,12
11845,2
11846,2726
11846,12
11846,2
11847,655
11847,12
11847,0
11849,12936
11849,8273
11849,12
11849,1
11850,12940
11850,12
11850,1
11851,13082
11851,12
11851,1
11852,12473
11852,12
11852,1
11853,12473
11853,12
11853,1
11854,13084
11854,12
11854,1
11855,12720
11855,12
11855,1
11856,12703
11856,12
11856,1
11857,12798
11857,3150
11857,12
11857,1
11858,12797
11858,12
11858,1
11859,12675
11859,12
11859,1
11860,12905
11860,12906
11860,3503
11860,3501
11860,3463
11860,3446
11860,3432
11860,3430
11860,3417
11860,12
11860,1
11861,12719
11861,7784
11861,12
11861,1
11862,12573
11862,12
11862,1
11864,12775
11864,12
11864,1
11865,12471
11865,12
11865,1
11867,12585
11867,7578
11867,1408
11867,543
11867,12
11867,1
11869,12917
11869,12
11869,1
11870,12563
11870,12
11870,1
11871,3306
11871,12815
11871,12
11871,1
11872,12815
11872,12
11872,1
11873,12707
11873,149
11873,12
11873,1
11874,12472
11874,12
11874,1
11875,12707
11875,12
11875,1
11877,12674
11877,12
11877,1
11878,12950
11878,1793
11878,1792
11878,12
11878,1
11880,12568
11880,12
11880,1
11881,12567
11881,12568
11881,84
11881,12
11881,1
11882,12929
11882,6621
11882,12
11882,1
11883,12934
11883,12
11883,1
11884,12732
11884,8766
11884,12
11884,1
11885,12934
11885,12
11885,1
11887,12584
11887,12
11887,1
11889,1788
11889,12889
11889,67
11889,12
11889,1
11890,13058
11890,12
11890,1
11891,4649
11891,12
11891,2
11892,12687
11892,12
11892,1
11893,5947
11893,12530
11893,12
11893,1
11894,13015
11894,6620
11894,6429
11894,12
11894,1
11895,12682
11895,12
11895,1
11896,9410
11896,12952
11896,12
11896,1
11897,2040
11897,1947
11897,12
11897,5
11898,12688
11898,1960
11898,12
11898,1
11900,12880
11900,12
11900,1
11901,12938
11901,12
11901,1
11902,12570
11902,12
11902,1
11903,12479
11903,12
11903,1
11904,13062
11904,12
11904,1
11905,12885
11905,12
11905,1
11906,12579
11906,12
11906,1
11907,12486
11907,12
11907,1
11908,13017
11908,12
11908,1
11909,12673
11909,12
11909,1
11910,9672
11910,12475
11910,12
11910,1
11911,12486
11911,12
11911,1
11912,12711
11912,8029
11912,12
11912,1
11913,12514
11913,6556
11913,12
11913,1
11914,12478
11914,12
11914,1
11916,5505
11916,13091
11916,12
11916,1
11917,9528
11917,13091
11917,12
11917,1
11918,13088
11918,8030
11918,12
11918,1
11919,13060
11919,12
11919,1
11920,12949
11920,12
11920,1
11922,12965
11922,12966
11922,6325
11922,6323
11922,6295
11922,6248
11922,167
11922,12
11922,1
11923,940
11923,8374
11923,12034
11923,7148
11923,3374
11923,12
11923,2
11924,12705
11924,12
11924,1
11925,13090
11925,12
11925,1
11926,12713
11926,12
11926,1
11927,9177
11927,9390
11927,9466
11927,12986
11927,8298
11927,8287
11927,8250
11927,8242
11927,8168
11927,8063
11927,8054
11927,8014
11927,8002
11927,7972
11927,7931
11927,7926
11927,7886
11927,7881
11927,7842
11927,7819
11927,7654
11927,7647
11927,7565
11927,7522
11927,7474
11927,7436
11927,7401
11927,485
11927,187
11927,28
11927,12
11927,1
11928,12867
11928,12
11928,1
11929,12801
11929,12
11929,1
11930,13019
11930,6840
11930,12
11930,1
11932,1953
11932,11822
11932,12574
11932,12575
11932,206
11932,1
11933,12823
11933,12
11933,1
11934,12943
11934,8072
11934,7837
11934,12
11934,1
11935,12618
11935,1342
11935,12
11935,1
11936,12763
11936,12
11936,1
11937,12476
11937,12
11937,1
11938,12642
11938,206
11938,1
11939,12638
11939,12
11939,1
11940,11452
11940,44
11940,12
11940,5
11941,12627
11941,12
11941,1
11942,12733
11942,12
11942,1
11943,3834
11943,12
11943,2
11944,12898
11944,12
11944,1
11945,12942
11945,12
11945,1
11946,12942
11946,12
11946,1
11947,12747
11947,12
11947,1
11948,11824
11948,12519
11948,12
11948,1
11949,13013
11949,12
11949,1
11950,12616
11950,12
11950,1
11951,12676
11951,5779
11951,12
11951,1
11952,12721
11952,12
11952,1
11953,12947
11953,12
11953,1
11954,12740
11954,12
11954,1
11955,12948
11955,12
11955,1
11956,12679
11956,6452
11956,6451
11956,6449
11956,3011
11956,2973
11956,2958
11956,2949
11956,2945
11956,2944
11956,2943
11956,2921
11956,2920
11956,2917
11956,2914
11956,2897
11956,2896
11956,2883
11956,2882
11956,2853
11956,2840
11956,2811
11956,2810
11956,12
11956,1
11957,13057
11957,2430
11957,12
11957,1
11958,12773
11958,12
11958,1
11959,13080
11959,12
11959,1
11960,13080
11960,8212
11960,8018
11960,12
11960,1
11961,8495
11961,8761
11961,12725
11961,12
11961,1
11962,12774
11962,12
11962,1
11963,12509
11963,6209
11963,566
11963,12
11963,1
11964,12704
11964,12
11964,1
11965,12704
11965,12
11965,1
11966,12971
11966,12
11966,1
11967,2111
11967,12
11967,2
11968,6251
11968,12967
11968,12
11968,1
11969,12536
11969,12
11969,1
11970,13055
11970,12
11970,1
11971,12536
11971,12
11971,1
11972,9229
11972,12536
11972,12
11972,1
11973,12978
11973,12979
11973,12
11973,1
11974,1228
11974,12918
11974,12
11974,1
11975,12533
11975,12
11975,1
11976,35
11976,12827
11976,12
11976,1
11977,12480
11977,12481
11977,6951
11977,12
11977,1
11978,12480
11978,12
11978,1
11979,12497
11979,7320
11979,6131
11979,12
11979,1
11980,8975
11980,12496
11980,12
11980,1
11981,12532
11981,12
11981,1
11982,12491
11982,12492
11982,6389
11982,12
11982,1
11983,13061
11983,12
11983,1
11984,12873
11984,12
11984,1
11985,13064
11985,12
11985,1
11986,6993
11986,7014
11986,7021
11986,10727
11986,5309
11986,5308
11986,3657
11986,12
11986,3
11987,13065
11987,12
11987,1
11988,10729
11988,12
11988,3
11989,13065
11989,12
11989,1
11990,12623
11990,12
11990,1
11991,2569
11991,12
11991,2
11992,12494
11992,12
11992,1
11993,12862
11993,12
11993,1
11994,13100
11994,13101
11994,6952
11994,6861
11994,6583
11994,6570
11994,6569
11994,3533
11994,3359
11994,12
11994,1
11995,13143
11995,13144
11995,6912
11995,12
11995,1
11996,12801
11996,12802
11996,12
11996,1
11997,12769
11997,12
11997,1
11998,4529
11998,12935
11998,7900
11998,12
11998,1
12000,12534
12000,12
12000,1
12001,12714
12001,12
12001,1
12002,12982
12002,12
12002,1
12003,9406
12003,12983
12003,12
12003,1
12004,12731
12004,12
12004,1
12005,12041
12005,12529
12005,12
12005,1
12006,5354
12006,12731
12006,12
12006,1
12008,12770
12008,12
12008,1
12009,12900
12009,12
12009,1
12010,11826
12010,12900
12010,12
12010,1
12011,12927
12011,12
12011,1
12012,12786
12012,12
12012,1
12013,12927
12013,12
12013,1
12014,12714
12014,12
12014,1
12015,3015
12015,12
12015,2
12016,12883
12016,6216
12016,12
12016,1
12017,12527
12017,12
12017,1
12018,12748
12018,12
12018,1
12019,1450
12019,12683
12019,12
12019,1
12021,565
12021,12
12021,2
12022,10647
12022,12
12022,2
12023,9321
12023,12
12023,2
12024,10841
12024,12
12024,2
12025,10479
12025,12
12025,2
12027,9638
12027,12
12027,2
12028,6926
12028,1745
12028,12
12028,2
12029,5675
12029,12
12029,2
12030,12048
12030,12
12030,2
12031,11422
12031,12
12031,3
12033,4933
12033,32
12033,2
12034,867
12034,3705
12034,4623
12034,11923
12034,12
12034,2
12035,12253
12035,12
12035,2
12036,1684
12036,24
12036,2
12037,10822
12037,12
12037,3
12038,10726
12038,11825
12038,12221
12038,12
12038,3
12039,5262
12039,855
12039,12
12039,2
12040,575
12040,6559
12040,1425
12040,12
12040,2
12041,12005
12041,12
12041,2
12042,12198
12042,12
12042,2
12043,12936
12043,12
12043,1
12044,13089
12044,12
12044,1
12045,12684
12045,12
12045,1
12046,13082
12046,12
12046,1
12047,2469
12047,8095
12047,12720
12047,12
12047,1
12048,12030
12048,12604
12048,12
12048,1
12049,13085
12049,12
12049,1
12050,12700
12050,12
12050,1
12051,12697
12051,12
12051,1
12052,12474
12052,250
12052,12
12052,1
12053,12905
12053,12906
12053,6533
12053,6513
12053,6511
12053,6510
12053,6488
12053,6487
12053,6486
12053,6485
12053,3441
12053,12
12053,1
12054,12719
12054,12
12054,1
12056,13018
12056,12
12056,1
12057,5950
12057,12565
12057,12
12057,1
12058,12585
12058,8477
12058,12
12058,1
12059,12560
12059,12561
12059,1216
12059,12
12059,1
12060,12560
12060,12
12060,1
12061,12916
12061,12
12061,1
12062,12814
12062,12
12062,1
12063,12540
12063,6301
12063,6292
12063,6269
12063,6268
12063,6266
12063,6263
12063,6231
12063,12
12063,1
12064,12946
12064,6928
12064,12
12064,1
12065,2259
12065,12472
12065,12
12065,1
12066,6256
12066,12707
12066,8008
12066,385
12066,12
12066,1
12067,13022
12067,1146
12067,12
12067,1
12068,2280
12068,12526
12068,12
12068,1
12069,12526
12069,3201
12069,12
12069,1
12070,12674
12070,7325
12070,12
12070,1
12072,12950
12072,12
12072,1
12073,12473
12073,12
12073,1
12074,561
12074,12742
12074,12
12074,1
12075,7815
12075,12474
12075,12
12075,1
12076,12715
12076,12
12076,1
12077,5662
12077,13029
12077,12
12077,1
12078,12568
12078,12
12078,1
12079,5596
12079,13105
12079,12
12079,1
12080,12929
12080,12
12080,1
12081,12896
12081,12
12081,1
12082,12896
12082,12
12082,1
12083,13058
12083,478
12083,12
12083,1
12084,12785
12084,12
12084,1
12085,5175
12085,12682
12085,12
12085,1
12086,12682
12086,1058
12086,1057
12086,986
12086,12
12086,1
12087,13015
12087,12
12087,1
12088,2458
12088,12911
12088,12
12088,1
12089,12557
12089,12
12089,1
12090,12880
12090,12
12090,1
12091,12569
12091,12
12091,1
12092,8518
12092,13143
12092,12
12092,1
12093,12880
12093,12
12093,1
12094,13062
12094,680
12094,12
12094,1
12095,13096
12095,12
12095,1
12096,12578
12096,12579
12096,8144
12096,3308
12096,12
12096,1
12097,13063
12097,12
12097,1
12098,12958
12098,12
12098,1
12099,12711
12099,12
12099,1
12100,12475
12100,12
12100,1
12101,10769
12101,12
12101,3
12102,13122
12102,12
12102,1
12103,12514
12103,6422
12103,12
12103,1
12104,867
12104,12919
12104,12
12104,1
12105,8928
12105,12647
12105,12
12105,1
12106,12646
12106,12
12106,1
12107,5627
12107,13053
12107,12
12107,1
12108,5659
12108,7839
12108,12916
12108,12
12108,1
12109,12640
12109,574
12109,109
12109,91
12109,24
12109,12
12109,1
12110,12640
12110,7255
12110,574
12110,12
12110,1
12111,13091
12111,6342
12111,12
12111,1
12112,12643
12112,12644
12112,7660
12112,12
12112,1
12114,12470
12114,7002
12114,12
12114,1
12115,1861
12115,8931
12115,13060
12115,12
12115,1
12116,13088
12116,12
12116,1
12117,13060
12117,1162
12117,12
12117,1
12118,360
12118,12949
12118,12
12118,1
12119,9406
12119,12776
12119,12
12119,1
12120,6263
12120,12
12120,2
12121,12776
12121,7531
12121,12
12121,1
12122,2731
12122,3778
12122,7603
12122,8374
12122,12
12122,2
12123,12949
12123,12
12123,1
12124,13087
12124,880
12124,12
12124,1
12125,12618
12125,12
12125,1
12126,9177
12126,12986
12126,8716
12126,485
12126,12
12126,1
12127,13092
12127,12
12127,1
12128,12867
12128,12
12128,1
12129,148
12129,12977
12129,12
12129,1
12130,13014
12130,12
12130,1
12131,12866
12131,12
12131,1
12132,3907
12132,12879
12132,12
12132,1
12133,5651
12133,63
12133,2
12134,12866
12134,8727
12134,12
12134,1
12135,12816
12135,12817
12135,1061
12135,206
12135,1
12136,13094
12136,13095
12136,12
12136,1
12137,13097
12137,13098
12137,6937
12137,12
12137,1
12138,12939
12138,6165
12138,12
12138,1
12139,12654
12139,12655
12139,7028
12139,7009
12139,7006
12139,7000
12139,1220
12139,12
12139,1
12140,13097
12140,12
12140,1
12141,12574
12141,206
12141,1
12142,12513
12142,12
12142,1
12144,12475
12144,12476
12144,7792
12144,1520
12144,12
12144,1
12145,12811
12145,12812
12145,3512
12145,1167
12145,12
12145,1
12146,12476
12146,12
12146,1
12147,12811
12147,12
12147,1
12148,12709
12148,12
12148,1
12149,12559
12149,6751
12149,12
12149,1
12150,12876
12150,12
12150,1
12151,12571
12151,12
12151,1
12152,7039
12152,12733
12152,12
12152,1
12153,12573
12153,12
12153,1
12154,12704
12154,12
12154,1
12155,12898
12155,7350
12155,12
12155,1
12156,12942
12156,12
12156,1
12157,9319
12157,12
12157,3
12158,12519
12158,1515
12158,1460
12158,12
12158,1
12159,13013
12159,12
12159,1
12160,12676
12160,12
12160,1
12161,12676
12161,12
12161,1
12163,12806
12163,12807
12163,12808
12163,3070
12163,12
12163,1
12164,12739
12164,2702
12164,12
12164,1
12165,12947
12165,12
12165,1
12166,13057
12166,2496
12166,12
12166,1
12167,12854
12167,5644
12167,12
12167,1
12168,12774
12168,12
12168,1
12169,6113
12169,12972
12169,12973
12169,12
12169,1
12170,8167
12170,12973
12170,12
12170,1
12171,12941
12171,12
12171,1
12172,12704
12172,2507
12172,12
12172,1
12173,12537
12173,12
12173,1
12174,12536
12174,64
12174,12
12174,1
12175,12536
12175,3636
12175,3635
12175,64
12175,12
12175,1
12176,12978
12176,12979
12176,12
12176,1
12177,46
12177,13014
12177,12
12177,1
12178,12803
12178,12
12178,1
12179,12918
12179,12
12179,1
12180,7045
12180,12
12180,2
12181,12481
12181,12
12181,1
12182,12480
12182,12481
12182,3642
12182,12
12182,1
12183,12793
12183,12
12183,1
12184,12820
12184,12821
12184,3542
12184,1698
12184,12
12184,1
12185,11253
12185,12
12185,2
12186,12873
12186,12
12186,1
12187,342
12187,686
12187,3862
12187,3879
12187,3889
12187,5194
12187,12389
12187,5020
12187,5019
12187,5018
12187,12
12187,2
12188,12532
12188,12
12188,1
12189,12802
12189,12
12189,1
12190,12769
12190,1193
12190,12
12190,1
12191,12935
12191,8272
12191,7993
12191,12
12191,1
12192,12531
12192,12
12192,1
12193,12714
12193,577
12193,12
12193,1
12194,12800
12194,12
12194,1
12195,9406
12195,12983
12195,12
12195,1
12197,8440
12197,13059
12197,12
12197,1
12198,12042
12198,12962
12198,12
12198,1
12199,12900
12199,12
12199,1
12200,4086
12200,5618
12200,8771
12200,12
12200,2
12201,12900
12201,8505
12201,12
12201,1
12202,9653
12202,12
12202,2
12204,2095
12204,12535
12204,12
12204,1
12205,197
12205,5621
12205,9421
12205,12786
12205,12
12205,1
12206,12927
12206,12
12206,1
12207,12883
12207,12
12207,1
12208,12683
12208,12
12208,1
12209,7610
12209,63
12209,2
12210,5465
12210,12
12210,2
12211,4259
12211,8306
12211,32
12211,2
12213,765
12213,12
12213,2
12214,12281
12214,12
12214,2
12216,710
12216,575
12216,12
12216,2
12218,12357
12218,12
12218,2
12219,12855
12219,12
12219,1
12220,6957
12220,204
12220,2
12221,11243
12221,12038
12221,12
12221,4
12222,686
12222,3862
12222,3879
12222,3889
12222,12
12222,4
12223,2036
12223,2189
12223,2233
12223,2257
12223,3392
12223,3842
12223,12823
12223,4666
12223,4629
12223,4622
12223,4621
12223,4607
12223,4601
12223,4590
12223,12
12223,1
12224,12399
12224,12
12224,2
12225,12403
12225,12
12225,2
12228,12439
12228,12
12228,4
12229,12936
12229,8258
12229,12
12229,1
12230,12940
12230,6153
12230,12
12230,1
12231,12675
12231,12
12231,1
12232,13082
12232,2498
12232,12
12232,1
12233,3390
12233,7840
12233,12473
12233,12
12233,1
12234,12552
12234,12
12234,1
12235,4227
12235,5090
12235,5007
12235,4975
12235,4971
12235,4910
12235,4845
12235,4833
12235,12
12235,4
12236,11130
12236,12
12236,2
12237,12552
12237,12
12237,1
12238,12875
12238,12
12238,1
12239,11354
12239,12
12239,2
12240,12744
12240,12
12240,1
12241,7172
12241,9143
12241,4359
12241,4321
12241,12
12241,2
12242,13085
12242,12
12242,1
12243,242
12243,12798
12243,12
12243,1
12244,13085
12244,12
12244,1
12245,4721
12245,3978
12245,12
12245,5
12246,12474
12246,8131
12246,12
12246,1
12247,6918
12247,12
12247,2
12248,12836
12248,12839
12248,3523
12248,3482
12248,3456
12248,12
12248,1
12249,12699
12249,12
12249,1
12250,12573
12250,12
12250,1
12252,12775
12252,8841
12252,2397
12252,12
12252,1
12253,12035
12253,12566
12253,12
12253,1
12254,621
12254,4777
12254,12
12254,5
12255,12585
12255,12
12255,1
12256,8656
12256,7619
12256,32
12256,2
12257,3713
12257,3976
12257,3936
12257,3901
12257,3867
12257,3820
12257,3796
12257,3791
12257,3786
12257,3717
12257,3715
12257,12
12257,2
12258,4397
12258,8300
12258,32
12258,2
12259,2431
12259,4565
12259,4522
12259,4502
12259,4488
12259,4461
12259,4442
12259,4431
12259,4426
12259,4390
12259,4378
12259,4356
12259,4335
12259,4309
12259,4306
12259,12
12259,3
12260,627
12260,5982
12260,5933
12260,5892
12260,5883
12260,5861
12260,5859
12260,5791
12260,12
12260,3
12261,983
12261,12
12261,2
12262,11345
12262,12
12262,2
12263,6256
12263,12707
12263,48
12263,12
12263,1
12264,12783
12264,8099
12264,12
12264,1
12265,3207
12265,4647
12265,4634
12265,12
12265,4
12266,12674
12266,12
12266,1
12267,13105
12267,12
12267,1
12268,4784
12268,32
12268,2
12270,12528
12270,12
12270,1
12271,12474
12271,12
12271,1
12272,12870
12272,12
12272,1
12273,9427
12273,13021
12273,12
12273,1
12274,12567
12274,12568
12274,12
12274,1
12276,5562
12276,12
12276,3
12277,12741
12277,2708
12277,74
12277,12
12277,1
12278,13105
12278,12
12278,1
12279,12886
12279,7123
12279,39
12279,12
12279,1
12281,12214
12281,12896
12281,12
12281,1
12282,12889
12282,12
12282,1
12283,12926
12283,12
12283,1
12284,12889
12284,8837
12284,8436
12284,5776
12284,2899
12284,2782
12284,1998
12284,12
12284,1
12287,12530
12287,12
12287,1
12289,12892
12289,12
12289,1
12290,4575
12290,12625
12290,12
12290,1
12291,12958
12291,12
12291,1
12293,12479
12293,6397
12293,98
12293,12
12293,1
12294,12880
12294,12
12294,1
12295,13144
12295,12
12295,1
12296,12479
12296,483
12296,98
12296,12
12296,1
12297,12579
12297,12
12297,1
12298,13096
12298,12
12298,1
12299,2784
12299,12787
12299,12
12299,1
12300,12479
12300,12
12300,1
12301,12958
12301,12
12301,1
12302,276
12302,12872
12302,12
12302,1
12303,13017
12303,1155
12303,12
12303,1
12304,12475
12304,12
12304,1
12305,1059
12305,12581
12305,12
12305,1
12306,5538
12306,12514
12306,7521
12306,12
12306,1
12307,12514
12307,12
12307,1
12308,12478
12308,12
12308,1
12309,12937
12309,12
12309,1
12310,12805
12310,12
12310,1
12311,12805
12311,12
12311,1
12312,12470
12312,12
12312,1
12313,5664
12313,13060
12313,12
12313,1
12314,12949
12314,2697
12314,12
12314,1
12315,1954
12315,12564
12315,12
12315,1
12316,12949
12316,12
12316,1
12317,10221
12317,12974
12317,12975
12317,12
12317,1
12318,12976
12318,12
12318,1
12319,12890
12319,12
12319,1
12320,12805
12320,12
12320,1
12321,13087
12321,12
12321,1
12322,12489
12322,12490
12322,384
12322,12
12322,1
12323,12490
12323,12
12323,1
12324,13094
12324,12
12324,1
12325,13097
12325,13098
12325,6973
12325,6360
12325,12
12325,1
12327,12655
12327,12
12327,1
12328,12575
12328,206
12328,1
12329,13099
12329,12
12329,1
12330,2000
12330,12574
12330,206
12330,1
12331,4237
12331,12638
12331,12
12331,1
12332,12813
12332,12
12332,1
12333,908
12333,12
12333,2
12334,12813
12334,12
12334,1
12335,12513
12335,12
12335,1
12336,12472
12336,12
12336,1
12337,12696
12337,12
12337,1
12338,12943
12338,12
12338,1
12339,3180
12339,12512
12339,12
12339,1
12340,12811
12340,12812
12340,3512
12340,2492
12340,12
12340,1
12341,6493
12341,12702
12341,12
12341,1
12342,1105
12342,12
12342,2
12343,12634
12343,12
12343,1
12344,12574
12344,206
12344,1
12346,12572
12346,12
12346,1
12347,9568
12347,12
12347,2
12348,12733
12348,12
12348,1
12349,12733
12349,12
12349,1
12350,13108
12350,13109
12350,12
12350,1
12351,13109
12351,12
12351,1
12352,12605
12352,12606
12352,12
12352,1
12353,12617
12353,12
12353,1
12354,12704
12354,4219
12354,12
12354,1
12355,12627
12355,12
12355,1
12356,4625
12356,12724
12356,12
12356,1
12357,12218
12357,12797
12357,12798
12357,12
12357,1
12358,12942
12358,12
12358,1
12359,12519
12359,8201
12359,12
12359,1
12360,12927
12360,12
12360,1
12361,5514
12361,12874
12361,12
12361,1
12362,12676
12362,12
12362,1
12363,12947
12363,8041
12363,12
12363,1
12364,12988
12364,6484
12364,1729
12364,12
12364,1
12365,12622
12365,1545
12365,12
12365,1
12366,9719
12366,12
12366,2
12367,12948
12367,12
12367,1
12368,6482
12368,13057
12368,12
12368,1
12369,12917
12369,8695
12369,12
12369,1
12370,2118
12370,12722
12370,12
12370,1
12371,12774
12371,12
12371,1
12372,12619
12372,12
12372,1
12373,12619
12373,12
12373,1
12374,6618
12374,12
12374,2
12375,11067
12375,12
12375,2
12376,13103
12376,12
12376,1
12377,12537
12377,1381
12377,12
12377,1
12378,12969
12378,12
12378,1
12379,12985
12379,12
12379,1
12380,7107
12380,13098
12380,12
12380,1
12381,12536
12381,64
12381,12
12381,1
12382,1196
12382,12
12382,2
12383,9855
12383,12
12383,2
12384,12481
12384,12
12384,1
12385,9800
12385,12794
12385,12
12385,1
12386,6013
12386,12
12386,2
12387,6386
12387,12793
12387,12
12387,1
12388,12492
12388,12
12388,1
12389,829
12389,1202
12389,8655
12389,12187
12389,4874
12389,12
12389,3
12390,833
12390,2826
12390,6882
12390,7000
12390,12
12390,4
12391,13026
12391,13027
12391,3253
12391,12
12391,1
12393,5656
12393,12494
12393,12
12393,1
12394,12862
12394,12
12394,1
12397,9632
12397,5524
12397,5429
12397,12
12397,3
12398,12926
12398,2283
12398,12
12398,1
12399,12224
12399,12963
12399,12
12399,1
12400,9532
12400,12
12400,2
12401,2430
12401,6080
12401,6075
12401,6074
12401,6068
12401,6041
12401,6017
12401,5968
12401,5943
12401,5926
12401,5901
12401,5857
12401,5856
12401,12
12401,4
12403,12225
12403,12470
12403,12
12403,1
12405,12731
12405,12
12405,1
12406,5483
12406,4563
12406,4531
12406,4508
12406,4460
12406,4323
12406,12
12406,3
12407,12962
12407,2669
12407,12
12407,1
12408,12918
12408,7304
12408,12
12408,1
12409,9633
12409,6045
12409,5908
12409,12
12409,3
12410,12900
12410,12
12410,1
12411,7293
12411,12
12411,3
12412,3529
12412,3880
12412,3757
12412,3740
12412,12
12412,3
12413,12900
12413,12
12413,1
12414,12469
12414,12
12414,1
12415,12786
12415,12
12415,1
12416,12537
12416,12
12416,1
12417,12927
12417,7355
12417,6598
12417,12
12417,1
12418,12680
12418,1058
12418,1057
12418,12
12418,1
12420,12927
12420,12
12420,1
12421,10727
12421,5357
12421,5339
12421,5335
12421,5323
12421,5292
12421,5261
12421,5247
12421,5243
12421,5221
12421,5199
12421,12
12421,3
12422,12683
12422,12
12422,1
12423,12683
12423,12
12423,1
12424,10268
12424,5369
12424,5340
12424,5338
12424,5265
12424,5239
12424,5154
12424,12
12424,3
12425,7172
12425,9143
12425,4527
12425,4499
12425,4466
12425,12
12425,2
12426,3713
12426,12
12426,2
12427,2431
12427,4494
12427,4492
12427,4459
12427,4406
12427,4405
12427,4375
12427,4352
12427,4316
12427,4302
12427,12
12427,3
12428,796
12428,207
12428,2
12429,11310
12429,207
12429,2
12430,1700
12430,12
12430,2
12431,2385
12431,2990
12431,7794
12431,12
12431,2
12432,8608
12432,12
12432,2
12434,9632
12434,5635
12434,12
12434,3
12435,2430
12435,6054
12435,6012
12435,5998
12435,5987
12435,5984
12435,5940
12435,5889
12435,5881
12435,5847
12435,5817
12435,5804
12435,12
12435,4
12436,9633
12436,12
12436,3
12437,3529
12437,4010
12437,12
12437,3
12438,677
12438,12
12438,2
12439,10727
12439,12228
12439,5354
12439,5196
12439,5187
12439,12
12439,3
12441,12444
12441,2823
12441,2
12441,4
12443,12444
12443,2438
12443,0
12443,4
12444,4821
12444,12441
12444,12443
12444,2447
12444,1
12444,3
12450,12588
12450,12590
12450,8648
12450,2493
12450,2456
12450,2000
12450,526
12450,146
12450,1
12451,12754
12451,12755
12451,6966
12451,3375
12451,1577
12451,307
12451,3
12451,0
12452,7168
12452,13133
12452,13145
12452,13146
12452,3551
12452,2020
12452,1169
12452,548
12452,12
12452,0
12454,4081
12454,7168
12454,12468
12454,13133
12454,13145
12454,13146
12454,8812
12454,8546
12454,6704
12454,6703
12454,6366
12454,3451
12454,2693
12454,2020
12454,540
12454,399
12454,0
12455,12609
12455,12994
12455,12997
12455,13011
12455,13012
12455,8805
12455,8801
12455,6375
12455,6365
12455,3478
12455,2441
12455,705
12455,530
12455,528
12455,265
12455,173
12455,1
12456,12992
12456,8510
12456,7202
12456,7198
12456,3405
12456,549
12456,1
12457,4696
12457,2
12458,12839
12458,8770
12458,8577
12458,8433
12458,1905
12458,1
12460,8099
12460,3
12460,2
12462,12652
12462,12654
12462,8816
12462,8792
12462,8776
12462,8729
12462,0
12464,9174
12464,12689
12464,8728
12464,8599
12464,6909
12464,2611
12464,2412
12464,1215
12464,1
12465,12619
12465,7176
12465,7112
12465,7106
12465,7026
12465,3703
12465,2006
12465,1386
12465,697
12465,609
12465,605
12465,1
12466,12731
12466,7779
12466,7138
12466,7130
12466,7126
12466,7116
12466,7114
12466,7101
12466,7091
12466,6881
12466,1292
12466,1192
12466,1
12467,12721
12467,7727
12467,7051
12467,6419
12467,3118
12467,1
12468,444
12468,4570
12468,7916
12468,10100
12468,12454
12468,13118
12468,13120
12468,13121
12468,2794
12468,1882
12468,1197
12468,600
12468,435
12468,1
12468,0
12469,851
12469,1381
12469,1562
12469,2444
12469,2620
12469,2845
12469,2851
12469,3192
12469,3538
12469,3859
12469,4354
12469,4508
12469,4742
12469,4749
12469,5341
12469,5941
12469,5942
12469,6085
12469,6382
12469,6730
12469,6856
12469,7300
12469,7415
12469,7647
12469,8086
12469,8407
12469,9384
12469,9852
12469,10052
12469,10308
12469,11223
12469,12414
12469,12846
12469,12847
12469,12848
12469,12849
12469,3190
12469,1343
12469,618
12469,602
12469,551
12469,532
12469,522
12469,407
12469,269
12469,231
12469,76
12469,1
12469,0
12470,1134
12470,1375
12470,1871
12470,2094
12470,2147
12470,2203
12470,2544
12470,2724
12470,4503
12470,5167
12470,5255
12470,6008
12470,6082
12470,6242
12470,6981
12470,8281
12470,8401
12470,9056
12470,9151
12470,10048
12470,10413
12470,10528
12470,10635
12470,10910
12470,11117
12470,11315
12470,11516
12470,11703
12470,12114
12470,12312
12470,12403
12470,12846
12470,12847
12470,12848
12470,12849
12470,1343
12470,618
12470,602
12470,551
12470,532
12470,522
12470,407
12470,269
12470,231
12470,76
12470,2
12470,0
12471,412
12471,701
12471,1085
12471,2494
12471,2643
12471,4530
12471,4772
12471,6885
12471,7441
12471,7886
12471,8993
12471,9196
12471,11059
12471,11639
12471,11865
12471,13126
12471,13127
12471,13129
12471,3408
12471,581
12471,576
12471,425
12471,400
12471,391
12471,304
12471,1
12471,0
12472,203
12472,277
12472,303
12472,528
12472,1097
12472,2366
12472,2949
12472,3128
12472,3409
12472,3800
12472,4116
12472,4832
12472,4968
12472,5888
12472,6028
12472,6195
12472,6458
12472,6810
12472,6935
12472,7054
12472,7103
12472,7189
12472,7900
12472,8462
12472,8810
12472,9007
12472,9698
12472,9902
12472,9971
12472,10086
12472,10851
12472,11874
12472,12065
12472,12336
12472,12931
12472,12932
12472,8609
12472,8465
12472,1
12472,0
12473,236
12473,880
12473,881
12473,1080
12473,1232
12473,1408
12473,1602
12473,1604
12473,1805
12473,1828
12473,2004
12473,2289
12473,2291
12473,2482
12473,2631
12473,3911
12473,3932
12473,4370
12473,4518
12473,4768
12473,5054
12473,5386
12473,6745
12473,7040
12473,7316
12473,7692
12473,7904
12473,8182
12473,8183
12473,8218
12473,8709
12473,8710
12473,9206
12473,9452
12473,9477
12473,9680
12473,10063
12473,10331
12473,10596
12473,10836
12473,10857
12473,11072
12473,11248
12473,11626
12473,11852
12473,11853
12473,12073
12473,12233
12473,12752
12473,12753
12473,1
12473,0
12474,384
12474,698
12474,715
12474,887
12474,2017
12474,2049
12474,2508
12474,2872
12474,3055
12474,3245
12474,3413
12474,3748
12474,3917
12474,3934
12474,4122
12474,4252
12474,4267
12474,4393
12474,4564
12474,4916
12474,4933
12474,5389
12474,6759
12474,6899
12474,7046
12474,7562
12474,7697
12474,7884
12474,7905
12474,8987
12474,9193
12474,10841
12474,12052
12474,12075
12474,12246
12474,12271
12474,12758
12474,12759
12474,12760
12474,12761
12474,8337
12474,5231
12474,2
12474,0
12475,548
12475,550
12475,782
12475,784
12475,1324
12475,1712
12475,2132
12475,2380
12475,2572
12475,2703
12475,2769
12475,2771
12475,2954
12475,3084
12475,3139
12475,3140
12475,3323
12475,3477
12475,3636
12475,3767
12475,3964
12475,4185
12475,4186
12475,4314
12475,4455
12475,4597
12475,4808
12475,4846
12475,4979
12475,5286
12475,5453
12475,6037
12475,6201
12475,6465
12475,7109
12475,7255
12475,7502
12475,7503
12475,7615
12475,7760
12475,7953
12475,8005
12475,8559
12475,8770
12475,9309
12475,9737
12475,9789
12475,9790
12475,9990
12475,10673
12475,10674
12475,11350
12475,11739
12475,11910
12475,12100
12475,12144
12475,12304
12475,13135
12475,13136
12475,13137
12475,13138
12475,1996
12475,1038
12475,510
12475,1
12475,0
12476,531
12476,2121
12476,2564
12476,2754
12476,2756
12476,3132
12476,3801
12476,3998
12476,4000
12476,4175
12476,4449
12476,4833
12476,4969
12476,4970
12476,6029
12476,6196
12476,6460
12476,6461
12476,6635
12476,6936
12476,7246
12476,7995
12476,8550
12476,8552
12476,8813
12476,9303
12476,9781
12476,10446
12476,10659
12476,10662
12476,11335
12476,11337
12476,11539
12476,11541
12476,11937
12476,12144
12476,12146
12476,13135
12476,13136
12476,13137
12476,13138
12476,8443
12476,1038
12476,510
12476,2
12476,0
12478,374
12478,482
12478,941
12478,1283
12478,1470
12478,2084
12478,2711
12478,3275
12478,3438
12478,3597
12478,4143
12478,4953
12478,5422
12478,5865
12478,5999
12478,6173
12478,6782
12478,7220
12478,7468
12478,7956
12478,8772
12478,9049
12478,9525
12478,9527
12478,9942
12478,10403
12478,10627
12478,10899
12478,11307
12478,11507
12478,11914
12478,12308
12478,12500
12478,12501
12478,6218
12478,3143
12478,1
12478,0
12479,462
12479,471
12479,1458
12479,1850
12479,2324
12479,2688
12479,2901
12479,2967
12479,3426
12479,3759
12479,3950
12479,4279
12479,4670
12479,4949
12479,5243
12479,5858
12479,6171
12479,6575
12479,6773
12479,7728
12479,9037
12479,9235
12479,9327
12479,9725
12479,10212
12479,10690
12479,11560
12479,11903
12479,12293
12479,12296
12479,12300
12479,12487
12479,12500
12479,12501
12479,6343
12479,1
12479,0
12480,108
12480,163
12480,823
12480,2603
12480,2814
12480,2990
12480,3354
12480,3670
12480,5158
12480,5479
12480,6367
12480,6693
12480,7638
12480,8375
12480,8868
12480,9130
12480,9354
12480,9624
12480,10550
12480,10992
12480,11194
12480,11389
12480,11580
12480,11581
12480,11778
12480,11977
12480,11978
12480,12182
12480,12500
12480,2309
12480,13
12480,0
12481,608
12481,1015
12481,1752
12481,2814
12481,2815
12481,2990
12481,3353
12481,3354
12481,3521
12481,3670
12481,4486
12481,5158
12481,5479
12481,6073
12481,6693
12481,7638
12481,7785
12481,8052
12481,8375
12481,8868
12481,9130
12481,9354
12481,9624
12481,10025
12481,10500
12481,10718
12481,10992
12481,11195
12481,11389
12481,11580
12481,11778
12481,11977
12481,12181
12481,12182
12481,12384
12481,12500
12481,12501
12481,8756
12481,2309
12481,1379
12481,13
12481,0
12482,1198
12482,1541
12482,1542
12482,1748
12482,1749
12482,2601
12482,4041
12482,4218
12482,4874
12482,5156
12482,6489
12482,8050
12482,8370
12482,8373
12482,9127
12482,9348
12482,10254
12482,10498
12482,11772
12482,11773
12482,11777
12482,12500
12482,3402
12482,14
12482,0
12483,604
12483,821
12483,1351
12483,1541
12483,1542
12483,1749
12483,2172
12483,2601
12483,2809
12483,2987
12483,3518
12483,4041
12483,4218
12483,4336
12483,4485
12483,4706
12483,4708
12483,4872
12483,4874
12483,5153
12483,5156
12483,5313
12483,5925
12483,6363
12483,6488
12483,6489
12483,6692
12483,6836
12483,7133
12483,7527
12483,7784
12483,8370
12483,8608
12483,8865
12483,9348
12483,9829
12483,10023
12483,10254
12483,10498
12483,11577
12483,11772
12483,11775
12483,11777
12483,12500
12483,12501
12483,3402
12483,14
12483,0
12484,76
12484,464
12484,738
12484,741
12484,1459
12484,1655
12484,1852
12484,2072
12484,2522
12484,2790
12484,2975
12484,3264
12484,3427
12484,3761
12484,3953
12484,4415
12484,4591
12484,4690
12484,4796
12484,5000
12484,5851
12484,7069
12484,7121
12484,7553
12484,7937
12484,8034
12484,8765
12484,9509
12484,9931
12484,10224
12484,11373
12484,11676
12484,12487
12484,12500
12484,12501
12484,2
12484,0
12485,1123
12485,1127
12485,1662
12485,2334
12485,3266
12485,3431
12485,4137
12485,4139
12485,6580
12485,7940
12485,8252
12485,8255
12485,9516
12485,10127
12485,10616
12485,10891
12485,11680
12485,12501
12485,3
12485,0
12486,586
12486,1123
12486,1127
12486,1275
12486,1662
12486,1854
12486,2334
12486,3085
12486,3266
12486,3431
12486,4137
12486,4281
12486,4951
12486,6580
12486,7940
12486,7942
12486,8252
12486,8852
12486,9516
12486,9729
12486,10127
12486,10616
12486,10891
12486,11680
12486,11683
12486,11907
12486,11911
12486,12487
12486,12500
12486,3
12486,0
12487,992
12487,2140
12487,4692
12487,7629
12487,8847
12487,10009
12487,10484
12487,10957
12487,11158
12487,11178
12487,12479
12487,12484
12487,12486
12487,12492
12487,12500
12487,3176
12487,2280
12487,529
12487,4
12487,0
12488,292
12488,992
12488,1167
12488,2140
12488,2578
12488,3164
12488,3341
12488,3813
12488,4692
12488,4864
12488,6355
12488,7630
12488,8332
12488,9796
12488,9816
12488,10009
12488,10484
12488,11158
12488,11178
12488,12500
12488,12501
12488,3206
12488,3145
12488,3130
12488,2349
12488,2176
12488,4
12488,0
12489,1303
12489,1499
12489,1885
12489,2747
12489,3117
12489,3301
12489,3795
12489,4302
12489,4444
12489,4829
12489,4964
12489,6023
12489,6331
12489,7098
12489,7368
12489,7489
12489,9075
12489,9286
12489,9288
12489,11531
12489,12322
12489,12500
12489,1895
12489,5
12489,0
12490,518
12490,519
12490,771
12490,1496
12490,1694
12490,1885
12490,2113
12490,2358
12490,2747
12490,3301
12490,3622
12490,3789
12490,3795
12490,4171
12490,4829
12490,4964
12490,5884
12490,6023
12490,6331
12490,6627
12490,7098
12490,7368
12490,7746
12490,8301
12490,9075
12490,9077
12490,9286
12490,9288
12490,9559
12490,10435
12490,10652
12490,10928
12490,11329
12490,11531
12490,12322
12490,12323
12490,12500
12490,12501
12490,1895
12490,725
12490,5
12490,0
12491,827
12491,1019
12491,2177
12491,2607
12491,3673
12491,4341
12491,6075
12491,6232
12491,6498
12491,7402
12491,9134
12491,9630
12491,10029
12491,10505
12491,11396
12491,11781
12491,11982
12491,12500
12491,2343
12491,6
12491,0
12492,612
12492,827
12492,1929
12492,2429
12492,2607
12492,2820
12492,2821
12492,3357
12492,3526
12492,3673
12492,3834
12492,4045
12492,4876
12492,5018
12492,5160
12492,6074
12492,6075
12492,6232
12492,6370
12492,6498
12492,6696
12492,7139
12492,9134
12492,9356
12492,9357
12492,9630
12492,10029
12492,10725
12492,11395
12492,11781
12492,11982
12492,12388
12492,12487
12492,12500
12492,12501
12492,7212
12492,6170
12492,1883
12492,6
12492,0
12493,2151
12493,2402
12493,8394
12493,9149
12493,11005
12493,12505
12493,12506
12493,7
12493,0
12494,629
12494,633
12494,838
12494,1028
12494,1365
12494,1764
12494,1931
12494,2614
12494,2829
12494,3530
12494,4346
12494,4347
12494,4497
12494,4882
12494,5024
12494,5933
12494,6236
12494,6376
12494,6503
12494,6709
12494,6848
12494,7535
12494,8069
12494,8882
12494,10281
12494,11208
12494,11790
12494,11992
12494,12393
12494,12505
12494,12506
12494,1886
12494,634
12494,8
12494,0
12495,527
12495,2751
12495,12505
12495,12506
12495,9
12495,0
12496,181
12496,760
12496,1016
12496,2818
12496,6695
12496,6970
12496,8056
12496,8381
12496,9132
12496,9627
12496,9831
12496,10263
12496,10722
12496,11980
12496,12500
12496,12501
12496,1831
12496,1380
12496,757
12496,721
12496,1
12496,0
12497,610
12497,4712
12497,8379
12497,8613
12497,9131
12497,9626
12497,10027
12497,10261
12497,10503
12497,10721
12497,11979
12497,12505
12497,12506
12497,7257
12497,2
12497,0
12498,2823
12498,6699
12498,8874
12498,9812
12498,10007
12498,12505
12498,12506
12498,3
12498,0
12499,7572
12499,7710
12499,8213
12499,1
12499,0
12500,1850
12500,2787
12500,7448
12500,7572
12500,7710
12500,7902
12500,8213
12500,9286
12500,9331
12500,11757
12500,12478
12500,12479
12500,12480
12500,12481
12500,12482
12500,12483
12500,12484
12500,12486
12500,12487
12500,12488
12500,12489
12500,12490
12500,12491
12500,12492
12500,12496
12500,12502
12500,12503
12500,12504
12500,12509
12500,12510
12500,12511
12500,12528
12500,12618
12500,12623
12500,12673
12500,12872
12500,7162
12500,1873
12500,1551
12500,566
12500,529
12500,355
12500,98
12500,1
12500,0
12501,12478
12501,12479
12501,12481
12501,12483
12501,12484
12501,12485
12501,12488
12501,12490
12501,12492
12501,12496
12501,12502
12501,12503
12501,12504
12501,12508
12501,12509
12501,12511
12501,12528
12501,12618
12501,12623
12501,12673
12501,12872
12501,13134
12501,8421
12501,1551
12501,355
12501,2
12501,0
12502,12500
12502,12501
12502,12503
12502,12504
12502,12505
12502,12506
12502,12507
12502,12910
12502,12945
12502,3131
12502,533
12502,3
12502,0
12503,9348
12503,12500
12503,12501
12503,12502
12503,12505
12503,12506
12503,12507
12503,12660
12503,12661
12503,12662
12503,12663
12503,12664
12503,12756
12503,13132
12503,13133
12503,13134
12503,640
12503,4
12503,0
12504,12500
12504,12501
12504,12502
12504,12505
12504,12506
12504,12507
12504,12528
12504,12660
12504,12661
12504,12662
12504,12663
12504,12664
12504,12754
12504,13130
12504,13132
12504,13133
12504,13134
12504,640
12504,4
12504,0
12505,12493
12505,12494
12505,12495
12505,12497
12505,12498
12505,12502
12505,12503
12505,12504
12505,12619
12505,12873
12505,1551
12505,355
12505,5
12505,0
12506,12493
12506,12494
12506,12495
12506,12497
12506,12498
12506,12502
12506,12503
12506,12504
12506,12619
12506,12873
12506,1551
12506,355
12506,6
12506,0
12507,12502
12507,12503
12507,12504
12507,8724
12507,6609
12507,2641
12507,1995
12507,536
12507,1
12507,0
12508,12501
12508,1
12508,0
12509,1004
12509,1188
12509,2793
12509,3167
12509,8350
12509,9819
12509,11963
12509,12500
12509,12501
12509,1
12509,0
12510,12500
12510,2
12510,0
12511,12500
12511,12501
12511,2
12511,0
12512,776
12512,778
12512,973
12512,974
12512,1701
12512,2120
12512,2122
12512,2368
12512,2565
12512,2566
12512,2755
12512,2950
12512,3131
12512,3470
12512,3473
12512,3802
12512,3999
12512,4177
12512,4307
12512,4652
12512,5275
12512,6340
12512,7996
12512,8310
12512,8814
12512,9566
12512,9780
12512,9976
12512,10186
12512,10187
12512,10448
12512,10663
12512,11142
12512,11336
12512,11338
12512,11540
12512,11727
12512,12339
12512,12517
12512,12518
12512,12628
12512,8351
12512,1
12512,0
12513,1307
12513,2117
12513,2752
12513,3126
12513,3310
12513,3467
12513,3468
12513,3997
12513,4831
12513,5123
12513,6193
12513,6456
12513,7241
12513,7493
12513,8545
12513,9296
12513,9298
12513,9776
12513,9970
12513,10179
12513,10444
12513,11538
12513,11723
12513,11724
12513,12142
12513,12335
12513,12517
12513,12518
12513,2
12513,0
12514,481
12514,2535
12514,2707
12514,2710
12514,2911
12514,3087
12514,3436
12514,3595
12514,3596
12514,3966
12514,3967
12514,4142
12514,4284
12514,5100
12514,5249
12514,5421
12514,5863
12514,7467
12514,7733
12514,9048
12514,9243
12514,9738
12514,9740
12514,9939
12514,11104
12514,11305
12514,11503
12514,11505
12514,11692
12514,11693
12514,11913
12514,12103
12514,12306
12514,12307
12514,12517
12514,12518
12514,7994
12514,7629
12514,6567
12514,4
12514,0
12515,7993
12515,8811
12515,9301
12515,9973
12515,10445
12515,11139
12515,12517
12515,12518
12515,1
12515,0
12516,2684
12516,12517
12516,12518
12516,2
12516,0
12517,9178
12517,12512
12517,12513
12517,12514
12517,12515
12517,12516
12517,12665
12517,12666
12517,12667
12517,12950
12517,7318
12517,2336
12517,1
12517,0
12518,9178
12518,12512
12518,12513
12518,12514
12518,12515
12518,12516
12518,12727
12518,12950
12518,2
12518,0
12519,563
12519,565
12519,792
12519,996
12519,997
12519,1173
12519,1516
12519,1518
12519,2142
12519,2390
12519,2392
12519,3149
12519,3151
12519,3489
12519,3644
12519,4320
12519,4674
12519,5133
12519,5292
12519,5460
12519,5909
12519,7261
12519,7765
12519,8334
12519,8830
12519,8831
12519,9106
12519,9589
12519,10206
12519,11161
12519,11356
12519,11357
12519,11747
12519,11948
12519,12158
12519,12359
12519,12846
12519,12847
12519,12848
12519,12849
12519,1343
12519,618
12519,602
12519,551
12519,532
12519,522
12519,449
12519,407
12519,269
12519,231
12519,76
12519,1
12519,0
12520,12524
12520,1
12520,0
12521,7330
12521,2
12521,0
12522,6891
12522,12524
12522,12525
12522,2
12522,0
12523,6756
12523,6891
12523,7330
12523,13045
12523,13046
12523,13047
12523,8208
12523,6601
12523,582
12523,2
12523,0
12524,7769
12524,7858
12524,8484
12524,12520
12524,12522
12524,12525
12524,13038
12524,13039
12524,13040
12524,1
12524,0
12525,7444
12525,12522
12525,12524
12525,13041
12525,13042
12525,2803
12525,2
12525,0
12526,710
12526,904
12526,1626
12526,2041
12526,3237
12526,3239
12526,3410
12526,3743
12526,3929
12526,4262
12526,4389
12526,4552
12526,4553
12526,4930
12526,5223
12526,5838
12526,5977
12526,6150
12526,6282
12526,7333
12526,8209
12526,8211
12526,8464
12526,9202
12526,9474
12526,11649
12526,11652
12526,12068
12526,12069
12526,12846
12526,12847
12526,12848
12526,12849
12526,1343
12526,618
12526,602
12526,575
12526,551
12526,532
12526,522
12526,407
12526,269
12526,231
12526,76
12526,1
12526,0
12527,856
12527,1043
12527,1566
12527,1777
12527,1942
12527,2448
12527,2855
12527,3014
12527,3864
12527,4512
12527,4897
12527,5944
12527,6088
12527,6246
12527,6733
12527,6994
12527,7547
12527,8088
12527,8411
12527,8908
12527,9162
12527,9858
12527,11024
12527,11417
12527,11808
12527,12017
12527,12846
12527,12847
12527,12848
12527,12849
12527,1343
12527,618
12527,602
12527,532
12527,522
12527,407
12527,231
12527,76
12527,1
12527,0
12528,713
12528,908
12528,1432
12528,1629
12528,2045
12528,2309
12528,2505
12528,2883
12528,3242
12528,3244
12528,3412
12528,3745
12528,4120
12528,4266
12528,4391
12528,4560
12528,4562
12528,5068
12528,6152
12528,6412
12528,6545
12528,7057
12528,7194
12528,7337
12528,9010
12528,9207
12528,9479
12528,9704
12528,9706
12528,9812
12528,9908
12528,10478
12528,11073
12528,11473
12528,11656
12528,12270
12528,12500
12528,12501
12528,12504
12528,8654
12528,8395
12528,8394
12528,6187
12528,3652
12528,1
12528,0
12529,848
12529,1039
12529,1556
12529,1771
12529,1937
12529,2840
12529,3010
12529,4739
12529,5168
12529,9153
12529,9374
12529,9649
12529,11604
12529,11798
12529,12005
12529,12679
12529,8720
12529,8719
12529,2476
12529,613
12529,448
12529,1
12529,0
12530,623
12530,624
12530,728
12530,836
12530,923
12530,1023
12530,1118
12530,1451
12530,1645
12530,2514
12530,2827
12530,2897
12530,3066
12530,3840
12530,4228
12530,4343
12530,4408
12530,4940
12530,5082
12530,5234
12530,5487
12530,6076
12530,6160
12530,6372
12530,6502
12530,7344
12530,8390
12530,8878
12530,9363
12530,9636
12530,9719
12530,9924
12530,10273
12530,10378
12530,10731
12530,11285
12530,11400
12530,11893
12530,12287
12530,13135
12530,13136
12530,13137
12530,13138
12530,1038
12530,510
12530,1
12530,0
12531,645
12531,844
12531,1033
12531,2437
12531,3005
12531,4054
12531,4349
12531,4506
12531,5491
12531,6081
12531,6717
12531,7147
12531,8639
12531,9855
12531,10289
12531,10737
12531,11407
12531,12192
12531,12544
12531,12545
12531,12546
12531,12547
12531,8363
12531,1
12531,0
12532,1550
12532,1753
12532,1760
12532,2187
12532,2605
12532,2611
12532,2993
12532,4044
12532,4222
12532,4722
12532,6229
12532,6705
12532,7138
12532,8389
12532,9133
12532,9355
12532,9628
12532,9832
12532,9840
12532,10504
12532,10999
12532,11197
12532,11205
12532,11399
12532,11787
12532,11981
12532,12188
12532,12544
12532,12545
12532,12546
12532,12547
12532,8179
12532,3476
12532,13
12532,0
12533,810
12533,1013
12533,1740
12533,1917
12533,2417
12533,2499
12533,2981
12533,3172
12533,3352
12533,3737
12533,4114
12533,4259
12533,4549
12533,4709
12533,5066
12533,5155
12533,5476
12533,5478
12533,6065
12533,6533
12533,6961
12533,8045
12533,8361
12533,8372
12533,8599
12533,8858
12533,9121
12533,9128
12533,9343
12533,9351
12533,9610
12533,9621
12533,9826
12533,10017
12533,10024
12533,10496
12533,10585
12533,10990
12533,11387
12533,11774
12533,11975
12533,12544
12533,12545
12533,12546
12533,12547
12533,14
12533,0
12534,850
12534,1372
12534,2211
12534,2849
12534,3535
12534,3680
12534,3857
12534,4059
12534,4888
12534,6381
12534,7409
12534,7539
12534,7646
12534,7795
12534,8891
12534,9150
12534,12000
12534,12544
12534,12545
12534,12546
12534,12547
12534,12554
12534,2
12534,0
12535,1383
12535,1778
12535,3016
12535,5945
12535,6089
12535,6090
12535,6735
12535,7153
12535,7302
12535,8089
12535,8653
12535,9387
12535,11022
12535,11025
12535,11225
12535,11607
12535,11809
12535,12204
12535,12544
12535,12545
12535,12546
12535,12547
12535,3
12535,0
12536,816
12536,1012
12536,1215
12536,1564
12536,1747
12536,1921
12536,1924
12536,2169
12536,2595
12536,2806
12536,3176
12536,3349
12536,3514
12536,3539
12536,3667
12536,3691
12536,3829
12536,4039
12536,4702
12536,4704
12536,4870
12536,5310
12536,5311
12536,5923
12536,6070
12536,6362
12536,6833
12536,6834
12536,6964
12536,6965
12536,7284
12536,7783
12536,8603
12536,9616
12536,9857
12536,10247
12536,10311
12536,10495
12536,10988
12536,11415
12536,11805
12536,11969
12536,11971
12536,11972
12536,12174
12536,12175
12536,12381
12536,12544
12536,12545
12536,12546
12536,12547
12536,8487
12536,7540
12536,7201
12536,4
12536,0
12537,813
12537,1382
12537,1538
12537,1742
12537,1744
12537,1940
12537,2221
12537,2420
12537,2446
12537,2621
12537,2982
12537,3512
12537,3664
12537,3689
12537,3828
12537,4035
12537,4036
12537,4214
12537,4215
12537,4481
12537,4483
12537,5011
12537,5308
12537,6066
12537,6124
12537,6360
12537,6485
12537,7281
12537,7635
12537,7780
12537,7781
12537,8047
12537,8860
12537,8862
12537,9344
12537,9385
12537,10018
12537,10020
12537,10022
12537,10246
12537,10309
12537,10492
12537,10707
12537,10709
12537,10985
12537,10986
12537,11191
12537,11224
12537,11414
12537,11574
12537,11765
12537,11803
12537,12173
12537,12377
12537,12416
12537,12544
12537,12545
12537,12546
12537,12547
12537,8416
12537,8384
12537,5
12537,0
12538,2838
12538,8080
12538,9846
12538,10046
12538,12544
12538,12545
12538,12546
12538,6
12538,0
12539,1190
12539,1341
12539,1342
12539,1533
12539,2159
12539,2412
12539,2797
12539,2805
12539,3347
12539,5146
12539,5474
12539,5921
12539,6062
12539,6681
12539,6682
12539,6910
12539,7126
12539,7127
12539,7277
12539,7278
12539,7777
12539,9605
12539,9615
12539,10235
12539,10712
12539,12544
12539,12545
12539,12546
12539,12547
12539,4619
12539,7
12539,0
12540,687
12540,1229
12540,2681
12540,4577
12540,6566
12540,9023
12540,10377
12540,12063
12540,12679
12540,1
12540,0
12541,31
12541,270
12541,597
12541,4697
12541,6359
12541,6686
12541,6926
12541,8044
12541,12544
12541,12545
12541,12546
12541,12547
12541,7157
12541,7048
12541,2580
12541,1653
12541,1366
12541,801
12541,1
12541,0
12542,2796
12542,4695
12542,5195
12542,6680
12542,8039
12542,8355
12542,8593
12542,9602
12542,9821
12542,10234
12542,10701
12542,11182
12542,11376
12542,12544
12542,12545
12542,12546
12542,12547
12542,2
12542,0
12543,2808
12543,6690
12543,12544
12543,12545
12543,12546
12543,12547
12543,3
12543,0
12544,4862
12544,6053
12544,12531
12544,12532
12544,12533
12544,12534
12544,12535
12544,12536
12544,12537
12544,12538
12544,12539
12544,12541
12544,12542
12544,12543
12544,12550
12544,12552
12544,12704
12544,12786
12544,12936
12544,12937
12544,13092
12544,292
12544,291
12544,20
12544,1
12544,0
12545,4862
12545,6053
12545,7687
12545,12531
12545,12532
12545,12533
12545,12534
12545,12535
12545,12536
12545,12537
12545,12538
12545,12539
12545,12541
12545,12542
12545,12543
12545,12548
12545,12549
12545,12552
12545,12553
12545,12612
12545,12704
12545,12786
12545,12936
12545,12937
12545,13092
12545,292
12545,291
12545,20
12545,1
12545,0
12546,12531
12546,12532
12546,12533
12546,12534
12546,12535
12546,12536
12546,12537
12546,12538
12546,12539
12546,12541
12546,12542
12546,12543
12546,12548
12546,12549
12546,12550
12546,12552
12546,12553
12546,12704
12546,12786
12546,12936
12546,12937
12546,64
12546,2
12546,0
12547,7687
12547,12531
12547,12532
12547,12533
12547,12534
12547,12535
12547,12536
12547,12537
12547,12539
12547,12541
12547,12542
12547,12543
12547,12549
12547,12550
12547,12553
12547,12704
12547,12786
12547,12936
12547,12937
12547,64
12547,2
12547,0
12548,12545
12548,12546
12548,12551
12548,12843
12548,12844
12548,12845
12548,2773
12548,3
12548,0
12549,12545
12549,12546
12549,12547
12549,12551
12549,12843
12549,12844
12549,12845
12549,2773
12549,3
12549,0
12550,12544
12550,12546
12550,12547
12550,12595
12550,12596
12550,4
12550,0
12551,12548
12551,12549
12551,8842
12551,3679
12551,1
12551,0
12552,1082
12552,1605
12552,2619
12552,3719
12552,4738
12552,8713
12552,10065
12552,10332
12552,11014
12552,12234
12552,12237
12552,12544
12552,12545
12552,12546
12552,1
12552,0
12553,12545
12553,12546
12553,12547
12553,12610
12553,12611
12553,12612
12553,12613
12553,12704
12553,4
12553,2
12553,0
12554,12534
12554,7345
12554,1229
12554,1186
12554,664
12554,291
12554,1
12555,12556
12555,3539
12555,1
12556,485
12556,909
12556,1104
12556,1105
12556,1253
12556,1434
12556,1631
12556,2506
12556,2507
12556,2661
12556,2914
12556,3054
12556,3747
12556,3933
12556,4561
12556,4563
12556,5070
12556,5404
12556,5841
12556,6546
12556,7574
12556,7959
12556,8219
12556,8272
12556,8508
12556,9208
12556,9248
12556,9707
12556,9743
12556,9907
12556,10406
12556,10859
12556,10902
12556,11047
12556,11075
12556,11076
12556,11474
12556,11476
12556,11655
12556,12555
12556,12829
12556,12830
12556,12831
12556,12832
12556,12833
12556,12834
12556,12836
12556,12837
12556,12838
12556,12839
12556,12840
12556,4678
12556,1230
12556,704
12556,479
12556,349
12556,283
12556,282
12556,185
12556,158
12556,53
12556,42
12556,1
12556,0
12557,456
12557,732
12557,927
12557,1119
12557,1453
12557,1649
12557,2063
12557,2321
12557,2516
12557,2898
12557,3068
12557,3420
12557,3576
12557,3578
12557,4132
12557,4275
12557,4583
12557,4942
12557,6162
12557,6298
12557,6426
12557,6906
12557,7065
12557,7346
12557,7457
12557,7589
12557,8240
12557,9721
12557,10114
12557,10381
12557,11090
12557,11287
12557,11288
12557,11486
12557,12089
12557,12846
12557,12847
12557,12848
12557,12849
12557,3203
12557,1343
12557,618
12557,602
12557,551
12557,532
12557,522
12557,407
12557,269
12557,231
12557,76
12557,2
12557,0
12559,534
12559,1155
12559,1163
12559,1706
12559,1956
12559,2378
12559,3318
12559,4837
12559,4973
12559,4974
12559,5280
12559,6034
12559,6645
12559,7249
12559,7253
12559,7500
12559,7614
12559,7753
12559,8313
12559,8323
12559,9089
12559,9308
12559,9570
12559,9981
12559,9987
12559,9988
12559,10542
12559,10672
12559,10955
12559,11146
12559,11151
12559,11730
12559,11731
12559,11737
12559,12149
12559,12588
12559,12589
12559,12590
12559,7305
12559,2473
12559,1331
12559,526
12559,369
12559,281
12559,146
12559,89
12559,1
12559,0
12560,417
12560,896
12560,1814
12560,2025
12560,2648
12560,3922
12560,4921
12560,5394
12560,5831
12560,6141
12560,6272
12560,6528
12560,9463
12560,9893
12560,10344
12560,10582
12560,10847
12560,12059
12560,12060
12560,12881
12560,2459
12560,1331
12560,526
12560,369
12560,146
12560,89
12560,10
12560,0
12561,703
12561,705
12561,2025
12561,2646
12561,3733
12561,4110
12561,4921
12561,6141
12561,6527
12561,6528
12561,6752
12561,6888
12561,7442
12561,7700
12561,9463
12561,9893
12561,10344
12561,10346
12561,10847
12561,11642
12561,12059
12561,12588
12561,12589
12561,12590
12561,12881
12561,1331
12561,526
12561,369
12561,89
12561,10
12561,0
12562,421
12562,2650
12562,4546
12562,6531
12562,8203
12562,9694
12562,12597
12562,12598
12562,12599
12562,251
12562,11
12562,0
12563,416
12563,895
12563,1089
12563,1423
12563,1616
12563,2647
12563,2649
12563,2876
12563,3232
12563,3233
12563,4256
12563,4382
12563,4383
12563,4537
12563,4922
12563,5059
12563,5061
12563,5212
12563,5396
12563,5830
12563,5973
12563,6140
12563,6271
12563,6751
12563,7325
12563,7564
12563,8198
12563,8455
12563,8727
12563,8999
12563,9464
12563,9691
12563,9892
12563,10343
12563,10846
12563,11062
12563,11260
12563,11462
12563,11870
12563,12597
12563,12598
12563,12612
12563,8374
12563,6215
12563,12
12563,0
12564,757
12564,1138
12564,1295
12564,1483
12564,2349
12564,2729
12564,3106
12564,3290
12564,3450
12564,3979
12564,3981
12564,4820
12564,5432
12564,6014
12564,6320
12564,6793
12564,7089
12564,9957
12564,9958
12564,10640
12564,11519
12564,11520
12564,11709
12564,12315
12564,12588
12564,12589
12564,12590
12564,12591
12564,7205
12564,3531
12564,1331
12564,526
12564,369
12564,146
12564,89
12564,13
12564,0
12565,414
12565,1086
12565,1088
12565,1245
12565,1614
12565,1812
12565,2024
12565,2645
12565,3228
12565,3230
12565,3554
12565,3730
12565,3920
12565,4255
12565,4380
12565,4535
12565,4773
12565,4919
12565,6139
12565,6268
12565,6269
12565,6403
12565,7185
12565,7322
12565,7323
12565,7888
12565,8725
12565,8995
12565,10342
12565,11258
12565,11640
12565,11641
12565,12057
12565,12588
12565,12589
12565,12590
12565,1331
12565,526
12565,369
12565,146
12565,89
12565,14
12565,0
12566,1086
12566,1614
12566,2020
12566,3230
12566,3404
12566,3730
12566,3920
12566,4255
12566,4919
12566,6522
12566,6525
12566,7185
12566,7322
12566,7323
12566,7888
12566,8995
12566,8996
12566,9889
12566,10579
12566,11258
12566,11460
12566,11640
12566,12253
12566,12588
12566,12589
12566,12590
12566,1331
12566,526
12566,369
12566,89
12566,14
12566,0
12567,719
12567,912
12567,913
12567,2053
12567,3251
12567,3252
12567,3749
12567,3937
12567,4269
12567,4396
12567,4934
12567,5844
12567,5981
12567,6416
12567,6552
12567,6762
12567,6763
12567,7059
12567,7199
12567,7910
12567,8744
12567,9013
12567,9015
12567,9483
12567,9709
12567,9910
12567,10362
12567,10862
12567,11274
12567,11881
12567,12274
12567,4677
12567,1331
12567,526
12567,369
12567,146
12567,89
12567,15
12567,0
12568,912
12568,1109
12568,1111
12568,2053
12568,3057
12568,3251
12568,3252
12568,3567
12568,3569
12568,3749
12568,3937
12568,4269
12568,4785
12568,4934
12568,5844
12568,5981
12568,6552
12568,6762
12568,6763
12568,6902
12568,7199
12568,7716
12568,7910
12568,8744
12568,9210
12568,9712
12568,9713
12568,9910
12568,10862
12568,11078
12568,11880
12568,11881
12568,12078
12568,12274
12568,12588
12568,12589
12568,12590
12568,1331
12568,526
12568,415
12568,369
12568,146
12568,89
12568,15
12568,0
12569,465
12569,1122
12569,2074
12569,2328
12569,2519
12569,2520
12569,2521
12569,2692
12569,3073
12569,4588
12569,4793
12569,5416
12569,5992
12569,6165
12569,8248
12569,8764
12569,9228
12569,9508
12569,10124
12569,10390
12569,10614
12569,10885
12569,10888
12569,11495
12569,12091
12569,5132
12569,1331
12569,526
12569,369
12569,146
12569,89
12569,16
12569,0
12570,465
12570,1853
12570,2074
12570,2519
12570,2521
12570,2692
12570,2900
12570,3073
12570,3075
12570,3424
12570,3580
12570,3583
12570,4414
12570,4793
12570,5089
12570,5416
12570,5992
12570,6165
12570,6301
12570,7591
12570,8248
12570,8764
12570,9508
12570,9512
12570,10124
12570,10614
12570,10885
12570,10888
12570,11491
12570,11675
12570,11902
12570,12588
12570,12589
12570,12590
12570,5132
12570,3329
12570,2683
12570,1331
12570,369
12570,146
12570,89
12570,16
12570,0
12571,981
12571,2129
12571,2133
12571,2770
12571,4006
12571,4658
12571,4841
12571,4847
12571,6035
12571,6463
12571,6647
12571,7380
12571,7756
12571,8004
12571,8315
12571,8317
12571,8567
12571,8819
12571,9092
12571,9794
12571,9797
12571,9985
12571,9995
12571,10193
12571,10462
12571,10948
12571,11152
12571,11733
12571,12151
12571,12588
12571,12589
12571,12590
12571,7238
12571,2459
12571,2326
12571,1331
12571,526
12571,369
12571,146
12571,89
12571,2
12571,0
12572,541
12572,977
12572,1161
12572,1322
12572,2130
12572,2399
12572,4312
12572,4317
12572,4669
12572,4978
12572,5283
12572,5284
12572,5451
12572,6049
12572,6464
12572,6642
12572,6941
12572,8013
12572,8820
12572,8842
12572,9093
12572,11156
12572,11345
12572,11547
12572,11558
12572,12346
12572,12588
12572,12589
12572,3194
12572,2459
12572,1867
12572,1331
12572,526
12572,369
12572,146
12572,89
12572,3
12572,0
12573,533
12573,553
12573,982
12573,984
12573,1159
12573,1241
12573,1418
12573,1611
12573,2639
12573,3225
12573,3324
12573,3480
12573,4525
12573,4661
12573,4981
12573,6653
12573,7257
12573,8721
12573,9316
12573,9784
12573,10077
12573,10574
12573,11636
12573,11862
12573,12153
12573,12250
12573,12588
12573,12589
12573,12590
12573,1331
12573,526
12573,402
12573,369
12573,146
12573,89
12573,4
12573,0
12574,522
12574,2947
12574,3121
12574,3626
12574,3995
12574,4304
12574,6657
12574,6932
12574,7491
12574,8329
12574,9315
12574,9786
12574,11742
12574,11932
12574,12141
12574,12330
12574,12344
12574,1331
12574,526
12574,369
12574,146
12574,89
12574,5
12574,0
12575,521
12575,781
12575,786
12575,1321
12575,2767
12575,2947
12575,3123
12575,3626
12575,3995
12575,5894
12575,6657
12575,7240
12575,7251
12575,7374
12575,7491
12575,7759
12575,9315
12575,10196
12575,10933
12575,10944
12575,11301
12575,11545
12575,11742
12575,11932
12575,12328
12575,12588
12575,12589
12575,12590
12575,1331
12575,526
12575,369
12575,146
12575,89
12575,5
12575,0
12576,509
12576,540
12576,2374
12576,2569
12576,2733
12576,2739
12576,3135
12576,4636
12576,5892
12576,6640
12576,7978
12576,7979
12576,9074
12576,9091
12576,9283
12576,10170
12576,11132
12576,1331
12576,526
12576,369
12576,146
12576,89
12576,6
12576,0
12577,505
12577,511
12577,540
12577,1893
12577,2569
12577,3321
12577,3633
12577,5892
12577,6640
12577,7981
12577,8290
12577,8795
12577,9065
12577,9074
12577,9276
12577,9572
12577,10454
12577,10643
12577,10644
12577,11343
12577,12588
12577,12589
12577,12590
12577,1331
12577,369
12577,146
12577,89
12577,6
12577,0
12578,1274
12578,1856
12578,2075
12578,2330
12578,2524
12578,2530
12578,2695
12578,3078
12578,3432
12578,5855
12578,5995
12578,6166
12578,6303
12578,6305
12578,6579
12578,6774
12578,7216
12578,8253
12578,8497
12578,8499
12578,9233
12578,9515
12578,9730
12578,10129
12578,10130
12578,10892
12578,11098
12578,11678
12578,12096
12578,3553
12578,1331
12578,526
12578,369
12578,146
12578,89
12578,7
12578,0
12579,338
12579,1274
12579,1460
12579,1657
12579,1856
12579,2075
12579,2695
12579,3078
12579,3430
12579,3433
12579,3585
12579,3588
12579,3764
12579,3959
12579,4138
12579,4416
12579,4418
12579,4592
12579,4800
12579,5995
12579,6166
12579,6305
12579,7216
12579,7464
12579,7592
12579,7593
12579,8497
12579,9038
12579,9040
12579,9515
12579,9727
12579,9730
12579,10129
12579,10618
12579,10620
12579,10892
12579,11098
12579,11297
12579,11298
12579,11497
12579,11499
12579,11678
12579,11906
12579,12096
12579,12297
12579,12588
12579,12589
12579,12590
12579,3553
12579,1331
12579,526
12579,369
12579,146
12579,89
12579,7
12579,0
12580,745
12580,1128
12580,1468
12580,2702
12580,3271
12580,3594
12580,3965
12580,4422
12580,4423
12580,4807
12580,5862
12580,7219
12580,7353
12580,7466
12580,7731
12580,8261
12580,8264
12580,9240
12580,9524
12580,10401
12580,11502
12580,1331
12580,369
12580,146
12580,89
12580,8
12580,0
12581,477
12581,1128
12581,1279
12581,1467
12581,1468
12581,2336
12581,2533
12581,2702
12581,2709
12581,3083
12581,3086
12581,3593
12581,3594
12581,3965
12581,4283
12581,4422
12581,4423
12581,5099
12581,5862
12581,5998
12581,6309
12581,7219
12581,7353
12581,7466
12581,7731
12581,8261
12581,8264
12581,8423
12581,9736
12581,10138
12581,10401
12581,11502
12581,12305
12581,12588
12581,12589
12581,12590
12581,7199
12581,3700
12581,1331
12581,526
12581,369
12581,146
12581,89
12581,8
12581,0
12583,12589
12583,369
12583,9
12583,0
12584,448
12584,916
12584,1259
12584,1441
12584,1637
12584,1837
12584,2676
12584,2892
12584,3415
12584,3941
12584,4128
12584,5982
12584,6294
12584,6766
12584,6875
12584,7172
12584,7433
12584,7920
12584,8232
12584,9021
12584,9215
12584,9917
12584,10607
12584,11081
12584,11887
12584,12588
12584,12589
12584,12590
12584,2459
12584,1331
12584,526
12584,369
12584,146
12584,122
12584,89
12584,1
12584,0
12585,159
12585,894
12585,1087
12585,1421
12585,2644
12585,4534
12585,6524
12585,6875
12585,7172
12585,7433
12585,7887
12585,8726
12585,9459
12585,9688
12585,9890
12585,10081
12585,10341
12585,11061
12585,11867
12585,12058
12585,12255
12585,12597
12585,12598
12585,12599
12585,12614
12585,6753
12585,251
12585,152
12585,3
12585,0
12586,4781
12586,4931
12586,1
12586,0
12587,12610
12587,12784
12587,12787
12587,6384
12587,1
12587,0
12588,12450
12588,12559
12588,12561
12588,12564
12588,12565
12588,12566
12588,12568
12588,12570
12588,12571
12588,12572
12588,12573
12588,12575
12588,12577
12588,12579
12588,12581
12588,12584
12588,12591
12588,12604
12588,12606
12588,12607
12588,12608
12588,12609
12588,12610
12588,12611
12588,12613
12588,12622
12588,12729
12588,12730
12588,12783
12588,12784
12588,12787
12588,12788
12588,12946
12588,12947
12588,13080
12588,6721
12588,208
12588,2
12588,0
12589,4658
12589,12559
12589,12561
12589,12564
12589,12565
12589,12566
12589,12568
12589,12570
12589,12571
12589,12572
12589,12573
12589,12575
12589,12577
12589,12579
12589,12581
12589,12583
12589,12584
12589,12591
12589,12592
12589,12593
12589,12594
12589,12601
12589,12604
12589,12606
12589,12607
12589,12608
12589,12609
12589,12610
12589,12611
12589,12612
12589,12613
12589,12622
12589,12729
12589,12730
12589,12783
12589,12784
12589,12787
12589,12788
12589,12946
12589,12947
12589,13080
12589,630
12589,208
12589,152
12589,2
12589,0
12590,12450
12590,12559
12590,12561
12590,12564
12590,12565
12590,12566
12590,12568
12590,12570
12590,12571
12590,12573
12590,12575
12590,12577
12590,12579
12590,12581
12590,12584
12590,12591
12590,12604
12590,12606
12590,12607
12590,12608
12590,12609
12590,12610
12590,12611
12590,12613
12590,12622
12590,12729
12590,12730
12590,12783
12590,12784
12590,12787
12590,12788
12590,12946
12590,12947
12590,13080
12590,6721
12590,6384
12590,208
12590,152
12590,2
12590,0
12591,12564
12591,12588
12591,12589
12591,12590
12591,12596
12591,12598
12591,12599
12591,12600
12591,12841
12591,12842
12591,12918
12591,12995
12591,12996
12591,13042
12591,13130
12591,7060
12591,2765
12591,1331
12591,570
12591,558
12591,516
12591,399
12591,270
12591,93
12591,4
12591,3
12591,0
12592,12589
12592,12596
12592,12597
12592,12598
12592,12599
12592,12842
12592,12994
12592,12995
12592,12996
12592,13042
12592,1331
12592,1069
12592,570
12592,526
12592,146
12592,3
12592,0
12593,12589
12593,12596
12593,12598
12593,12599
12593,12600
12593,12841
12593,12842
12593,12995
12593,12996
12593,13041
12593,13042
12593,2765
12593,1331
12593,570
12593,3
12593,0
12594,12589
12594,12598
12594,12599
12594,12842
12594,12994
12594,12995
12594,12996
12594,13042
12594,1331
12594,1069
12594,570
12594,251
12594,3
12594,0
12595,12550
12595,13076
12595,13077
12595,8581
12595,2459
12595,4
12595,0
12596,12550
12596,12591
12596,12592
12596,12593
12596,13076
12596,13077
12596,8581
12596,2459
12596,93
12596,4
12596,0
12597,2404
12597,6638
12597,6868
12597,10218
12597,12562
12597,12563
12597,12585
12597,12592
12597,12607
12597,12608
12597,12609
12597,12610
12597,12611
12597,12612
12597,12613
12597,12616
12597,12617
12597,12696
12597,12707
12597,12708
12597,12709
12597,12776
12597,12885
12597,12952
12597,630
12597,152
12597,5
12597,0
12598,2404
12598,6256
12598,6868
12598,10218
12598,12562
12598,12563
12598,12585
12598,12591
12598,12592
12598,12593
12598,12594
12598,12608
12598,12610
12598,12611
12598,12612
12598,12613
12598,12616
12598,12617
12598,12696
12598,12707
12598,12708
12598,12709
12598,12776
12598,12841
12598,12885
12598,12952
12598,630
12598,5
12598,0
12599,6868
12599,12562
12599,12585
12599,12591
12599,12592
12599,12593
12599,12594
12599,12607
12599,12608
12599,12609
12599,12610
12599,12611
12599,12612
12599,12613
12599,12616
12599,12617
12599,12696
12599,12707
12599,12708
12599,12709
12599,12776
12599,12789
12599,12842
12599,12885
12599,12952
12599,630
12599,152
12599,136
12599,4
12599,6
12599,0
12600,12591
12600,12593
12600,12607
12600,12608
12600,12609
12600,12610
12600,12611
12600,12612
12600,12613
12600,8575
12600,8492
12600,8419
12600,8418
12600,8371
12600,7099
12600,6699
12600,5136
12600,2997
12600,2186
12600,1956
12600,630
12600,520
12600,152
12600,0
12601,12589
12601,2739
12601,1
12601,0
12604,615
12604,2292
12604,8055
12604,8057
12604,8378
12604,8380
12604,8617
12604,8871
12604,8873
12604,9454
12604,10502
12604,10838
12604,10839
12604,11454
12604,11632
12604,12048
12604,12588
12604,12589
12604,12590
12604,3589
12604,1331
12604,526
12604,369
12604,146
12604,89
12604,1
12604,0
12605,557
12605,605
12605,2139
12605,3179
12605,4660
12605,4668
12605,8566
12605,9096
12605,9310
12605,9353
12605,10199
12605,12352
12605,1331
12605,526
12605,369
12605,146
12605,89
12605,2
12605,0
12606,605
12606,787
12606,790
12606,1325
12606,2810
12606,4668
12606,6659
12606,8560
12606,9307
12606,9314
12606,10256
12606,12352
12606,12588
12606,12589
12606,12590
12606,1331
12606,526
12606,369
12606,89
12606,2
12606,0
12607,12588
12607,12589
12607,12590
12607,12597
12607,12599
12607,12600
12607,12610
12607,12611
12607,12613
12607,12857
12607,12858
12607,13010
12607,13011
12607,8843
12607,1924
12607,705
12607,528
12607,526
12607,516
12607,369
12607,265
12607,146
12607,4
12607,1
12607,0
12608,12588
12608,12589
12608,12590
12608,12597
12608,12598
12608,12599
12608,12600
12608,12610
12608,12611
12608,12613
12608,12857
12608,12858
12608,13010
12608,13011
12608,1924
12608,705
12608,558
12608,528
12608,526
12608,516
12608,369
12608,270
12608,265
12608,251
12608,146
12608,1
12608,0
12609,12455
12609,12588
12609,12589
12609,12590
12609,12597
12609,12599
12609,12600
12609,12610
12609,12611
12609,12613
12609,12857
12609,12858
12609,13010
12609,13011
12609,1924
12609,705
12609,558
12609,528
12609,526
12609,516
12609,369
12609,270
12609,265
12609,146
12609,1
12609,0
12610,12553
12610,12587
12610,12588
12610,12589
12610,12590
12610,12597
12610,12598
12610,12599
12610,12600
12610,12607
12610,12608
12610,12609
12610,12679
12610,13049
12610,13050
12610,13051
12610,13076
12610,1924
12610,1331
12610,630
12610,558
12610,526
12610,516
12610,270
12610,146
12610,93
12610,89
12610,4
12610,2
12610,0
12611,12553
12611,12588
12611,12589
12611,12590
12611,12597
12611,12598
12611,12599
12611,12600
12611,12607
12611,12608
12611,12609
12611,12679
12611,13049
12611,13050
12611,13051
12611,13076
12611,13077
12611,1924
12611,1331
12611,630
12611,558
12611,526
12611,516
12611,270
12611,251
12611,146
12611,93
12611,89
12611,4
12611,2
12611,0
12612,12545
12612,12553
12612,12563
12612,12589
12612,12597
12612,12598
12612,12599
12612,12600
12612,12620
12612,12679
12612,12767
12612,13049
12612,13050
12612,13075
12612,13076
12612,13077
12612,7060
12612,6746
12612,1924
12612,1331
12612,558
12612,516
12612,416
12612,270
12612,152
12612,93
12612,89
12612,4
12612,2
12612,0
12613,12553
12613,12588
12613,12589
12613,12590
12613,12597
12613,12598
12613,12599
12613,12600
12613,12607
12613,12608
12613,12609
12613,12679
12613,13049
12613,13050
12613,13076
12613,1924
12613,1331
12613,558
12613,526
12613,516
12613,270
12613,251
12613,146
12613,89
12613,2
12613,0
12614,2667
12614,12585
12614,1
12614,0
12616,25
12616,290
12616,310
12616,313
12616,318
12616,322
12616,325
12616,332
12616,335
12616,370
12616,1176
12616,1724
12616,2397
12616,2781
12616,2964
12616,3333
12616,3648
12616,4679
12616,5675
12616,9324
12616,9593
12616,9805
12616,11164
12616,11362
12616,11557
12616,11749
12616,11950
12616,12597
12616,12598
12616,12599
12616,8669
12616,1781
12616,1712
12616,251
12616,1
12616,0
12617,987
12617,1100
12617,1251
12617,1326
12617,1428
12617,1624
12617,1824
12617,2307
12617,2880
12617,2928
12617,2957
12617,3453
12617,3741
12617,4012
12617,4189
12617,4551
12617,4824
12617,5111
12617,6149
12617,6182
12617,6347
12617,7091
12617,7332
12617,7484
12617,7525
12617,7788
12617,8735
12617,9994
12617,10854
12617,11070
12617,12353
12617,12597
12617,12598
12617,12599
12617,8573
12617,251
12617,1
12617,0
12618,972
12618,1488
12618,1502
12618,2551
12618,2930
12618,2942
12618,3112
12618,3304
12618,3456
12618,3793
12618,4295
12618,5124
12618,5442
12618,5889
12618,6188
12618,6322
12618,6332
12618,6444
12618,6452
12618,6459
12618,6634
12618,7104
12618,7245
12618,7369
12618,7609
12618,7747
12618,8320
12618,9083
12618,10918
12618,10936
12618,11126
12618,11140
12618,11330
12618,11334
12618,11533
12618,11713
12618,11935
12618,12125
12618,12500
12618,12501
12618,12869
12618,2480
12618,1
12618,0
12619,1186
12619,1531
12619,1733
12619,2155
12619,2157
12619,2410
12619,2590
12619,2794
12619,3166
12619,3342
12619,3506
12619,4210
12619,5003
12619,5473
12619,6059
12619,6060
12619,6356
12619,6678
12619,6957
12619,7123
12619,7395
12619,7519
12619,7632
12619,7774
12619,8036
12619,8351
12619,8590
12619,8591
12619,8850
12619,9118
12619,9393
12619,10226
12619,10700
12619,10978
12619,11180
12619,11570
12619,11761
12619,12372
12619,12373
12619,12465
12619,12505
12619,12506
12619,2
12619,0
12620,1244
12620,2387
12620,2487
12620,2570
12620,2875
12620,2959
12620,3137
12620,3221
12620,3226
12620,3399
12620,3485
12620,3550
12620,3812
12620,4013
12620,4181
12620,4372
12620,4986
12620,5449
12620,5829
12620,6036
12620,6134
12620,6521
12620,7180
12620,7563
12620,7613
12620,7758
12620,8196
12620,8451
12620,10340
12620,10576
12620,11058
12620,11257
12620,12612
12620,12679
12620,1
12620,0
12621,709
12621,903
12621,1071
12621,1099
12621,2306
12621,2500
12621,2879
12621,3560
12621,3928
12621,4117
12621,4388
12621,4929
12621,6894
12621,8146
12621,8206
12621,8935
12621,9422
12621,9472
12621,9699
12621,9904
12621,10088
12621,10169
12621,10354
12621,10591
12621,10819
12621,11069
12621,11265
12621,11426
12621,12679
12621,3187
12621,2195
12621,447
12621,2
12621,0
12622,1183
12622,1334
12622,1908
12622,2174
12622,2357
12622,2425
12622,2557
12622,2584
12622,2602
12622,2939
12622,2970
12622,2989
12622,2996
12622,3159
12622,3329
12622,3339
12622,3645
12622,3831
12622,4026
12622,4043
12622,4167
12622,4337
12622,4852
12622,4987
12622,5016
12622,5115
12622,5140
12622,5293
12622,5297
12622,5461
12622,5907
12622,6043
12622,6353
12622,6468
12622,6477
12622,6492
12622,6825
12622,6953
12622,7116
12622,7262
12622,7272
12622,7392
12622,7488
12622,7509
12622,7517
12622,7528
12622,7621
12622,8346
12622,8844
12622,9113
12622,9329
12622,10008
12622,10694
12622,11171
12622,11367
12622,11564
12622,11756
12622,12365
12622,12588
12622,12589
12622,12590
12622,1331
12622,526
12622,369
12622,146
12622,89
12622,1
12622,0
12623,625
12623,837
12623,1024
12623,1203
12623,1363
12623,1551
12623,1761
12623,2188
12623,2190
12623,2612
12623,3676
12623,3841
12623,4229
12623,4345
12623,4493
12623,4494
12623,6235
12623,6373
12623,6375
12623,6708
12623,7406
12623,7533
12623,8064
12623,8628
12623,8879
12623,8880
12623,9842
12623,10038
12623,10515
12623,11206
12623,11207
12623,11403
12623,11788
12623,11789
12623,11990
12623,12500
12623,12501
12623,8332
12623,6225
12623,6205
12623,6204
12623,3074
12623,2345
12623,1
12623,0
12624,12691
12624,12692
12624,1
12624,0
12625,734
12625,1270
12625,2899
12625,4276
12625,4410
12625,4943
12625,5848
12625,6570
12625,8490
12625,8756
12625,9030
12625,10116
12625,10382
12625,11092
12625,11289
12625,12290
12625,12691
12625,12692
12625,7299
12625,1958
12625,1688
12625,1101
12625,649
12625,2
12625,0
12626,1681
12626,2096
12626,2098
12626,3103
12626,3447
12626,3977
12626,4154
12626,4155
12626,4819
12626,5258
12626,5871
12626,6790
12626,6921
12626,7967
12626,8522
12626,8524
12626,8786
12626,9058
12626,9546
12626,10154
12626,12920
12626,12921
12626,12922
12626,713
12626,1
12626,0
12627,552
12627,1158
12627,1327
12627,1713
12627,1730
12627,1896
12627,2149
12627,2400
12627,2575
12627,2955
12627,3142
12627,3637
12627,4008
12627,4684
12627,4848
12627,4982
12627,5130
12627,5288
12627,5899
12627,6051
12627,6214
12627,6344
12627,6650
12627,6943
12627,7270
12627,7504
12627,7616
12627,7623
12627,8331
12627,8581
12627,9103
12627,9991
12627,10006
12627,10458
12627,10464
12627,10676
12627,10951
12627,11170
12627,11366
12627,11549
12627,11562
12627,11941
12627,12355
12627,12679
12627,1889
12627,1
12627,0
12628,12512
12628,8620
12628,3695
12628,1
12629,12797
12629,12798
12629,207
12629,1
12630,12680
12630,1876
12630,1
12631,361
12631,484
12631,1285
12631,1863
12631,2714
12631,2913
12631,3276
12631,3440
12631,4146
12631,4425
12631,4603
12631,5251
12631,6000
12631,6591
12631,7076
12631,7221
12631,8271
12631,8777
12631,9249
12631,9529
12631,9744
12631,9946
12631,10142
12631,10628
12631,10901
12631,11109
12631,11308
12631,11509
12631,13043
12631,13045
12631,13046
12631,13047
12631,1256
12631,1217
12631,560
12631,1
12631,0
12632,8222
12632,12653
12632,12655
12632,6589
12632,1
12632,0
12633,136
12633,494
12633,755
12633,1473
12633,1674
12633,2536
12633,2713
12633,3089
12633,3968
12633,4424
12633,6784
12633,7074
12633,7470
12633,8268
12633,8270
12633,8520
12633,8776
12633,9246
12633,9260
12633,10900
12633,11508
12633,11699
12633,12643
12633,12646
12633,12658
12633,12659
12633,1884
12633,191
12633,1
12633,0
12634,539
12634,780
12634,1156
12634,1317
12634,1506
12634,2376
12634,2760
12634,3634
12634,4180
12634,4310
12634,4655
12634,4840
12634,4975
12634,5128
12634,6639
12634,7501
12634,7612
12634,7752
12634,8001
12634,8316
12634,8553
12634,8816
12634,9088
12634,9398
12634,9569
12634,9573
12634,9785
12634,9980
12634,9984
12634,10452
12634,10455
12634,10941
12634,10942
12634,11729
12634,12343
12634,12663
12634,12668
12634,12669
12634,12736
12634,2051
12634,1280
12634,10
12634,0
12635,12669
12635,11
12635,0
12636,493
12636,707
12636,953
12636,1676
12636,2498
12636,3235
12636,3286
12636,3407
12636,3606
12636,3975
12636,4151
12636,6009
12636,6178
12636,6317
12636,6441
12636,6532
12636,6599
12636,6920
12636,7084
12636,7966
12636,8282
12636,8785
12636,9057
12636,9469
12636,9696
12636,9954
12636,10084
12636,10351
12636,10634
12636,11316
12636,11645
12636,12668
12636,12669
12636,8150
12636,7249
12636,7227
12636,2051
12636,1280
12636,13
12636,0
12637,524
12637,1306
12637,1698
12637,2361
12637,2363
12637,3122
12637,3308
12637,3466
12637,3797
12637,4645
12637,4966
12637,5445
12637,6191
12637,6453
12637,7238
12637,7371
12637,7987
12637,8542
12637,8807
12637,9292
12637,9293
12637,9561
12637,9774
12637,10438
12637,10653
12637,11535
12637,11721
12637,11722
12637,7154
12637,1884
12637,650
12637,191
12637,14
12637,0
12638,524
12638,1306
12638,1698
12638,1886
12638,2114
12638,2363
12638,3120
12638,3308
12638,3466
12638,3797
12638,4303
12638,4645
12638,5445
12638,6025
12638,6191
12638,6453
12638,7238
12638,7371
12638,7987
12638,7989
12638,8542
12638,8807
12638,9292
12638,9293
12638,9561
12638,9774
12638,10438
12638,10439
12638,10653
12638,10654
12638,10934
12638,11535
12638,11721
12638,11722
12638,11939
12638,12331
12638,12658
12638,12659
12638,7154
12638,2274
12638,1884
12638,191
12638,14
12638,0
12639,1129
12639,1130
12639,2726
12639,2727
12639,2918
12639,2923
12639,3105
12639,3281
12639,3441
12639,4616
12639,6594
12639,7472
12639,7476
12639,7599
12639,9059
12639,9548
12639,9746
12639,9754
12639,9756
12639,10144
12639,10416
12639,10639
12639,10905
12639,10912
12639,11696
12639,12646
12639,12658
12639,12659
12639,1884
12639,191
12639,118
12639,2
12639,0
12640,1475
12640,2090
12640,2539
12640,2758
12640,3093
12640,3095
12640,4429
12640,4609
12640,4654
12640,7222
12640,9255
12640,9747
12640,10632
12640,11112
12640,11113
12640,12109
12640,12110
12640,12658
12640,12659
12640,1884
12640,191
12640,3
12640,0
12641,2952
12641,9975
12641,10447
12641,10665
12641,1884
12641,650
12641,191
12641,4
12641,0
12642,677
12642,1312
12642,2757
12642,4651
12642,5274
12642,7998
12642,8551
12642,9086
12642,9568
12642,10660
12642,11938
12642,12658
12642,12659
12642,1884
12642,650
12642,191
12642,4
12642,0
12643,491
12643,750
12643,1132
12643,1671
12643,1865
12643,1866
12643,2538
12643,2719
12643,2917
12643,3097
12643,4428
12643,5425
12643,7224
12643,8510
12643,9254
12643,9539
12643,10633
12643,11114
12643,12112
12643,12633
12643,8754
12643,1884
12643,650
12643,191
12643,5
12643,0
12644,297
12644,750
12644,948
12644,1288
12644,1289
12644,1671
12644,2343
12644,2538
12644,2719
12644,2721
12644,2917
12644,3092
12644,3097
12644,3971
12644,4428
12644,4611
12644,5425
12644,6312
12644,7078
12644,7079
12644,7224
12644,7735
12644,8510
12644,8781
12644,9254
12644,9256
12644,9539
12644,10633
12644,11114
12644,11512
12644,12112
12644,12646
12644,12658
12644,12659
12644,7240
12644,2320
12644,1884
12644,191
12644,5
12644,0
12645,1474
12645,191
12645,6
12645,0
12646,483
12646,1286
12646,1472
12646,1474
12646,1667
12646,1862
12646,2085
12646,2537
12646,2915
12646,3088
12646,3090
12646,3599
12646,4601
12646,4604
12646,5864
12646,6001
12646,6438
12646,6592
12646,6593
12646,6783
12646,6915
12646,7597
12646,7958
12646,8273
12646,8775
12646,9533
12646,11695
12646,12106
12646,12633
12646,12639
12646,12644
12646,2348
12646,1884
12646,545
12646,339
12646,191
12646,6
12646,0
12647,483
12647,486
12647,747
12647,942
12647,1284
12647,1474
12647,1665
12647,1666
12647,1667
12647,1862
12647,2085
12647,2915
12647,3088
12647,3090
12647,3274
12647,3439
12647,3598
12647,3969
12647,4144
12647,4601
12647,4604
12647,4954
12647,5101
12647,5864
12647,6001
12647,6174
12647,6438
12647,6592
12647,7073
12647,7075
12647,7469
12647,7597
12647,7958
12647,8273
12647,8509
12647,9051
12647,9247
12647,10404
12647,10898
12647,11108
12647,11695
12647,11698
12647,12105
12647,12658
12647,12659
12647,7233
12647,1884
12647,339
12647,191
12647,157
12647,6
12647,0
12648,12668
12648,7
12648,0
12649,7663
12649,12668
12649,8
12649,0
12650,546
12650,6644
12650,9306
12650,9425
12650,9787
12650,12668
12650,12669
12650,7223
12650,2051
12650,1280
12650,9
12650,0
12651,12660
12651,12663
12651,12665
12651,8518
12651,0
12652,12462
12652,12659
12652,650
12652,1
12652,0
12653,956
12653,1137
12653,1482
12653,1683
12653,2348
12653,2545
12653,2653
12653,2728
12653,2925
12653,4156
12653,4293
12653,4435
12653,4776
12653,4959
12653,6538
12653,7898
12653,9263
12653,9549
12653,11122
12653,11707
12653,12632
12653,12658
12653,12659
12653,7200
12653,1884
12653,191
12653,1
12653,0
12654,356
12654,631
12654,12139
12654,12462
12654,2051
12654,1280
12654,2
12654,0
12655,356
12655,631
12655,1144
12655,1500
12655,4644
12655,8627
12655,8806
12655,9063
12655,9968
12655,10175
12655,10437
12655,11137
12655,11720
12655,12139
12655,12327
12655,12632
12655,12668
12655,12669
12655,1806
12655,1588
12655,1487
12655,1456
12655,2
12655,0
12656,18
12656,49
12656,100
12656,393
12656,631
12656,1116
12656,1444
12656,2057
12656,3982
12656,4437
12656,4573
12656,4961
12656,5263
12656,8233
12656,9438
12656,9491
12656,9717
12656,9919
12656,10103
12656,10369
12656,10421
12656,12668
12656,12669
12656,2051
12656,610
12656,3
12656,0
12657,9204
12657,9905
12657,10357
12657,1
12657,0
12658,12633
12658,12638
12658,12639
12658,12640
12658,12642
12658,12644
12658,12647
12658,12653
12658,12665
12658,12666
12658,12672
12658,2336
12658,2
12658,0
12659,12633
12659,12638
12659,12639
12659,12640
12659,12642
12659,12644
12659,12647
12659,12652
12659,12653
12659,12660
12659,12661
12659,12663
12659,12664
12659,12667
12659,12672
12659,2
12659,0
12660,12503
12660,12504
12660,12651
12660,12659
12660,12668
12660,12669
12660,12670
12660,12728
12660,12754
12660,12756
12660,6744
12660,5127
12660,3630
12660,502
12660,191
12660,3
12660,0
12661,12503
12661,12504
12661,12659
12661,12667
12661,12668
12661,12669
12661,12670
12661,12728
12661,12754
12661,12756
12661,8421
12661,5777
12661,3131
12661,1551
12661,191
12661,3
12661,0
12662,12503
12662,12504
12662,12728
12662,12754
12662,12756
12662,2051
12662,1280
12662,3
12662,0
12663,12503
12663,12504
12663,12634
12663,12651
12663,12659
12663,12667
12663,12668
12663,12669
12663,12670
12663,12728
12663,12754
12663,12755
12663,12756
12663,12997
12663,8421
12663,3131
12663,1551
12663,1234
12663,191
12663,97
12663,3
12663,0
12664,12503
12664,12504
12664,12659
12664,12665
12664,12666
12664,12667
12664,12668
12664,12669
12664,12670
12664,12724
12664,12728
12664,12754
12664,12756
12664,12757
12664,2336
12664,650
12664,191
12664,97
12664,3
12664,0
12665,12517
12665,12651
12665,12658
12665,12664
12665,12668
12665,12669
12665,12670
12665,12695
12665,12736
12665,12932
12665,6744
12665,5127
12665,3630
12665,2630
12665,1884
12665,650
12665,502
12665,4
12665,0
12666,11347
12666,12517
12666,12658
12666,12664
12666,12668
12666,12669
12666,12691
12666,12694
12666,12695
12666,12735
12666,12736
12666,12932
12666,2630
12666,2051
12666,1884
12666,1280
12666,4
12666,0
12667,12517
12667,12659
12667,12661
12667,12663
12667,12664
12667,12695
12667,12736
12667,12932
12667,2630
12667,1551
12667,4
12667,0
12668,1525
12668,4310
12668,12634
12668,12636
12668,12648
12668,12649
12668,12650
12668,12655
12668,12656
12668,12660
12668,12661
12668,12663
12668,12664
12668,12665
12668,12666
12668,12705
12668,12706
12668,12879
12668,12880
12668,13082
12668,2336
12668,5
12668,0
12669,12634
12669,12635
12669,12636
12669,12650
12669,12655
12669,12656
12669,12660
12669,12661
12669,12663
12669,12664
12669,12665
12669,12666
12669,12705
12669,12706
12669,12879
12669,12880
12669,13082
12669,2336
12669,6
12669,0
12670,12660
12670,12661
12670,12663
12670,12664
12670,12665
12670,8670
12670,4291
12670,3444
12670,1875
12670,1864
12670,83
12670,0
12671,9259
12671,9543
12671,1884
12671,191
12671,1
12671,0
12672,1479
12672,9259
12672,10636
12672,12658
12672,12659
12672,1884
12672,650
12672,191
12672,1
12672,0
12673,1278
12673,2699
12673,2910
12673,3082
12673,3269
12673,3962
12673,4421
12673,4804
12673,5098
12673,5248
12673,6172
12673,6436
12673,6586
12673,6780
12673,7072
12673,7951
12673,8260
12673,8503
12673,9238
12673,9735
12673,10137
12673,10399
12673,10623
12673,11102
12673,11303
12673,11304
12673,11688
12673,11909
12673,12500
12673,12501
12673,8578
12673,1
12673,0
12674,419
12674,711
12674,898
12674,1092
12674,1818
12674,2030
12674,2300
12674,2308
12674,2877
12674,2881
12674,3557
12674,3924
12674,4555
12674,4774
12674,4780
12674,4923
12674,5834
12674,5839
12674,6151
12674,6276
12674,6284
12674,9198
12674,9203
12674,9467
12674,9692
12674,10349
12674,10855
12674,11464
12674,11644
12674,11877
12674,12070
12674,12266
12674,12679
12674,1
12674,0
12675,1079
12675,1239
12675,1415
12675,1809
12675,2491
12675,2629
12675,2640
12675,3394
12675,3406
12675,3552
12675,4113
12675,4368
12675,5390
12675,5826
12675,6138
12675,6401
12675,6744
12675,7320
12675,7893
12675,8435
12675,8448
12675,9004
12675,10561
12675,11067
12675,11254
12675,11859
12675,12231
12675,12679
12675,2
12675,0
12676,795
12676,796
12676,1175
12676,1177
12676,1520
12676,1723
12676,2145
12676,2396
12676,2579
12676,2581
12676,3493
12676,3650
12676,3818
12676,4678
12676,4680
12676,6210
12676,6348
12676,6471
12676,6668
12676,6820
12676,6822
12676,7263
12676,7264
12676,7387
12676,7513
12676,8336
12676,8577
12676,8578
12676,8836
12676,10209
12676,10964
12676,10965
12676,11165
12676,11360
12676,11555
12676,11951
12676,12160
12676,12161
12676,12362
12676,12679
12676,2281
12676,3
12676,0
12677,19
12677,50
12677,394
12677,687
12677,1229
12677,5644
12677,7028
12677,10207
12677,10961
12677,12679
12677,7039
12677,1310
12677,2
12677,0
12678,9415
12678,12679
12678,12920
12678,12935
12678,1
12678,0
12679,6476
12679,9415
12679,11956
12679,12529
12679,12540
12679,12610
12679,12611
12679,12612
12679,12613
12679,12620
12679,12621
12679,12627
12679,12674
12679,12675
12679,12676
12679,12677
12679,12678
12679,12697
12679,12935
12679,4
12679,2
12679,0
12680,1384
12680,1386
12680,1563
12680,1776
12680,2064
12680,3577
12680,4061
12680,4509
12680,4582
12680,4895
12680,6859
12680,6989
12680,6992
12680,7545
12680,9028
12680,9501
12680,11089
12680,11807
12680,12418
12680,12630
12680,12691
12680,12692
12680,1958
12680,1
12680,0
12681,917
12681,919
12681,1260
12681,1263
12681,1445
12681,1447
12681,1640
12681,1839
12681,1841
12681,1843
12681,2059
12681,3416
12681,3572
12681,4130
12681,4272
12681,4404
12681,4405
12681,5078
12681,5229
12681,5408
12681,5409
12681,5845
12681,6418
12681,6420
12681,6562
12681,7202
12681,7205
12681,7206
12681,7430
12681,7719
12681,7721
12681,7923
12681,8480
12681,8483
12681,8749
12681,9216
12681,9716
12681,9920
12681,10368
12681,10372
12681,10870
12681,11083
12681,11084
12681,11281
12681,11665
12681,11666
12681,12691
12681,12692
12681,8725
12681,7208
12681,1958
12681,13
12681,0
12682,727
12682,922
12682,1117
12682,1266
12682,1644
12682,1845
12682,2062
12682,2318
12682,3946
12682,4131
12682,4407
12682,4788
12682,5233
12682,5411
12682,5987
12682,6159
12682,6297
12682,6423
12682,6564
12682,6771
12682,7208
12682,7209
12682,7456
12682,7585
12682,7586
12682,7724
12682,7725
12682,7924
12682,8237
12682,8486
12682,9024
12682,9495
12682,9497
12682,9923
12682,10109
12682,10376
12682,11087
12682,11895
12682,12085
12682,12086
12682,12691
12682,12692
12682,8441
12682,1958
12682,1686
12682,506
12682,14
12682,0
12683,403
12683,883
12683,1045
12683,1409
12683,1568
12683,1944
12683,2223
12683,2225
12683,2622
12683,2868
12683,3041
12683,4064
12683,4519
12683,4520
12683,4910
12683,5346
12683,6396
12683,7154
12683,7808
12683,8437
12683,8657
12683,8715
12683,9161
12683,9657
12683,9682
12683,9859
12683,11226
12683,12019
12683,12208
12683,12422
12683,12423
12683,12691
12683,12692
12683,8694
12683,8388
12683,1958
12683,2
12683,0
12684,891
12684,1419
12684,1603
12684,1612
12684,2483
12684,3218
12684,3718
12684,4104
12684,7175
12684,9887
12684,10078
12684,11256
12684,11451
12684,12045
12684,12691
12684,12692
12684,1958
12684,3
12684,0
12685,12692
12685,4
12685,0
12686,4580
12686,12691
12686,12692
12686,6
12686,0
12687,10
12687,452
12687,921
12687,1844
12687,1846
12687,2061
12687,3417
12687,4274
12687,4406
12687,5986
12687,6770
12687,7584
12687,9022
12687,9219
12687,9494
12687,10112
12687,10375
12687,10610
12687,11086
12687,11284
12687,11670
12687,11892
12687,12691
12687,12692
12687,1958
12687,7
12687,0
12688,1975
12688,7459
12688,8492
12688,9034
12688,10120
12688,10384
12688,10882
12688,11094
12688,11488
12688,11898
12688,12691
12688,12692
12688,3690
12688,1958
12688,1
12688,0
12689,2284
12689,7930
12689,8491
12689,9225
12689,9503
12689,9929
12689,10119
12689,10383
12689,10879
12689,12464
12689,12691
12689,12692
12689,2
12689,0
12690,125
12690,1000
12690,7929
12690,8241
12690,8531
12690,12691
12690,12692
12690,1958
12690,1804
12690,1457
12690,3
12690,0
12691,801
12691,12624
12691,12625
12691,12666
12691,12680
12691,12681
12691,12682
12691,12683
12691,12684
12691,12686
12691,12687
12691,12688
12691,12689
12691,12690
12691,12693
12691,12695
12691,13052
12691,13053
12691,1
12691,0
12692,9174
12692,12624
12692,12625
12692,12680
12692,12681
12692,12682
12692,12683
12692,12684
12692,12685
12692,12686
12692,12687
12692,12688
12692,12689
12692,12690
12692,12693
12692,12694
12692,12695
12692,13052
12692,13053
12692,7744
12692,2
12692,0
12693,12691
12693,12692
12693,12997
12693,12998
12693,12999
12693,13054
12693,1958
12693,1234
12693,3
12693,0
12694,12666
12694,12692
12694,12695
12694,12998
12694,13054
12694,3
12694,0
12695,12665
12695,12666
12695,12667
12695,12691
12695,12692
12695,12694
12695,12736
12695,2336
12695,1958
12695,4
12695,0
12696,530
12696,773
12696,774
12696,971
12696,1151
12696,1890
12696,2563
12696,2753
12696,2948
12696,3127
12696,3629
12696,4306
12696,4967
12696,5273
12696,5446
12696,6457
12696,6632
12696,6809
12696,7375
12696,7750
12696,7991
12696,8307
12696,8308
12696,8547
12696,8549
12696,8809
12696,9081
12696,9300
12696,10184
12696,10185
12696,10658
12696,11726
12696,12337
12696,12597
12696,12598
12696,12599
12696,251
12696,1
12696,0
12697,407
12697,1084
12697,1609
12697,2489
12697,3723
12697,4251
12697,4375
12697,4915
12697,5205
12697,5388
12697,6137
12697,8192
12697,8719
12697,8985
12697,10076
12697,10338
12697,11634
12697,12051
12697,12679
12697,8376
12697,1
12697,0
12698,12906
12698,1
12698,0
12699,699
12699,890
12699,1053
12699,1240
12699,1417
12699,1610
12699,2492
12699,3224
12699,4376
12699,4771
12699,5206
12699,11457
12699,12249
12699,12906
12699,12907
12699,6947
12699,1210
12699,2
12699,0
12700,2016
12700,2638
12700,2871
12700,3916
12700,4524
12700,4914
12700,5057
12700,5825
12700,6267
12700,6518
12700,7696
12700,7883
12700,8191
12700,8986
12700,9886
12700,10075
12700,11057
12700,11633
12700,12050
12700,12906
12700,12907
12700,7226
12700,2551
12700,225
12700,3
12700,0
12701,4745
12701,10307
12701,12910
12701,13086
12701,533
12701,1
12701,0
12702,976
12702,1152
12702,1153
12702,1316
12702,1319
12702,1703
12702,1707
12702,1892
12702,2126
12702,2370
12702,2371
12702,2761
12702,3134
12702,3319
12702,3474
12702,3631
12702,3807
12702,4309
12702,4451
12702,4656
12702,4835
12702,4838
12702,4972
12702,5127
12702,5188
12702,5279
12702,6813
12702,7106
12702,7247
12702,7498
12702,8000
12702,9087
12702,9783
12702,9979
12702,9982
12702,10666
12702,10939
12702,11145
12702,11341
12702,12341
12702,13043
12702,13045
12702,13046
12702,13047
12702,1933
12702,1217
12702,560
12702,1
12702,0
12703,404
12703,695
12703,1235
12703,1411
12703,2634
12703,2870
12703,4911
12703,5965
12703,6516
12703,7041
12703,7177
12703,8714
12703,10567
12703,11251
12703,11856
12703,12846
12703,12849
12703,1343
12703,602
12703,551
12703,522
12703,407
12703,269
12703,231
12703,76
12703,1
12703,0
12704,157
12704,591
12704,594
12704,809
12704,988
12704,1164
12704,1191
12704,1513
12704,1738
12704,1898
12704,2161
12704,2415
12704,2416
12704,2632
12704,2958
12704,3147
12704,3510
12704,3661
12704,4034
12704,4696
12704,5006
12704,5304
12704,5456
12704,5475
12704,6041
12704,6205
12704,6467
12704,6830
12704,7111
12704,7383
12704,7521
12704,7634
12704,7764
12704,7779
12704,8042
12704,8568
12704,8596
12704,9101
12704,9340
12704,9581
12704,9795
12704,9823
12704,9996
12704,10015
12704,10242
12704,10463
12704,10489
12704,10705
12704,10956
12704,10983
12704,11185
12704,11188
12704,11380
12704,11572
12704,11764
12704,11964
12704,11965
12704,12154
12704,12172
12704,12354
12704,12544
12704,12545
12704,12546
12704,12547
12704,12553
12704,8551
12704,1
12704,0
12705,1685
12705,2547
12705,2732
12705,2927
12705,3107
12705,3609
12705,4158
12705,4822
12705,5261
12705,5433
12705,6015
12705,6602
12705,7230
12705,7481
12705,8789
12705,10158
12705,10419
12705,11924
12705,12668
12705,12669
12705,2051
12705,1280
12705,1
12705,0
12706,503
12706,4627
12706,9062
12706,10161
12706,12668
12706,12669
12706,2051
12706,2
12706,0
12707,426
12707,470
12707,708
12707,902
12707,921
12707,1098
12707,1249
12707,1823
12707,2034
12707,2305
12707,3049
12707,3236
12707,3558
12707,3926
12707,4777
12707,4928
12707,5067
12707,5221
12707,5400
12707,5401
12707,6280
12707,6539
12707,6542
12707,7569
12707,7707
12707,7945
12707,8204
12707,8766
12707,9008
12707,10131
12707,10588
12707,10849
12707,10894
12707,11467
12707,11873
12707,11875
12707,12066
12707,12263
12707,12597
12707,12598
12707,12599
12707,8444
12707,8429
12707,6191
12707,1
12707,0
12708,246
12708,1257
12708,1613
12708,1833
12708,2312
12708,2890
12708,3570
12708,3752
12708,4401
12708,4531
12708,6293
12708,6765
12708,7200
12708,7579
12708,7917
12708,8197
12708,8227
12708,8994
12708,9017
12708,9211
12708,9913
12708,10101
12708,10578
12708,10600
12708,10602
12708,11060
12708,12597
12708,12598
12708,12599
12708,8835
12708,8381
12708,251
12708,1
12708,0
12709,532
12709,779
12709,975
12709,1313
12709,1504
12709,1702
12709,2125
12709,2951
12709,3315
12709,3805
12709,4653
12709,4834
12709,6030
12709,6638
12709,6937
12709,7376
12709,7496
12709,7611
12709,7999
12709,8815
12709,9978
12709,10664
12709,11339
12709,11542
12709,12148
12709,12597
12709,12598
12709,12599
12709,7043
12709,595
12709,251
12709,2
12709,0
12710,463
12710,1653
12710,2691
12710,2902
12710,3581
12710,3952
12710,8762
12710,9230
12710,9726
12710,11492
12710,13135
12710,13136
12710,13137
12710,13138
12710,1038
12710,510
12710,1
12710,0
12711,476
12711,478
12711,744
12711,937
12711,1126
12711,2701
12711,2704
12711,3270
12711,4596
12711,4806
12711,5420
12711,6308
12711,6437
12711,6587
12711,6588
12711,7952
12711,8262
12711,9045
12711,9239
12711,9523
12711,10624
12711,10625
12711,10896
12711,11690
12711,11912
12711,12099
12711,13135
12711,13136
12711,13137
12711,13138
12711,8751
12711,8369
12711,3114
12711,2670
12711,1038
12711,510
12711,2
12711,0
12712,1521
12712,2146
12712,3332
12712,3491
12712,4323
12712,4324
12712,4991
12712,4992
12712,5139
12712,6048
12712,6211
12712,6821
12712,6949
12712,7265
12712,7388
12712,7767
12712,8023
12712,8337
12712,9592
12712,9804
12712,10001
12712,10472
12712,10473
12712,10686
12712,11361
12712,11363
12712,11556
12712,11751
12712,12758
12712,12759
12712,12760
12712,12761
12712,2618
12712,1
12712,0
12713,507
12713,763
12713,1140
12713,1187
12713,1487
12713,1734
12713,2102
12713,2737
12713,2929
12713,2977
12713,3454
12713,3983
12713,4632
12713,6609
12713,6795
12713,7363
12713,7485
12713,7974
12713,8037
12713,8530
12713,9067
12713,9337
12713,10011
12713,10164
12713,10229
12713,10979
12713,11522
12713,11712
12713,11926
12713,12841
12713,12846
12713,12847
12713,12848
12713,12849
12713,8782
12713,8473
12713,1343
12713,618
12713,602
12713,551
12713,532
12713,522
12713,407
12713,269
12713,231
12713,76
12713,1
12713,0
12714,1036
12714,2837
12714,3008
12714,4058
12714,4502
12714,4752
12714,5498
12714,6087
12714,6241
12714,6245
12714,6732
12714,6853
12714,6860
12714,6991
12714,7546
12714,7807
12714,8654
12714,8892
12714,9645
12714,10312
12714,10754
12714,11217
12714,11416
12714,11806
12714,12001
12714,12014
12714,12193
12714,12846
12714,12847
12714,12848
12714,12849
12714,8541
12714,1343
12714,618
12714,602
12714,551
12714,532
12714,522
12714,407
12714,269
12714,231
12714,76
12714,2
12714,0
12715,75
12715,435
12715,718
12715,1436
12715,2051
12715,2311
12715,2663
12715,4124
12715,4394
12715,4565
12715,5405
12715,6290
12715,6550
12715,8221
12715,8740
12715,9480
12715,10093
12715,11659
12715,12076
12715,12920
12715,12921
12715,12922
12715,1
12715,0
12716,952
12716,1870
12716,2542
12716,2723
12716,3100
12716,3285
12716,3605
12716,5429
12716,5869
12716,7360
12716,7740
12716,8515
12716,8517
12716,9054
12716,9542
12716,11116
12716,11700
12716,12920
12716,12921
12716,12922
12716,713
12716,2
12716,0
12717,800
12717,2848
12717,4747
12717,9655
12717,12988
12717,2
12717,0
12718,12988
12718,1
12718,0
12719,2493
12719,2641
12719,3044
12719,3401
12719,4377
12719,5828
12719,7047
12719,7182
12719,7698
12719,8194
12719,8195
12719,8720
12719,9457
12719,10842
12719,10843
12719,11255
12719,11861
12719,12054
12719,12920
12719,12921
12719,12922
12719,713
12719,1
12719,0
12720,401
12720,694
12720,882
12720,1233
12720,2485
12720,3040
12720,3396
12720,3720
12720,4105
12720,4371
12720,5200
12720,5821
12720,6264
12720,6746
12720,7317
12720,8186
12720,8441
12720,8712
12720,9190
12720,9453
12720,9681
12720,10333
12720,10334
12720,10837
12720,11250
12720,11453
12720,11855
12720,12047
12720,12920
12720,12921
12720,12922
12720,7356
12720,3124
12720,713
12720,2
12720,0
12721,572
12721,587
12721,1339
12721,1532
12721,1728
12721,1912
12721,1913
12721,3496
12721,3507
12721,4032
12721,4475
12721,4682
12721,4856
12721,5145
12721,5920
12721,6212
12721,6219
12721,6357
12721,7266
12721,8851
12721,10211
12721,10689
12721,10968
12721,11168
12721,11375
12721,11754
12721,11952
12721,12467
12721,12727
12721,12728
12721,578
12721,1
12721,0
12722,804
12722,1184
12722,1338
12722,1911
12722,2156
12722,2409
12722,2589
12722,2974
12722,3162
12722,3165
12722,3504
12722,3824
12722,4030
12722,4474
12722,4693
12722,4865
12722,5143
12722,5298
12722,5472
12722,5917
12722,6217
12722,7631
12722,7772
12722,7773
12722,8349
12722,8848
12722,9117
12722,9334
12722,9335
12722,9600
12722,9817
12722,10010
12722,10223
12722,10225
12722,10483
12722,10697
12722,10699
12722,10976
12722,11177
12722,11370
12722,11374
12722,11568
12722,11759
12722,12370
12722,12727
12722,12728
12722,2
12722,0
12723,12728
12723,4
12723,0
12724,538
12724,558
12724,990
12724,1165
12724,1505
12724,1708
12724,2373
12724,2765
12724,2960
12724,3136
12724,3148
12724,3808
12724,4179
12724,4318
12724,4454
12724,4839
12724,4976
12724,5281
12724,5447
12724,6197
12724,6198
12724,6462
12724,6660
12724,6815
12724,6939
12724,7757
12724,8002
12724,8314
12724,8569
12724,8818
12724,8825
12724,9090
12724,9582
12724,9983
12724,9997
12724,10201
12724,10667
12724,11157
12724,11342
12724,12356
12724,12664
12724,12727
12724,12728
12724,6851
12724,448
12724,5
12724,0
12725,581
12725,5217
12725,6676
12725,8588
12725,9181
12725,9599
12725,9815
12725,10698
12725,10977
12725,11569
12725,11760
12725,11961
12725,12727
12725,12728
12725,2
12725,0
12726,2749
12726,4646
12726,8303
12726,8541
12726,10177
12726,12727
12726,12728
12726,2
12726,0
12727,12518
12727,12721
12727,12722
12727,12724
12727,12725
12727,12726
12727,12728
12727,12876
12727,12877
12727,1
12727,0
12728,8586
12728,10697
12728,12660
12728,12661
12728,12662
12728,12663
12728,12664
12728,12721
12728,12722
12728,12723
12728,12724
12728,12725
12728,12726
12728,12727
12728,12876
12728,12877
12728,12908
12728,12909
12728,2
12728,0
12729,2372
12729,2553
12729,2568
12729,2933
12729,3157
12729,3457
12729,3652
12729,4164
12729,4202
12729,4296
12729,4453
12729,4457
12729,4468
12729,4857
12729,5455
12729,5467
12729,5891
12729,6019
12729,6445
12729,6654
12729,6796
12729,6814
12729,6927
12729,6944
12729,6951
12729,7232
12729,7364
12729,7379
12729,7499
12729,7505
12729,7516
12729,7619
12729,7771
12729,12588
12729,12589
12729,12590
12729,1331
12729,526
12729,369
12729,146
12729,89
12729,1
12729,0
12730,788
12730,789
12730,1511
12730,2137
12730,2384
12730,3145
12730,3326
12730,3481
12730,3482
12730,3811
12730,4010
12730,4187
12730,4188
12730,4316
12730,4458
12730,4666
12730,5132
12730,6203
12730,6345
12730,6346
12730,6655
12730,7110
12730,7382
12730,7617
12730,7762
12730,8010
12730,8327
12730,8565
12730,9317
12730,9578
12730,9792
12730,9793
12730,9992
12730,10197
12730,10459
12730,10460
12730,10954
12730,11155
12730,12588
12730,12589
12730,12590
12730,1965
12730,1950
12730,1331
12730,526
12730,369
12730,146
12730,89
12730,2
12730,0
12731,847
12731,1037
12731,1377
12731,1772
12731,2204
12731,3684
12731,4351
12731,4889
12731,5338
12731,5492
12731,5939
12731,6083
12731,6724
12731,7297
12731,7412
12731,7541
12731,7542
12731,7797
12731,8403
12731,8647
12731,8895
12731,9375
12731,9847
12731,10049
12731,10529
12731,10742
12731,11218
12731,11602
12731,12004
12731,12006
12731,12405
12731,12466
12731,12906
12731,12907
12731,2
12731,0
12732,446
12732,1095
12732,1427
12732,3048
12732,3925
12732,4775
12732,4925
12732,5398
12732,5399
12732,5975
12732,6144
12732,6858
12732,6986
12732,8478
12732,8733
12732,8747
12732,9005
12732,9916
12732,10606
12732,11664
12732,11884
12732,13034
12732,13035
12732,13036
12732,13037
12732,1
12732,0
12733,785
12733,1509
12733,1510
12733,2135
12733,2381
12733,2383
12733,2574
12733,2576
12733,2772
12733,2956
12733,3143
12733,3478
12733,3638
12733,4315
12733,4665
12733,4983
12733,5131
12733,5287
12733,5289
12733,5898
12733,5900
12733,6038
12733,6202
12733,6466
12733,6651
12733,6817
12733,7256
12733,8007
12733,8008
12733,8561
12733,8823
12733,9312
12733,10194
12733,10195
12733,10949
12733,11153
12733,11351
12733,11550
12733,11942
12733,12152
12733,12348
12733,12349
12733,13043
12733,13045
12733,13046
12733,13047
12733,8387
12733,1217
12733,560
12733,2
12733,0
12734,630
12734,4723
12734,8632
12734,12888
12734,13041
12734,13042
12734,1
12734,0
12735,12666
12735,12736
12735,12756
12735,13041
12735,13042
12735,1
12735,0
12736,12634
12736,12665
12736,12666
12736,12667
12736,12695
12736,12735
12736,13042
12736,2336
12736,2
12736,0
12737,12755
12737,12756
12737,12764
12737,12765
12737,12766
12737,12767
12737,7690
12737,1243
12737,307
12737,2
12737,0
12738,82
12738,199
12738,224
12738,431
12738,1107
12738,2310
12738,3238
12738,3411
12738,4554
12738,6283
12738,6626
12738,8741
12738,9557
12738,10361
12738,10593
12738,11267
12738,11475
12738,11650
12738,12752
12738,12753
12738,74
12738,1
12738,0
12739,797
12739,998
12739,1178
12739,1332
12739,1522
12739,1727
12739,2965
12739,3335
12739,3336
12739,3651
12739,4019
12739,4200
12739,4201
12739,4466
12739,5465
12739,7514
12739,8024
12739,8338
12739,9109
12739,9110
12739,9326
12739,9806
12739,9809
12739,10003
12739,10688
12739,10966
12739,12164
12739,12752
12739,12753
12739,1318
12739,702
12739,13
12739,0
12740,575
12740,798
12740,1180
12740,1181
12740,1729
12740,3500
12740,4021
12740,4683
12740,4995
12740,5466
12740,5912
12740,6213
12740,6672
12740,6673
12740,7268
12740,7391
12740,7515
12740,8026
12740,8579
12740,9111
12740,9328
12740,9810
12740,10005
12740,10970
12740,11169
12740,11364
12740,11561
12740,11954
12740,12752
12740,12753
12740,14
12740,0
12741,243
12741,907
12741,1431
12741,1962
12741,2504
12741,2658
12741,3052
12741,3249
12741,3414
12741,6559
12741,6757
12741,7063
12741,8968
12741,9702
12741,9715
12741,10599
12741,11653
12741,12277
12741,12752
12741,12753
12741,2
12741,0
12742,433
12742,2664
12742,5071
12742,5842
12742,6413
12742,6760
12742,9012
12742,9705
12742,12074
12742,12752
12742,12753
12742,3
12742,0
12743,775
12743,3312
12743,7494
12743,8543
12743,12752
12743,12753
12743,4
12743,0
12744,402
12744,406
12744,696
12744,1237
12744,1413
12744,1607
12744,2009
12744,3042
12744,4912
12744,5056
12744,7042
12744,7178
12744,7319
12744,8443
12744,8717
12744,9683
12744,9684
12744,10070
12744,10335
12744,10566
12744,10568
12744,11456
12744,11629
12744,12240
12744,12752
12744,12753
12744,5
12744,0
12745,12752
12745,6
12745,0
12746,2633
12746,8187
12746,8439
12746,10066
12746,12752
12746,12753
12746,7
12746,0
12747,1171
12747,1172
12747,1330
12747,1716
12747,2776
12747,3150
12747,3814
12747,5134
12747,5459
12747,5906
12747,6042
12747,6208
12747,6818
12747,7260
12747,7384
12747,7508
12747,8020
12747,8573
12747,8829
12747,9320
12747,9588
12747,9799
12747,10205
12747,10208
12747,10468
12747,10683
12747,11162
12747,11355
12747,11947
12747,12752
12747,12753
12747,8
12747,0
12748,1044
12748,1217
12748,1387
12748,1567
12748,1943
12748,2449
12748,2856
12748,3015
12748,6734
12748,8907
12748,10055
12748,10313
12748,10534
12748,11418
12748,12018
12748,12752
12748,12753
12748,2758
12748,1
12748,0
12749,127
12749,6554
12749,7915
12749,8226
12749,8745
12749,9016
12749,10097
12749,11479
12749,12758
12749,12759
12749,12760
12749,12761
12749,8737
12749,2
12749,0
12750,439
12750,1314
12750,2668
12750,9711
12750,12758
12750,12759
12750,12760
12750,12761
12750,6335
12750,3
12750,0
12751,5063
12751,1
12751,0
12752,5063
12752,10599
12752,12473
12752,12738
12752,12739
12752,12740
12752,12741
12752,12742
12752,12743
12752,12744
12752,12745
12752,12746
12752,12747
12752,12748
12752,12754
12752,12763
12752,12764
12752,12765
12752,12766
12752,12767
12752,12768
12752,12773
12752,12951
12752,13057
12752,3375
12752,604
12752,554
12752,199
12752,74
12752,1
12752,0
12753,12473
12753,12738
12753,12739
12753,12740
12753,12741
12753,12742
12753,12743
12753,12744
12753,12746
12753,12747
12753,12748
12753,12756
12753,12757
12753,12763
12753,12764
12753,12765
12753,12766
12753,12767
12753,12768
12753,12773
12753,12951
12753,13057
12753,2
12753,0
12754,12451
12754,12504
12754,12660
12754,12661
12754,12662
12754,12663
12754,12664
12754,12752
12754,12757
12754,12759
12754,12761
12754,12762
12754,12997
12754,12998
12754,12999
12754,13016
12754,1551
12754,1234
12754,534
12754,3
12754,0
12755,12451
12755,12663
12755,12737
12755,12997
12755,13016
12755,13074
12755,2769
12755,2558
12755,2362
12755,1234
12755,1233
12755,451
12755,397
12755,346
12755,103
12755,97
12755,3
12755,0
12756,12503
12756,12660
12756,12661
12756,12662
12756,12663
12756,12664
12756,12735
12756,12737
12756,12753
12756,12759
12756,12761
12756,12767
12756,12960
12756,12961
12756,2769
12756,2558
12756,2362
12756,1577
12756,1551
12756,1233
12756,451
12756,346
12756,103
12756,97
12756,4
12756,0
12757,12664
12757,12753
12757,12754
12757,12961
12757,1305
12757,4
12757,0
12758,6056
12758,12474
12758,12712
12758,12749
12758,12750
12758,12764
12758,12765
12758,12766
12758,12767
12758,12768
12758,12769
12758,12770
12758,13050
12758,13058
12758,5
12758,0
12759,6056
12759,12474
12759,12712
12759,12749
12759,12750
12759,12754
12759,12756
12759,12765
12759,12767
12759,12768
12759,12769
12759,12770
12759,13058
12759,5
12759,0
12760,12474
12760,12712
12760,12749
12760,12750
12760,12765
12760,12766
12760,12767
12760,12768
12760,12769
12760,12770
12760,13058
12760,97
12760,6
12760,0
12761,12474
12761,12712
12761,12749
12761,12750
12761,12754
12761,12756
12761,12764
12761,12767
12761,12768
12761,12769
12761,12770
12761,13058
12761,6
12761,0
12762,12754
12762,12767
12762,12768
12762,7065
12762,7061
12762,3393
12762,2806
12762,1
12762,0
12763,914
12763,2665
12763,4569
12763,6556
12763,7913
12763,8228
12763,10868
12763,11662
12763,11936
12763,12752
12763,12753
12763,1
12763,0
12764,12737
12764,12752
12764,12753
12764,12758
12764,12761
12764,2769
12764,2558
12764,173
12764,1
12764,0
12765,12737
12765,12752
12765,12753
12765,12758
12765,12759
12765,12760
12765,12767
12765,2769
12765,2558
12765,2362
12765,1233
12765,451
12765,397
12765,346
12765,173
12765,97
12765,1
12765,0
12766,12737
12766,12752
12766,12753
12766,12758
12766,12760
12766,2769
12766,2558
12766,1233
12766,1
12766,0
12767,12612
12767,12737
12767,12752
12767,12753
12767,12756
12767,12758
12767,12759
12767,12760
12767,12761
12767,12762
12767,12765
12767,12961
12767,13034
12767,13043
12767,13049
12767,13050
12767,13057
12767,2769
12767,2558
12767,2362
12767,1233
12767,516
12767,451
12767,416
12767,397
12767,346
12767,103
12767,97
12767,2
12767,0
12768,12752
12768,12753
12768,12758
12768,12759
12768,12760
12768,12761
12768,12762
12768,12961
12768,13049
12768,13050
12768,13051
12768,2769
12768,2
12768,0
12769,643
12769,841
12769,1031
12769,1205
12769,1367
12769,1934
12769,2436
12769,3004
12769,3367
12769,4233
12769,4499
12769,4731
12769,4884
12769,5490
12769,5935
12769,6239
12769,6506
12769,6851
12769,7145
12769,8075
12769,8887
12769,9370
12769,11212
12769,11997
12769,12190
12769,12758
12769,12759
12769,12760
12769,12761
12769,1771
12769,1
12769,0
12770,849
12770,1939
12770,2209
12770,3012
12770,4353
12770,4891
12770,6727
12770,8084
12770,9156
12770,9379
12770,9651
12770,9849
12770,10301
12770,11017
12770,11220
12770,12008
12770,12758
12770,12759
12770,12760
12770,12761
12770,1
12770,0
12771,1433
12771,2046
12771,3243
12771,3565
12771,3746
12771,4392
12771,5069
12771,6529
12771,7195
12771,7336
12771,8220
12771,10296
12771,10858
12771,11074
12771,11657
12771,13034
12771,13035
12771,13036
12771,13037
12771,6798
12771,632
12771,1
12771,0
12772,1252
12772,1430
12772,1628
12772,1827
12772,2044
12772,2882
12772,4559
12772,5840
12772,6286
12772,6411
12772,8468
12772,9205
12772,10090
12772,10359
12772,13034
12772,13035
12772,13036
12772,13037
12772,3383
12772,1
12772,0
12773,579
12773,1527
12773,1910
12773,2153
12773,2586
12773,3655
12773,3657
12773,4029
12773,4205
12773,4688
12773,4863
12773,4997
12773,5471
12773,5914
12773,7273
12773,7627
12773,8030
12773,8033
12773,9332
12773,10222
12773,10480
12773,10696
12773,10974
12773,11173
12773,11175
12773,11368
12773,11369
12773,11758
12773,11958
12773,12752
12773,12753
12773,3450
12773,417
12773,1
12773,0
12774,582
12774,585
12774,1003
12774,1185
12774,1530
12774,2457
12774,2976
12774,3505
12774,3825
12774,5001
12774,5002
12774,5144
12774,5301
12774,5919
12774,6218
12774,6677
12774,6827
12774,6956
12774,7122
12774,7276
12774,7394
12774,8038
12774,8592
12774,8849
12774,9336
12774,9820
12774,10227
12774,10980
12774,11181
12774,11571
12774,11962
12774,12168
12774,12371
12774,12906
12774,12907
12774,6791
12774,3647
12774,1
12774,0
12775,409
12775,892
12775,1242
12775,2642
12775,2873
12775,2874
12775,3402
12775,3553
12775,3725
12775,3919
12775,4253
12775,4254
12775,4357
12775,4379
12775,4527
12775,4917
12775,5058
12775,5207
12775,5391
12775,6402
12775,7183
12775,8450
12775,8723
12775,8989
12775,8990
12775,9195
12775,9458
12775,9686
12775,11458
12775,11637
12775,11638
12775,11864
12775,12252
12775,12906
12775,12907
12775,2
12775,0
12776,500
12776,957
12776,1294
12776,1484
12776,1874
12776,1876
12776,2546
12776,2730
12776,3291
12776,3449
12776,3451
12776,4157
12776,4622
12776,5260
12776,5872
12776,6923
12776,7362
12776,9060
12776,9266
12776,9757
12776,10155
12776,10418
12776,11123
12776,11708
12776,12119
12776,12121
12776,12597
12776,12598
12776,12599
12776,7250
12776,5760
12776,454
12776,388
12776,251
12776,1
12776,0
12777,13115
12777,13117
12777,1
12777,0
12778,5970
12778,7321
12778,2
12778,0
12779,5043
12779,5827
12779,5970
12779,6749
12779,7321
12779,13114
12779,13115
12779,13116
12779,13117
12779,7780
12779,6945
12779,2
12779,0
12780,7768
12780,13112
12780,13113
12780,1
12780,0
12781,7768
12781,13116
12781,13117
12781,1
12781,0
12782,13115
12782,2
12782,0
12783,1096
12783,1250
12783,1360
12783,1623
12783,2035
12783,2304
12783,2654
12783,3408
12783,3559
12783,3740
12783,3927
12783,4778
12783,5222
12783,6540
12783,7055
12783,7708
12783,7899
12783,8205
12783,8734
12783,9200
12783,9471
12783,9473
12783,9901
12783,9903
12783,10087
12783,10355
12783,10589
12783,10850
12783,10852
12783,11266
12783,11468
12783,11648
12783,12264
12783,12588
12783,12589
12783,12590
12783,1987
12783,1331
12783,526
12783,369
12783,146
12783,89
12783,1
12783,0
12784,523
12784,1148
12784,1501
12784,1699
12784,1887
12784,2116
12784,2364
12784,2750
12784,2946
12784,3309
12784,3798
12784,4172
12784,4447
12784,4448
12784,5122
12784,5272
12784,5887
12784,6026
12784,6337
12784,6454
12784,6628
12784,6931
12784,7102
12784,7239
12784,7373
12784,7988
12784,7990
12784,8305
12784,8306
12784,8808
12784,9294
12784,9562
12784,10442
12784,10656
12784,11537
12784,12587
12784,12588
12784,12589
12784,12590
12784,7165
12784,6221
12784,1331
12784,526
12784,369
12784,146
12784,89
12784,2
12784,0
12785,451
12785,1449
12785,1641
12785,1643
12785,2060
12785,2319
12785,2679
12785,2896
12785,4939
12785,5080
12785,5846
12785,6296
12785,7455
12785,7925
12785,8752
12785,9217
12785,9218
12785,9493
12785,10108
12785,10609
12785,11485
12785,11669
12785,12084
12785,13043
12785,13045
12785,13046
12785,13047
12785,8352
12785,8292
12785,6402
12785,1217
12785,560
12785,1
12785,0
12786,323
12786,657
12786,853
12786,2220
12786,2852
12786,3861
12786,4060
12786,6244
12786,6384
12786,7152
12786,7417
12786,7805
12786,8904
12786,10053
12786,10750
12786,10752
12786,11020
12786,12012
12786,12205
12786,12415
12786,12544
12786,12545
12786,12546
12786,12547
12786,2086
12786,1
12786,0
12787,742
12787,743
12787,936
12787,2081
12787,2531
12787,3590
12787,3765
12787,3961
12787,4140
12787,4141
12787,4419
12787,4595
12787,4803
12787,5094
12787,5418
12787,5857
12787,6170
12787,6434
12787,6912
12787,6913
12787,7071
12787,7351
12787,7594
12787,7947
12787,8501
12787,8768
12787,9044
12787,9519
12787,9933
12787,10394
12787,11300
12787,11684
12787,12299
12787,12587
12787,12588
12787,12589
12787,12590
12787,2010
12787,1331
12787,526
12787,369
12787,146
12787,89
12787,1
12787,0
12788,901
12788,1248
12788,1821
12788,1822
12788,2302
12788,2651
12788,2652
12788,3501
12788,3653
12788,3738
12788,4115
12788,4260
12788,4261
12788,4386
12788,4926
12788,4927
12788,5836
12788,6147
12788,6407
12788,6534
12788,7331
12788,7445
12788,7446
12788,7568
12788,7706
12788,7896
12788,9006
12788,10085
12788,10352
12788,10353
12788,11264
12788,11646
12788,12588
12788,12589
12788,12590
12788,1331
12788,526
12788,369
12788,146
12788,89
12788,2
12788,0
12789,569
12789,4681
12789,6671
12789,8339
12789,9807
12789,11166
12789,12599
12789,12888
12789,251
12789,1
12789,0
12790,6604
12790,8526
12790,12829
12790,12830
12790,12831
12790,12832
12790,12833
12790,12834
12790,12835
12790,12836
12790,12837
12790,12838
12790,12839
12790,12840
12790,1230
12790,479
12790,349
12790,283
12790,185
12790,158
12790,53
12790,42
12790,1
12790,0
12791,1722
12791,4672
12791,4677
12791,6662
12791,7507
12791,7512
12791,8574
12791,10959
12791,11160
12791,12797
12791,12799
12791,12836
12791,12837
12791,12840
12791,283
12791,269
12791,42
12791,1
12791,0
12792,1170
12792,1722
12792,1899
12792,3154
12792,3328
12792,4322
12792,4463
12792,4672
12792,4677
12792,4990
12792,6047
12792,6470
12792,6662
12792,6665
12792,6948
12792,7506
12792,7507
12792,7512
12792,8571
12792,8574
12792,9587
12792,9803
12792,10466
12792,10681
12792,10959
12792,11047
12792,11160
12792,11354
12792,11745
12792,12795
12792,12799
12792,12821
12792,12829
12792,12831
12792,12832
12792,12833
12792,12834
12792,12837
12792,12839
12792,12840
12792,7171
12792,6668
12792,479
12792,349
12792,283
12792,269
12792,185
12792,42
12792,1
12792,0
12793,824
12793,826
12793,1543
12793,1544
12793,1927
12793,2427
12793,2992
12793,3672
12793,3832
12793,3833
12793,4219
12793,4487
12793,5159
12793,5317
12793,6368
12793,6369
12793,6839
12793,7136
12793,7287
12793,8053
12793,8869
12793,9625
12793,10260
12793,10262
12793,11047
12793,11390
12793,12183
12793,12387
12793,12808
12793,12829
12793,12830
12793,12831
12793,12832
12793,12833
12793,7160
12793,479
12793,349
12793,10
12793,0
12794,611
12794,825
12794,1017
12794,1356
12794,2175
12794,2428
12794,2604
12794,2817
12794,3355
12794,3522
12794,3523
12794,3833
12794,4711
12794,4875
12794,5317
12794,5318
12794,5480
12794,5481
12794,5926
12794,6228
12794,6368
12794,7400
12794,8053
12794,8377
12794,8614
12794,9625
12794,9830
12794,10026
12794,10260
12794,10262
12794,10719
12794,10723
12794,11047
12794,11196
12794,11392
12794,11780
12794,12385
12794,12829
12794,12831
12794,12832
12794,12833
12794,12834
12794,12836
12794,12837
12794,12839
12794,12840
12794,479
12794,349
12794,282
12794,185
12794,42
12794,10
12794,0
12795,371
12795,632
12795,1765
12795,2282
12795,3364
12795,4326
12795,4338
12795,5165
12795,6080
12795,6237
12795,6378
12795,8054
12795,8883
12795,9112
12795,9595
12795,9640
12795,9703
12795,10501
12795,10720
12795,11388
12795,11391
12795,11591
12795,11592
12795,12792
12795,12803
12795,12806
12795,12807
12795,12808
12795,12810
12795,12811
12795,12812
12795,12829
12795,12830
12795,12831
12795,12832
12795,12833
12795,12834
12795,12839
12795,1329
12795,479
12795,396
12795,349
12795,185
12795,142
12795,11
12795,0
12796,182
12796,632
12796,2813
12796,2831
12796,4326
12796,4726
12796,4883
12796,5025
12796,5330
12796,5488
12796,6080
12796,6237
12796,7143
12796,8870
12796,9595
12796,9640
12796,9641
12796,9703
12796,9845
12796,10720
12796,11388
12796,11391
12796,11579
12796,11591
12796,11791
12796,11792
12796,12829
12796,12832
12796,12833
12796,12834
12796,12840
12796,479
12796,349
12796,283
12796,185
12796,42
12796,11
12796,0
12797,1608
12797,1715
12797,1806
12797,2282
12797,2389
12797,2488
12797,2775
12797,3222
12797,4249
12797,4374
12797,4522
12797,5824
12797,5903
12797,5967
12797,5968
12797,6207
12797,6266
12797,6400
12797,6517
12797,6664
12797,7045
12797,7620
12797,7695
12797,7882
12797,8018
12797,8019
12797,8718
12797,8828
12797,9192
12797,10840
12797,10958
12797,11056
12797,11253
12797,11554
12797,11631
12797,11858
12797,12357
12797,12629
12797,12791
12797,12806
12797,12807
12797,12808
12797,12810
12797,12811
12797,12812
12797,12830
12797,12831
12797,12832
12797,12833
12797,12839
12797,1329
12797,479
12797,396
12797,349
12797,185
12797,142
12797,53
12797,12
12797,0
12798,994
12798,1608
12798,1806
12798,2296
12798,2389
12798,2775
12798,3222
12798,4461
12798,5824
12798,5967
12798,5968
12798,6136
12798,6207
12798,6266
12798,6664
12798,6748
12798,6946
12798,7045
12798,7438
12798,7620
12798,7695
12798,7882
12798,8019
12798,8190
12798,8333
12798,8446
12798,8718
12798,9192
12798,10204
12798,10337
12798,10570
12798,10840
12798,10958
12798,11056
12798,11554
12798,11631
12798,11857
12798,12243
12798,12357
12798,12629
12798,12829
12798,12831
12798,12832
12798,12833
12798,12834
12798,12836
12798,12837
12798,12839
12798,12840
12798,2470
12798,479
12798,349
12798,282
12798,185
12798,42
12798,12
12798,0
12799,947
12799,1133
12799,1374
12799,1477
12799,1673
12799,2202
12799,2282
12799,2555
12799,3096
12799,3280
12799,3443
12799,3602
12799,3974
12799,4431
12799,4442
12799,4610
12799,4826
12799,4955
12799,4956
12799,5254
12799,6596
12799,6613
12799,6918
12799,7082
12799,7096
12799,7226
12799,7359
12799,7366
12799,7607
12799,7963
12799,8277
12799,8513
12799,8534
12799,9538
12799,9750
12799,9767
12799,9963
12799,10047
12799,10148
12799,10526
12799,11047
12799,11133
12799,11514
12799,11527
12799,12791
12799,12792
12799,12806
12799,12807
12799,12808
12799,12810
12799,12811
12799,12812
12799,12832
12799,12833
12799,12834
12799,12839
12799,3384
12799,1329
12799,479
12799,396
12799,349
12799,185
12799,53
12799,13
12799,0
12800,767
12800,1133
12800,1477
12800,1673
12800,1868
12800,2202
12800,2555
12800,3443
12800,3602
12800,4442
12800,4610
12800,4956
12800,5105
12800,5254
12800,5427
12800,6005
12800,6314
12800,6596
12800,7081
12800,7082
12800,7226
12800,7359
12800,7477
12800,7607
12800,7963
12800,8277
12800,8513
12800,8534
12800,8893
12800,9540
12800,9750
12800,9951
12800,9963
12800,10047
12800,11047
12800,11133
12800,11312
12800,12194
12800,12831
12800,12832
12800,12833
12800,12834
12800,12836
12800,12837
12800,12839
12800,12840
12800,3155
12800,479
12800,349
12800,283
12800,282
12800,185
12800,158
12800,42
12800,13
12800,0
12801,513
12801,840
12801,962
12801,1554
12801,1767
12801,1881
12801,2194
12801,2282
12801,2556
12801,2834
12801,3296
12801,3615
12801,3619
12801,4232
12801,4348
12801,4638
12801,5440
12801,5878
12801,5881
12801,6326
12801,6448
12801,6798
12801,6802
12801,6803
12801,6928
12801,7235
12801,7367
12801,8536
12801,9072
12801,9073
12801,9275
12801,9765
12801,9768
12801,10431
12801,11047
12801,11134
12801,11326
12801,11718
12801,11929
12801,11996
12801,12806
12801,12807
12801,12808
12801,12810
12801,12811
12801,12812
12801,12831
12801,12832
12801,12833
12801,12834
12801,12839
12801,1329
12801,479
12801,396
12801,349
12801,185
12801,158
12801,14
12801,0
12802,513
12802,962
12802,1767
12802,1881
12802,2111
12802,3615
12802,3619
12802,3785
12802,3987
12802,4232
12802,4297
12802,5265
12802,5437
12802,6184
12802,6326
12802,6448
12802,7235
12802,7367
12802,7487
12802,9073
12802,10431
12802,11134
12802,11718
12802,11996
12802,12189
12802,12830
12802,12831
12802,12832
12802,12833
12802,12836
12802,12837
12802,12839
12802,12840
12802,7254
12802,479
12802,349
12802,282
12802,185
12802,158
12802,42
12802,14
12802,0
12803,429
12803,520
12803,606
12803,820
12803,1199
12803,1353
12803,2282
12803,2585
12803,6478
12803,6624
12803,8371
12803,8424
12803,8607
12803,9287
12803,9350
12803,10220
12803,10252
12803,12178
12803,12795
12803,12808
12803,12821
12803,12829
12803,12831
12803,12832
12803,12833
12803,1329
12803,479
12803,396
12803,349
12803,185
12803,15
12803,0
12804,4600
12804,8267
12804,9050
12804,9526
12804,9943
12804,10897
12804,12846
12804,12847
12804,12848
12804,12849
12804,1343
12804,618
12804,602
12804,532
12804,522
12804,407
12804,269
12804,231
12804,16
12804,0
12805,1026
12805,1204
12805,1364
12805,1478
12805,1675
12805,1763
12805,1869
12805,3099
12805,3284
12805,3363
12805,3444
12805,4230
12805,4290
12805,4495
12805,4612
12805,4814
12805,4816
12805,5428
12805,6007
12805,6316
12805,6440
12805,6598
12805,7083
12805,7739
12805,7976
12805,8630
12805,8783
12805,8784
12805,9068
12805,9844
12805,10151
12805,10277
12805,10733
12805,10919
12805,11002
12805,11127
12805,12310
12805,12311
12805,12320
12805,12846
12805,12847
12805,12848
12805,12849
12805,8521
12805,1343
12805,618
12805,602
12805,551
12805,532
12805,522
12805,407
12805,269
12805,231
12805,76
12805,17
12805,0
12806,114
12806,570
12806,2143
12806,2391
12806,2393
12806,4853
12806,6044
12806,6869
12806,6950
12806,8025
12806,8572
12806,8839
12806,9107
12806,9590
12806,9623
12806,10474
12806,11047
12806,12163
12806,12795
12806,12797
12806,12799
12806,12801
12806,12821
12806,12831
12806,12832
12806,12833
12806,12834
12806,12837
12806,12839
12806,12840
12806,12848
12806,479
12806,349
12806,283
12806,266
12806,185
12806,42
12806,2
12806,0
12807,387
12807,564
12807,1174
12807,1517
12807,1717
12807,1718
12807,2143
12807,2966
12807,3815
12807,5135
12807,5462
12807,5908
12807,6044
12807,8572
12807,8839
12807,9107
12807,9590
12807,10467
12807,10474
12807,11047
12807,12163
12807,12795
12807,12797
12807,12799
12807,12801
12807,12831
12807,12832
12807,12833
12807,12834
12807,12837
12807,12839
12807,12840
12807,12848
12807,479
12807,349
12807,266
12807,185
12807,42
12807,2
12807,0
12808,2143
12808,2282
12808,8572
12808,8839
12808,9590
12808,12163
12808,12793
12808,12795
12808,12797
12808,12799
12808,12801
12808,12803
12808,12813
12808,12814
12808,12816
12808,12818
12808,12821
12808,12829
12808,12836
12808,12837
12808,12847
12808,12848
12808,12849
12808,551
12808,396
12808,158
12808,2
12808,0
12809,529
12809,1725
12809,2580
12809,3155
12809,3492
12809,3649
12809,4197
12809,4465
12809,6631
12809,6669
12809,7992
12809,8099
12809,8837
12809,10687
12809,11047
12809,11750
12809,12829
12809,12832
12809,12833
12809,12834
12809,12836
12809,12837
12809,12839
12809,12840
12809,12858
12809,479
12809,407
12809,349
12809,283
12809,282
12809,185
12809,42
12809,3
12809,0
12810,2282
12810,2580
12810,3492
12810,4197
12810,7992
12810,8099
12810,10687
12810,12795
12810,12797
12810,12799
12810,12801
12810,12813
12810,12814
12810,12816
12810,12818
12810,12821
12810,12829
12810,12830
12810,12836
12810,12838
12810,12846
12810,4295
12810,1343
12810,618
12810,602
12810,522
12810,407
12810,231
12810,76
12810,3
12810,0
12811,16
12811,777
12811,2367
12811,2369
12811,3803
12811,4001
12811,4176
12811,5276
12811,5278
12811,6031
12811,6636
12811,7377
12811,7497
12811,7751
12811,7997
12811,8311
12811,9085
12811,9567
12811,9977
12811,10450
12811,10451
12811,10937
12811,11047
12811,11141
12811,11543
12811,12145
12811,12147
12811,12340
12811,12795
12811,12797
12811,12799
12811,12801
12811,12814
12811,12821
12811,12830
12811,12831
12811,12832
12811,12833
12811,12834
12811,12836
12811,12837
12811,12839
12811,12840
12811,532
12811,479
12811,349
12811,283
12811,282
12811,266
12811,185
12811,42
12811,4
12811,0
12812,777
12812,2282
12812,3803
12812,4001
12812,10450
12812,11543
12812,12145
12812,12340
12812,12795
12812,12797
12812,12799
12812,12801
12812,12813
12812,12814
12812,12818
12812,12821
12812,12830
12812,12832
12812,12837
12812,12846
12812,1343
12812,618
12812,602
12812,532
12812,522
12812,396
12812,266
12812,231
12812,76
12812,4
12812,0
12813,525
12813,1149
12813,1150
12813,1308
12813,2282
12813,3124
12813,3125
12813,3627
12813,3799
12813,3996
12813,4305
12813,4650
12813,6455
12813,6629
12813,8544
12813,9297
12813,9563
12813,10182
12813,10231
12813,10443
12813,12332
12813,12334
12813,12808
12813,12810
12813,12812
12813,12829
12813,12830
12813,12831
12813,12832
12813,12833
12813,12836
12813,12837
12813,12839
12813,12840
12813,1329
12813,1230
12813,479
12813,396
12813,349
12813,283
12813,282
12813,185
12813,158
12813,53
12813,5
12813,0
12814,1815
12814,2282
12814,2496
12814,5213
12814,5974
12814,7326
12814,8728
12814,9896
12814,10347
12814,11261
12814,12062
12814,12808
12814,12810
12814,12811
12814,12812
12814,12829
12814,12831
12814,12832
12814,12833
12814,12839
12814,2770
12814,479
12814,396
12814,349
12814,185
12814,158
12814,6
12814,0
12815,294
12815,1815
12815,4112
12815,4257
12815,5213
12815,5832
12815,5974
12815,6273
12815,7328
12815,7891
12815,8728
12815,9896
12815,10347
12815,11047
12815,11063
12815,11261
12815,11871
12815,11872
12815,12829
12815,12830
12815,12832
12815,12833
12815,12834
12815,12836
12815,12837
12815,12840
12815,3557
12815,2770
12815,704
12815,479
12815,349
12815,283
12815,282
12815,185
12815,42
12815,6
12815,0
12816,545
12816,979
12816,1304
12816,1498
12816,2282
12816,2746
12816,3993
12816,4445
12816,6186
12816,6333
12816,6619
12816,7370
12816,8015
12816,8801
12816,10650
12816,11047
12816,12135
12816,12808
12816,12810
12816,12829
12816,12832
12816,12833
12816,12839
12816,1329
12816,704
12816,479
12816,349
12816,185
12816,158
12816,7
12816,0
12817,545
12817,769
12817,965
12817,1304
12817,1323
12817,2746
12817,3299
12817,3993
12817,4843
12817,4844
12817,5119
12817,6022
12817,6189
12817,7490
12817,8015
12817,8322
12817,9102
12817,11136
12817,12135
12817,12831
12817,12832
12817,12833
12817,12837
12817,12839
12817,12840
12817,704
12817,479
12817,349
12817,158
12817,53
12817,7
12817,0
12818,496
12818,2282
12818,2715
12818,8516
12818,8523
12818,8774
12818,9545
12818,9547
12818,9953
12818,11115
12818,11119
12818,11314
12818,12808
12818,12810
12818,12812
12818,12829
12818,12830
12818,12832
12818,12833
12818,1329
12818,479
12818,349
12818,185
12818,8
12818,0
12819,951
12819,2715
12819,8284
12819,8774
12819,9545
12819,9755
12819,11119
12819,11314
12819,12829
12819,12831
12819,12832
12819,12833
12819,12837
12819,12840
12819,12842
12819,479
12819,349
12819,53
12819,8
12819,0
12820,614
12820,1020
12820,1357
12820,1546
12820,1755
12820,1756
12820,2608
12820,2822
12820,2995
12820,4046
12820,4223
12820,4714
12820,4877
12820,6234
12820,6371
12820,6843
12820,6972
12820,7290
12820,7291
12820,7641
12820,7791
12820,8060
12820,8383
12820,8616
12820,9135
12820,9136
12820,9834
12820,11047
12820,11199
12820,11200
12820,12184
12820,12829
12820,12830
12820,12831
12820,12832
12820,12833
12820,12834
12820,12839
12820,6483
12820,1273
12820,479
12820,349
12820,185
12820,9
12820,0
12821,613
12821,1357
12821,1546
12821,1928
12821,2282
12821,2822
12821,2994
12821,3358
12821,3674
12821,4223
12821,4340
12821,4489
12821,4714
12821,4877
12821,6233
12821,6371
12821,6698
12821,6842
12821,7289
12821,7291
12821,7641
12821,7791
12821,8383
12821,8419
12821,8872
12821,9135
12821,9136
12821,9358
12821,10030
12821,10264
12821,10328
12821,10506
12821,11199
12821,12184
12821,12792
12821,12803
12821,12806
12821,12808
12821,12810
12821,12811
12821,12812
12821,12829
12821,12830
12821,12832
12821,12833
12821,12836
12821,12837
12821,12838
12821,12839
12821,12840
12821,12841
12821,8404
12821,1329
12821,479
12821,396
12821,349
12821,283
12821,282
12821,185
12821,142
12821,42
12821,9
12821,0
12822,12841
12822,12843
12822,12857
12822,12858
12822,12860
12822,7069
12822,3678
12822,3516
12822,2687
12822,306
12822,54
12822,1
12823,1014
12823,1355
12823,2424
12823,3520
12823,5157
12823,6072
12823,6366
12823,6491
12823,6837
12823,7134
12823,7492
12823,7637
12823,8609
12823,8866
12823,10257
12823,10499
12823,10991
12823,11047
12823,11193
12823,11578
12823,11933
12823,12223
12823,12829
12823,12830
12823,12831
12823,12832
12823,12833
12823,12835
12823,12836
12823,12837
12823,12838
12823,12839
12823,12840
12823,12858
12823,7279
12823,6676
12823,6155
12823,2844
12823,2842
12823,1230
12823,704
12823,479
12823,349
12823,282
12823,185
12823,158
12823,53
12823,42
12823,1
12823,0
12824,0
12824,688
12824,943
12824,1287
12824,4469
12824,4760
12824,4859
12824,6339
12824,6811
12824,7244
12824,7471
12824,7598
12824,7610
12824,7734
12824,7748
12824,7960
12824,9532
12824,9745
12824,10655
12824,11110
12824,11536
12824,12846
12824,12847
12824,2843
12824,1767
12824,1760
12824,1693
12824,1650
12824,1632
12824,1343
12824,1325
12824,931
12824,930
12824,799
12824,739
12824,618
12824,602
12824,532
12824,522
12824,407
12824,269
12824,231
12824,2
12825,1751
12825,2423
12825,2812
12825,4760
12825,551
12825,76
12825,3
12825,0
12826,4760
12826,8374
12826,11776
12826,551
12826,76
12826,3
12826,0
12827,219
12827,607
12827,1751
12827,2423
12827,2600
12827,2812
12827,4710
12827,4905
12827,6933
12827,8051
12827,8374
12827,9129
12827,9352
12827,9622
12827,10255
12827,11776
12827,11976
12827,12846
12827,12847
12827,12848
12827,12849
12827,12878
12827,8537
12827,2863
12827,1343
12827,602
12827,532
12827,522
12827,407
12827,269
12827,231
12827,11
12827,3
12827,0
12828,12858
12828,4
12828,0
12829,2282
12829,12556
12829,12790
12829,12792
12829,12793
12829,12794
12829,12795
12829,12796
12829,12798
12829,12803
12829,12808
12829,12809
12829,12810
12829,12813
12829,12814
12829,12815
12829,12816
12829,12818
12829,12819
12829,12820
12829,12821
12829,12823
12829,12842
12829,12843
12829,12853
12829,12854
12829,12855
12829,12856
12829,12857
12829,12860
12829,12863
12829,12866
12829,12867
12829,12874
12829,12949
12829,13090
12829,6629
12829,1329
12829,396
12829,142
12829,1
12829,0
12830,12556
12830,12790
12830,12793
12830,12795
12830,12797
12830,12802
12830,12810
12830,12811
12830,12812
12830,12813
12830,12815
12830,12818
12830,12820
12830,12821
12830,12823
12830,12842
12830,12843
12830,12853
12830,12854
12830,12857
12830,12860
12830,12863
12830,12867
12830,12874
12830,12949
12830,13090
12830,6629
12830,396
12830,1
12830,0
12831,6285
12831,6826
12831,12556
12831,12790
12831,12792
12831,12793
12831,12794
12831,12795
12831,12797
12831,12798
12831,12800
12831,12801
12831,12802
12831,12803
12831,12806
12831,12807
12831,12811
12831,12813
12831,12814
12831,12817
12831,12819
12831,12820
12831,12823
12831,12842
12831,12843
12831,12850
12831,12854
12831,12855
12831,12856
12831,12857
12831,12858
12831,12866
12831,12867
12831,12874
12831,12949
12831,13090
12831,142
12831,1
12831,0
12832,1416
12832,1810
12832,6285
12832,6826
12832,12556
12832,12790
12832,12792
12832,12793
12832,12794
12832,12795
12832,12796
12832,12797
12832,12798
12832,12799
12832,12800
12832,12801
12832,12802
12832,12803
12832,12806
12832,12807
12832,12809
12832,12811
12832,12812
12832,12813
12832,12814
12832,12815
12832,12816
12832,12817
12832,12818
12832,12819
12832,12820
12832,12821
12832,12823
12832,12841
12832,12842
12832,12854
12832,12855
12832,12856
12832,12857
12832,12858
12832,12859
12832,12866
12832,12867
12832,12874
12832,12949
12832,13090
12832,13131
12832,6629
12832,570
12832,142
12832,1
12832,0
12833,6285
12833,6826
12833,12556
12833,12790
12833,12792
12833,12793
12833,12794
12833,12795
12833,12796
12833,12797
12833,12798
12833,12799
12833,12800
12833,12801
12833,12802
12833,12803
12833,12806
12833,12807
12833,12809
12833,12811
12833,12813
12833,12814
12833,12815
12833,12816
12833,12817
12833,12818
12833,12819
12833,12820
12833,12821
12833,12823
12833,12837
12833,12842
12833,12854
12833,12855
12833,12856
12833,12859
12833,12860
12833,12866
12833,12867
12833,12874
12833,12949
12833,13090
12833,6629
12833,283
12833,142
12833,1
12833,0
12834,6118
12834,6394
12834,12556
12834,12790
12834,12792
12834,12794
12834,12795
12834,12796
12834,12798
12834,12799
12834,12800
12834,12801
12834,12806
12834,12807
12834,12809
12834,12811
12834,12815
12834,12820
12834,12842
12834,12843
12834,12853
12834,12857
12834,12860
12834,12863
12834,12866
12834,12874
12834,12949
12834,13090
12834,6629
12834,142
12834,1
12834,0
12835,12790
12835,12823
12835,12866
12835,12949
12835,13090
12835,1329
12835,2
12835,0
12836,889
12836,12248
12836,12556
12836,12790
12836,12791
12836,12794
12836,12798
12836,12800
12836,12802
12836,12808
12836,12809
12836,12810
12836,12811
12836,12813
12836,12815
12836,12821
12836,12823
12836,12841
12836,12845
12836,12852
12836,12854
12836,12856
12836,12857
12836,12858
12836,12860
12836,12866
12836,12867
12836,12874
12836,12949
12836,13090
12836,3512
12836,396
12836,2
12836,0
12837,12556
12837,12790
12837,12791
12837,12792
12837,12794
12837,12798
12837,12800
12837,12802
12837,12806
12837,12807
12837,12808
12837,12809
12837,12811
12837,12812
12837,12813
12837,12815
12837,12817
12837,12819
12837,12821
12837,12823
12837,12833
12837,12841
12837,12845
12837,12850
12837,12854
12837,12856
12837,12857
12837,12858
12837,12866
12837,12867
12837,12874
12837,12949
12837,13090
12837,3512
12837,2
12837,0
12838,12556
12838,12790
12838,12810
12838,12821
12838,12823
12838,12841
12838,12845
12838,12852
12838,12854
12838,12856
12838,12857
12838,12860
12838,12866
12838,12867
12838,12874
12838,13090
12838,1329
12838,396
12838,2
12838,0
12839,889
12839,2282
12839,12248
12839,12458
12839,12556
12839,12790
12839,12792
12839,12794
12839,12795
12839,12797
12839,12798
12839,12799
12839,12800
12839,12801
12839,12802
12839,12806
12839,12807
12839,12809
12839,12811
12839,12813
12839,12814
12839,12816
12839,12817
12839,12820
12839,12821
12839,12823
12839,12841
12839,12842
12839,12843
12839,12845
12839,12857
12839,12858
12839,12860
12839,12864
12839,12866
12839,12867
12839,12874
12839,12949
12839,13090
12839,3512
12839,142
12839,2
12839,0
12840,889
12840,12556
12840,12790
12840,12791
12840,12792
12840,12794
12840,12796
12840,12798
12840,12800
12840,12802
12840,12806
12840,12807
12840,12809
12840,12811
12840,12813
12840,12815
12840,12817
12840,12819
12840,12821
12840,12823
12840,12841
12840,12842
12840,12843
12840,12854
12840,12856
12840,12857
12840,12858
12840,12859
12840,12860
12840,12866
12840,12867
12840,12874
12840,12949
12840,13090
12840,6713
12840,3512
12840,2773
12840,2765
12840,570
12840,2
12840,0
12841,12591
12841,12593
12841,12598
12841,12713
12841,12821
12841,12822
12841,12832
12841,12836
12841,12837
12841,12838
12841,12839
12841,12840
12841,12845
12841,12847
12841,12849
12841,12851
12841,12854
12841,12861
12841,13130
12841,13131
12841,13133
12841,7237
12841,6695
12841,4642
12841,4526
12841,4264
12841,3452
12841,2775
12841,2759
12841,2020
12841,2001
12841,1370
12841,1245
12841,1230
12841,602
12841,551
12841,487
12841,399
12841,283
12841,217
12841,165
12841,42
12841,25
12841,3
12841,0
12842,11047
12842,12591
12842,12592
12842,12593
12842,12594
12842,12599
12842,12819
12842,12829
12842,12830
12842,12831
12842,12832
12842,12833
12842,12834
12842,12839
12842,12840
12842,12845
12842,12846
12842,12849
12842,12851
12842,13130
12842,13131
12842,13133
12842,13134
12842,8581
12842,6695
12842,3452
12842,2775
12842,2020
12842,618
12842,602
12842,600
12842,487
12842,407
12842,399
12842,185
12842,76
12842,53
12842,4
12842,3
12842,0
12843,11047
12843,12548
12843,12549
12843,12822
12843,12829
12843,12830
12843,12831
12843,12834
12843,12839
12843,12840
12843,12849
12843,12861
12843,12920
12843,7237
12843,4642
12843,4526
12843,4264
12843,2765
12843,2001
12843,1370
12843,1245
12843,479
12843,349
12843,217
12843,185
12843,165
12843,53
12843,25
12843,4
12843,0
12844,12548
12844,12549
12844,12846
12844,12847
12844,12920
12844,4264
12844,1343
12844,618
12844,551
12844,407
12844,76
12844,4
12844,0
12845,12548
12845,12549
12845,12836
12845,12837
12845,12838
12845,12839
12845,12841
12845,12842
12845,12920
12845,13131
12845,4264
12845,1230
12845,570
12845,283
12845,42
12845,4
12845,0
12846,5141
12846,5816
12846,7117
12846,7625
12846,12469
12846,12470
12846,12519
12846,12526
12846,12527
12846,12557
12846,12703
12846,12713
12846,12714
12846,12804
12846,12805
12846,12810
12846,12812
12846,12824
12846,12827
12846,12842
12846,12844
12846,12857
12846,12858
12846,12860
12846,12868
12846,12875
12846,12948
12846,13013
12846,13060
12846,13091
12846,1329
12846,602
12846,522
12846,5
12846,0
12847,5816
12847,12469
12847,12470
12847,12519
12847,12526
12847,12527
12847,12557
12847,12713
12847,12714
12847,12804
12847,12805
12847,12808
12847,12824
12847,12827
12847,12841
12847,12844
12847,12857
12847,12858
12847,12860
12847,12862
12847,12868
12847,12875
12847,12948
12847,13013
12847,13060
12847,13091
12847,687
12847,6
12847,0
12848,12469
12848,12470
12848,12519
12848,12526
12848,12527
12848,12557
12848,12713
12848,12714
12848,12804
12848,12805
12848,12806
12848,12807
12848,12808
12848,12827
12848,12859
12848,12860
12848,12862
12848,12868
12848,12875
12848,12948
12848,13013
12848,13060
12848,13091
12848,687
12848,6
12848,0
12849,12469
12849,12470
12849,12519
12849,12526
12849,12527
12849,12557
12849,12703
12849,12713
12849,12714
12849,12804
12849,12805
12849,12808
12849,12827
12849,12841
12849,12842
12849,12843
12849,12857
12849,12858
12849,12860
12849,12862
12849,12868
12849,12875
12849,12948
12849,13013
12849,13060
12849,13091
12849,13131
12849,2773
12849,687
12849,570
12849,6
12849,0
12850,12831
12850,12837
12850,7069
12850,3678
12850,2687
12850,185
12850,42
12850,54
12850,1
12851,12841
12851,12842
12851,12857
12851,12858
12851,13131
12851,8849
12851,8819
12851,8755
12851,8709
12851,8703
12851,7245
12851,6188
12851,5134
12851,2999
12851,2654
12851,1988
12851,1398
12851,531
12851,306
12851,1
12851,0
12852,12836
12852,12838
12852,1285
12852,283
12852,2
12852,0
12853,12829
12853,12830
12853,12834
12853,1285
12853,2
12853,0
12854,274
12854,2973
12854,4713
12854,4715
12854,6535
12854,6537
12854,6697
12854,7895
12854,8059
12854,8376
12854,8382
12854,8611
12854,8732
12854,8867
12854,9629
12854,9631
12854,10507
12854,11583
12854,11779
12854,12167
12854,12829
12854,12830
12854,12831
12854,12832
12854,12833
12854,12836
12854,12837
12854,12838
12854,12840
12854,12841
12854,1230
12854,479
12854,349
12854,158
12854,53
12854,42
12854,1
12854,0
12855,212
12855,410
12855,577
12855,2782
12855,6523
12855,8335
12855,8454
12855,8584
12855,8835
12855,8997
12855,9594
12855,10080
12855,10214
12855,10967
12855,12219
12855,12829
12855,12831
12855,12832
12855,12833
12855,479
12855,349
12855,53
12855,2
12855,0
12856,8027
12856,8343
12856,8454
12856,8584
12856,9594
12856,10080
12856,10214
12856,10479
12856,12829
12856,12831
12856,12832
12856,12833
12856,12836
12856,12837
12856,12838
12856,12840
12856,1230
12856,479
12856,349
12856,282
12856,185
12856,2
12856,0
12857,957
12857,8815
12857,11047
12857,12607
12857,12608
12857,12609
12857,12822
12857,12829
12857,12830
12857,12831
12857,12832
12857,12834
12857,12836
12857,12837
12857,12838
12857,12839
12857,12840
12857,12846
12857,12847
12857,12849
12857,12851
12857,12859
12857,12860
12857,12861
12857,4642
12857,4264
12857,3373
12857,2001
12857,1370
12857,1343
12857,1245
12857,1230
12857,630
12857,618
12857,602
12857,551
12857,522
12857,479
12857,407
12857,349
12857,283
12857,217
12857,185
12857,165
12857,152
12857,76
12857,53
12857,42
12857,25
12857,1
12857,0
12858,4502
12858,11047
12858,12607
12858,12608
12858,12609
12858,12809
12858,12822
12858,12823
12858,12828
12858,12831
12858,12832
12858,12836
12858,12837
12858,12839
12858,12840
12858,12846
12858,12847
12858,12849
12858,12851
12858,12860
12858,12861
12858,13049
12858,7237
12858,4642
12858,4526
12858,4264
12858,3373
12858,2759
12858,2001
12858,1469
12858,1370
12858,1245
12858,630
12858,618
12858,602
12858,551
12858,522
12858,349
12858,283
12858,217
12858,185
12858,165
12858,152
12858,76
12858,42
12858,25
12858,4
12858,1
12858,0
12859,12832
12859,12833
12859,12840
12859,12848
12859,12857
12859,12861
12859,1469
12859,1370
12859,282
12859,231
12859,217
12859,165
12859,25
12859,2
12859,0
12860,12822
12860,12829
12860,12830
12860,12833
12860,12834
12860,12836
12860,12838
12860,12839
12860,12840
12860,12846
12860,12847
12860,12848
12860,12849
12860,12857
12860,12858
12860,12861
12860,7237
12860,4642
12860,4526
12860,2759
12860,2001
12860,1469
12860,1370
12860,1245
12860,602
12860,551
12860,407
12860,283
12860,282
12860,231
12860,217
12860,165
12860,76
12860,53
12860,42
12860,25
12860,2
12860,0
12861,12841
12861,12843
12861,12857
12861,12858
12861,12859
12861,12860
12861,8810
12861,8753
12861,7074
12861,4274
12861,3379
12861,1275
12861,54
12861,1
12862,1027
12862,1366
12862,1552
12862,2435
12862,2615
12862,2830
12862,3678
12862,4231
12862,4496
12862,4881
12862,5932
12862,6079
12862,6377
12862,6504
12862,6712
12862,6849
12862,8068
12862,10039
12862,10279
12862,11589
12862,11993
12862,12394
12862,12847
12862,12848
12862,12849
12862,1343
12862,602
12862,551
12862,532
12862,522
12862,407
12862,269
12862,231
12862,76
12862,1
12862,0
12863,12829
12863,12830
12863,12834
12863,8836
12863,8656
12863,8584
12863,6739
12863,6674
12863,6606
12863,3376
12863,479
12863,1
12864,12839
12864,3487
12864,1
12865,12992
12865,12993
12865,8744
12865,1
12866,967
12866,2744
12866,2745
12866,2941
12866,3303
12866,3463
12866,3620
12866,3790
12866,3988
12866,3990
12866,4168
12866,4299
12866,4641
12866,5268
12866,6021
12866,6185
12866,6327
12866,6330
12866,6451
12866,6623
12866,6930
12866,7237
12866,7985
12866,8537
12866,9285
12866,9772
12866,9965
12866,10649
12866,10927
12866,10929
12866,11047
12866,12131
12866,12134
12866,12829
12866,12831
12866,12832
12866,12833
12866,12834
12866,12835
12866,12836
12866,12837
12866,12838
12866,12839
12866,12840
12866,1230
12866,479
12866,349
12866,283
12866,282
12866,185
12866,158
12866,53
12866,42
12866,1
12866,0
12867,764
12867,960
12867,1493
12867,2932
12867,2934
12867,3613
12867,4163
12867,4962
12867,5877
12867,6323
12867,6324
12867,7093
12867,7365
12867,8295
12867,8796
12867,8797
12867,9071
12867,9274
12867,9551
12867,10425
12867,11047
12867,11130
12867,11525
12867,11715
12867,11928
12867,12128
12867,12829
12867,12830
12867,12831
12867,12832
12867,12833
12867,12836
12867,12837
12867,12838
12867,12839
12867,12840
12867,1230
12867,479
12867,349
12867,282
12867,185
12867,158
12867,53
12867,42
12867,1
12867,0
12868,1272
12868,1454
12868,1455
12868,2067
12868,3069
12868,3579
12868,3948
12868,4277
12868,4411
12868,4586
12868,4944
12868,5085
12868,6572
12868,7347
12868,7590
12868,9032
12868,9224
12868,9502
12868,10880
12868,11487
12868,11674
12868,12846
12868,12847
12868,12848
12868,12849
12868,1343
12868,602
12868,532
12868,522
12868,445
12868,407
12868,269
12868,231
12868,76
12868,3
12868,0
12869,12618
12869,1
12870,434
12870,436
12870,716
12870,2050
12870,2662
12870,2886
12870,3246
12870,3935
12870,4123
12870,6288
12870,6549
12870,7339
12870,8739
12870,10092
12870,10597
12870,10860
12870,11077
12870,11477
12870,11658
12870,12272
12870,13135
12870,13136
12870,13137
12870,13138
12870,8365
12870,1038
12870,510
12870,1
12870,0
12871,7558
12871,391
12871,2
12871,0
12872,930
12872,1120
12872,1858
12872,3081
12872,4791
12872,5095
12872,5236
12872,5997
12872,6428
12872,6585
12872,6914
12872,7211
12872,7948
12872,8243
12872,8757
12872,8779
12872,9236
12872,9250
12872,9506
12872,9733
12872,9935
12872,10134
12872,10612
12872,10622
12872,10895
12872,11095
12872,11501
12872,11687
12872,12302
12872,12500
12872,12501
12872,8393
12872,154
12872,1
12872,0
12873,1201
12873,1547
12873,1758
12873,2181
12873,2610
12873,2824
12873,2997
12873,4226
12873,4490
12873,4491
12873,4717
12873,4718
12873,5021
12873,5163
12873,5325
12873,5484
12873,6499
12873,6500
12873,6700
12873,6845
12873,7404
12873,8875
12873,9361
12873,10032
12873,10034
12873,10509
12873,10994
12873,10995
12873,11201
12873,11785
12873,11984
12873,12186
12873,12505
12873,12506
12873,2
12873,0
12874,794
12874,1519
12874,1721
12874,1902
12874,2092
12874,2395
12874,2779
12874,2962
12874,2969
12874,3153
12874,3158
12874,3279
12874,3330
12874,3601
12874,3647
12874,3817
12874,4025
12874,4288
12874,4812
12874,5104
12874,5136
12874,6055
12874,6176
12874,7358
12874,7474
12874,8022
12874,8832
12874,9108
12874,9322
12874,11358
12874,12361
12874,12829
12874,12830
12874,12831
12874,12832
12874,12833
12874,12834
12874,12836
12874,12837
12874,12838
12874,12839
12874,12840
12874,6742
12874,2505
12874,1230
12874,479
12874,349
12874,308
12874,283
12874,282
12874,185
12874,158
12874,42
12874,1
12874,0
12875,405
12875,884
12875,1236
12875,1412
12875,1606
12875,2293
12875,2486
12875,2635
12875,3398
12875,3549
12875,3912
12875,5387
12875,5822
12875,5966
12875,6132
12875,6133
12875,6265
12875,6397
12875,7318
12875,7881
12875,8188
12875,9191
12875,9885
12875,10069
12875,10336
12875,10565
12875,11055
12875,11252
12875,11628
12875,12238
12875,12846
12875,12847
12875,12848
12875,12849
12875,1343
12875,618
12875,602
12875,551
12875,532
12875,522
12875,407
12875,269
12875,231
12875,76
12875,2
12875,0
12876,783
12876,980
12876,1508
12876,2134
12876,2379
12876,2573
12876,3476
12876,3809
12876,4005
12876,4007
12876,4184
12876,4313
12876,4662
12876,4845
12876,4980
12876,5129
12876,5452
12876,5896
12876,5897
12876,6199
12876,6200
12876,6342
12876,6646
12876,6648
12876,6816
12876,6942
12876,7108
12876,7254
12876,7381
12876,8324
12876,8822
12876,9311
12876,9989
12876,10947
12876,11348
12876,11738
12876,12150
12876,12727
12876,12728
12876,3599
12876,1196
12876,1
12876,0
12877,1379
12877,1560
12877,2213
12877,3374
12877,3687
12877,3843
12877,3858
12877,4880
12877,5172
12877,5931
12877,6707
12877,7299
12877,7414
12877,7803
12877,9653
12877,9841
12877,9851
12877,10276
12877,10302
12877,10514
12877,11001
12877,11018
12877,11800
12877,12727
12877,12728
12877,8162
12877,2271
12877,2
12877,0
12878,441
12878,12827
12878,2523
12878,1
12878,0
12879,517
12879,770
12879,966
12879,3300
12879,3461
12879,3989
12879,4169
12879,5117
12879,5882
12879,6328
12879,6620
12879,9770
12879,10434
12879,10648
12879,11328
12879,11530
12879,12132
12879,12668
12879,12669
12879,8187
12879,7206
12879,7085
12879,2051
12879,1
12879,0
12880,736
12880,931
12880,2325
12880,2687
12880,2689
12880,3072
12880,3262
12880,4587
12880,4589
12880,4946
12880,4947
12880,5990
12880,6163
12880,6299
12880,6574
12880,6772
12880,7068
12880,7461
12880,7727
12880,7936
12880,8245
12880,8246
12880,8493
12880,8759
12880,9036
12880,9226
12880,9724
12880,10123
12880,10386
12880,10613
12880,10884
12880,11292
12880,11489
12880,11900
12880,12090
12880,12093
12880,12294
12880,12668
12880,12669
12880,8422
12880,7193
12880,6869
12880,2694
12880,2686
12880,2051
12880,1966
12880,1280
12880,550
12880,2
12880,0
12881,12560
12881,12561
12881,3146
12881,1
12882,12907
12882,1
12882,0
12883,659
12883,1216
12883,2854
12883,3692
12883,4511
12883,4753
12883,5174
12883,6861
12883,8410
12883,8906
12883,9160
12883,10054
12883,10755
12883,12016
12883,12207
12883,12906
12883,12907
12883,2
12883,0
12884,808
12884,1536
12884,2160
12884,2798
12884,2800
12884,4211
12884,4213
12884,4478
12884,4867
12884,5005
12884,5007
12884,5147
12884,5148
12884,5306
12884,5922
12884,6220
12884,6358
12884,7397
12884,7778
12884,8358
12884,8857
12884,9339
12884,9824
12884,10013
12884,10014
12884,10241
12884,10243
12884,10704
12884,10982
12884,11187
12884,11379
12884,13000
12884,13001
12884,13002
12884,13003
12884,13004
12884,13005
12884,51
12884,1
12884,0
12885,739
12885,933
12885,1462
12885,1656
12885,1659
12885,1855
12885,2526
12885,2694
12885,3077
12885,3428
12885,3584
12885,3586
12885,3956
12885,4135
12885,4797
12885,5091
12885,5240
12885,5853
12885,6576
12885,6578
12885,6776
12885,7070
12885,7212
12885,7939
12885,9039
12885,10125
12885,10258
12885,10890
12885,11677
12885,11681
12885,11905
12885,12597
12885,12598
12885,12599
12885,8649
12885,251
12885,1
12885,0
12886,445
12886,721
12886,1439
12886,1632
12886,1633
12886,1832
12886,2055
12886,2056
12886,2313
12886,2672
12886,3059
12886,3751
12886,3753
12886,4568
12886,4571
12886,5075
12886,5407
12886,7061
12886,7578
12886,8475
12886,9914
12886,10865
12886,11276
12886,12279
12886,13034
12886,13035
12886,13036
12886,13037
12886,8391
12886,7225
12886,4505
12886,2604
12886,1
12886,0
12887,544
12887,547
12887,2768
12887,3322
12887,3475
12887,3635
12887,4004
12887,4183
12887,4659
12887,4842
12887,5285
12887,7252
12887,8321
12887,8556
12887,8821
12887,9305
12887,9575
12887,10190
12887,10191
12887,10671
12887,11150
12887,11347
12887,13043
12887,13045
12887,13046
12887,13047
12887,13133
12887,8408
12887,3159
12887,1217
12887,560
12887,2
12887,0
12888,628
12888,6710
12888,8067
12888,8631
12888,9639
12888,10278
12888,12734
12888,12789
12888,8344
12888,3545
12888,1
12888,0
12889,1114
12889,1443
12889,1642
12889,1842
12889,2316
12889,3062
12889,3063
12889,3573
12889,4572
12889,5231
12889,6905
12889,7342
12889,7922
12889,8481
12889,9026
12889,9928
12889,10104
12889,10608
12889,10611
12889,10869
12889,10875
12889,11482
12889,11889
12889,12282
12889,12284
12889,12906
12889,12907
12889,4723
12889,1
12889,0
12890,508
12890,1310
12890,2559
12890,2738
12890,3129
12890,3294
12890,3455
12890,3465
12890,3623
12890,3792
12890,3984
12890,3991
12890,4440
12890,4633
12890,4642
12890,5112
12890,5441
12890,6187
12890,7092
12890,7975
12890,7986
12890,8803
12890,9302
12890,9763
12890,9961
12890,10165
12890,10651
12890,12319
12890,12906
12890,12907
12890,12910
12890,6421
12890,13
12890,0
12891,706
12891,897
12891,1034
12891,1208
12891,1618
12891,1817
12891,2029
12891,2299
12891,2317
12891,3006
12891,3188
12891,3369
12891,3405
12891,3534
12891,3681
12891,3852
12891,4056
12891,4350
12891,4733
12891,4735
12891,4885
12891,5027
12891,5336
12891,5397
12891,5936
12891,6143
12891,6721
12891,6754
12891,7051
12891,7148
12891,7408
12891,7443
12891,7538
12891,8077
12891,8200
12891,8398
12891,8641
12891,8731
12891,9002
12891,10292
12891,10738
12891,11007
12891,11065
12891,11795
12891,12906
12891,12907
12891,8405
12891,14
12891,0
12892,454
12892,3071
12892,3258
12892,3574
12892,3756
12892,3944
12892,4584
12892,4937
12892,5087
12892,7583
12892,8236
12892,9031
12892,10115
12892,10374
12892,11085
12892,11283
12892,11290
12892,12289
12892,12906
12892,12907
12892,6596
12892,2
12892,0
12893,928
12893,1271
12893,2685
12893,4133
12893,5086
12893,5849
12893,7931
12893,10071
12893,10117
12893,10121
12893,10385
12893,11093
12893,12906
12893,12907
12893,8623
12893,3
12893,0
12894,928
12894,929
12894,1271
12894,2066
12894,2685
12894,4133
12894,4412
12894,5235
12894,5849
12894,7066
12894,7931
12894,9504
12894,10071
12894,10117
12894,10121
12894,11093
12894,12906
12894,12907
12894,1597
12894,3
12894,0
12895,535
12895,1154
12895,1320
12895,1704
12895,1709
12895,1891
12895,2762
12895,2953
12895,3632
12895,4003
12895,4452
12895,5448
12895,5893
12895,6033
12895,7378
12895,11732
12895,12906
12895,12907
12895,4
12895,0
12896,725
12896,918
12896,1261
12896,1262
12896,1264
12896,1448
12896,1638
12896,2513
12896,2895
12896,3257
12896,3943
12896,4574
12896,4787
12896,5232
12896,5410
12896,6421
12896,6560
12896,6561
12896,6563
12896,6767
12896,7203
12896,7581
12896,8235
12896,8750
12896,9922
12896,10107
12896,10373
12896,10871
12896,10874
12896,11279
12896,11282
12896,11483
12896,12081
12896,12082
12896,12281
12896,12906
12896,12907
12896,7630
12896,5
12896,0
12897,12906
12897,12907
12897,6
12897,0
12898,559
12898,573
12898,803
12898,991
12898,1166
12898,1328
12898,1514
12898,1732
12898,2408
12898,2791
12898,3486
12898,3658
12898,4190
12898,4209
12898,4459
12898,4691
12898,4850
12898,4998
12898,4999
12898,5299
12898,5300
12898,5918
12898,6058
12898,6216
12898,6479
12898,7628
12898,8016
12898,8341
12898,8840
12898,9116
12898,9583
12898,9814
12898,9998
12898,10476
12898,10680
12898,11371
12898,11372
12898,11944
12898,12155
12898,12906
12898,12907
12898,8328
12898,7
12898,0
12899,7933
12899,9035
12899,9505
12899,10122
12899,12906
12899,12907
12899,7247
12899,8
12899,0
12900,852
12900,1214
12900,1561
12900,1775
12900,2215
12900,2445
12900,2846
12900,3191
12900,4746
12900,4894
12900,5029
12900,5497
12900,6857
12900,7151
12900,8652
12900,10304
12900,11412
12900,11802
12900,12009
12900,12010
12900,12199
12900,12201
12900,12410
12900,12413
12900,12906
12900,12907
12900,9
12900,0
12901,6568
12901,7681
12901,7927
12901,8754
12901,9221
12901,9720
12901,9926
12901,10379
12901,12906
12901,12907
12901,12910
12901,1
12901,0
12902,2844
12902,8650
12902,9157
12902,9381
12902,12906
12902,12907
12902,2
12902,0
12903,649
12903,4088
12903,10295
12903,12906
12903,12907
12903,3
12903,0
12904,11635
12904,1
12904,0
12905,11860
12905,12053
12905,1
12905,0
12906,6351
12906,7859
12906,7860
12906,11635
12906,11860
12906,12053
12906,12698
12906,12699
12906,12700
12906,12731
12906,12774
12906,12775
12906,12883
12906,12889
12906,12890
12906,12891
12906,12892
12906,12893
12906,12894
12906,12895
12906,12896
12906,12897
12906,12898
12906,12899
12906,12900
12906,12901
12906,12902
12906,12903
12906,12909
12906,12910
12906,12911
12906,13083
12906,13084
12906,13085
12906,13089
12906,1947
12906,556
12906,533
12906,371
12906,355
12906,67
12906,1
12906,0
12907,8840
12907,12699
12907,12700
12907,12731
12907,12774
12907,12775
12907,12882
12907,12883
12907,12889
12907,12890
12907,12891
12907,12892
12907,12893
12907,12894
12907,12895
12907,12896
12907,12897
12907,12898
12907,12899
12907,12900
12907,12901
12907,12902
12907,12903
12907,12909
12907,12910
12907,12911
12907,13083
12907,13084
12907,13085
12907,13089
12907,533
12907,2
12907,0
12908,12728
12908,13086
12908,3
12908,0
12909,12728
12909,12906
12909,12907
12909,12910
12909,13086
12909,3
12909,0
12910,9448
12910,12502
12910,12701
12910,12890
12910,12901
12910,12906
12910,12907
12910,12909
12910,8421
12910,355
12910,4
12910,0
12911,453
12911,457
12911,733
12911,926
12911,1979
12911,5414
12911,5847
12911,10877
12911,11673
12911,12088
12911,12906
12911,12907
12911,1
12911,0
12912,13011
12912,6613
12912,15
12912,1
12913,13006
12913,8848
12913,8682
12913,8529
12913,2370
12913,1
12915,497
12915,4620
12915,7968
12915,8525
12915,10156
12915,12920
12915,12921
12915,12922
12915,2590
12915,713
12915,1
12915,0
12916,418
12916,489
12916,945
12916,946
12916,1213
12916,1424
12916,1617
12916,1670
12916,2342
12916,2540
12916,2716
12916,2916
12916,3047
12916,3094
12916,3234
12916,3375
12916,3556
12916,3688
12916,3923
12916,3972
12916,4149
12916,4541
12916,4743
12916,4893
12916,5496
12916,5867
12916,6175
12916,6274
12916,6383
12916,6404
12916,6439
12916,6728
12916,6753
12916,6787
12916,6889
12916,6917
12916,7050
12916,7223
12916,7301
12916,7327
12916,7357
12916,7416
12916,7473
12916,7648
12916,7701
12916,8511
12916,8730
12916,8780
12916,8899
12916,9001
12916,9465
12916,9853
12916,9895
12916,10146
12916,10303
12916,10409
12916,10531
12916,11019
12916,11064
12916,11310
12916,11511
12916,11801
12916,12061
12916,12108
12916,12920
12916,12921
12916,12922
12916,713
12916,2
12916,0
12917,580
12917,704
12917,802
12917,1001
12917,1335
12917,1336
12917,1526
12917,1528
12917,2406
12917,2407
12917,2588
12917,2789
12917,3160
12917,3340
12917,3502
12917,3654
12917,3732
12917,4028
12917,4111
12917,4207
12917,4328
12917,4330
12917,4472
12917,4996
12917,5060
12917,5395
12917,5916
12917,6354
12917,6955
12917,7118
12917,7120
12917,7187
12917,7275
12917,7626
12917,7890
12917,8029
12917,8032
12917,8348
12917,8587
12917,8729
12917,8846
12917,9000
12917,9597
12917,9813
12917,9894
12917,10973
12917,10975
12917,11566
12917,11869
12917,12369
12917,12920
12917,12921
12917,12922
12917,8777
12917,8688
12917,713
12917,3
12917,0
12918,819
12918,1212
12918,1352
12918,1558
12918,1668
12918,1925
12918,2087
12918,2206
12918,2339
12918,2598
12918,2599
12918,2841
12918,3519
12918,3686
12918,3856
12918,4426
12918,4505
12918,4707
12918,4873
12918,4890
12918,5154
12918,5312
12918,5314
12918,6226
12918,6364
12918,6490
12918,6509
12918,6726
12918,6871
12918,7524
12918,8083
12918,9349
12918,9620
12918,10050
12918,10300
12918,10407
12918,10744
12918,10903
12918,10989
12918,11386
12918,11605
12918,11697
12918,11974
12918,12179
12918,12408
12918,12591
12918,12920
12918,12921
12918,12922
12918,8343
12918,1115
12918,713
12918,4
12918,0
12919,102
12919,229
12919,746
12919,940
12919,1282
12919,1333
12919,1471
12919,1524
12919,1664
12919,2712
12919,5651
12919,6589
12919,7957
12919,8773
12919,8976
12919,9245
12919,9742
12919,9944
12919,10557
12919,11107
12919,11506
12919,12104
12919,12920
12919,12921
12919,7368
12919,3367
12919,1937
12919,1517
12919,750
12919,1
12919,0
12920,4327
12920,9419
12920,11813
12920,12626
12920,12678
12920,12715
12920,12716
12920,12719
12920,12720
12920,12843
12920,12844
12920,12845
12920,12915
12920,12916
12920,12917
12920,12918
12920,12919
12920,12921
12920,12922
12920,12933
12920,12934
12920,13087
12920,13088
12920,2773
12920,1
12920,0
12921,6600
12921,9419
12921,12626
12921,12715
12921,12716
12921,12719
12921,12720
12921,12915
12921,12916
12921,12917
12921,12918
12921,12919
12921,12920
12921,12933
12921,12934
12921,13087
12921,13088
12921,13132
12921,13133
12921,13134
12921,1551
12921,640
12921,2
12921,0
12922,867
12922,12626
12922,12715
12922,12716
12922,12719
12922,12720
12922,12915
12922,12916
12922,12917
12922,12918
12922,12920
12922,12934
12922,13087
12922,13088
12922,13133
12922,2
12922,0
12923,12931
12923,1
12923,0
12924,438
12924,1256
12924,1438
12924,3056
12924,3248
12924,3250
12924,3568
12924,4125
12924,4398
12924,5073
12924,5074
12924,5227
12924,5406
12924,5843
12924,5980
12924,6291
12924,6415
12924,6761
12924,6901
12924,7197
12924,7198
12924,7453
12924,7576
12924,7715
12924,7911
12924,8061
12924,8224
12924,8225
12924,8472
12924,8473
12924,9209
12924,9911
12924,10265
12924,11079
12924,11272
12924,11660
12924,11661
12924,12931
12924,12932
12924,3632
12924,2
12924,0
12925,12931
12925,3
12925,0
12926,724
12926,1113
12926,1207
12926,1838
12926,1840
12926,2511
12926,2512
12926,2893
12926,2963
12926,3060
12926,3189
12926,3255
12926,3256
12926,3571
12926,3942
12926,4129
12926,4196
12926,4321
12926,4464
12926,4734
12926,4854
12926,4886
12926,4936
12926,4988
12926,5983
12926,5984
12926,6419
12926,6720
12926,7582
12926,7921
12926,8482
12926,8576
12926,8834
12926,9802
12926,10367
12926,10370
12926,11009
12926,11082
12926,11599
12926,12283
12926,12398
12926,12931
12926,12932
12926,8327
12926,7239
12926,6514
12926,4
12926,0
12927,793
12927,854
12927,1385
12927,1720
12927,1941
12927,2447
12927,2778
12927,2853
12927,3013
12927,3193
12927,3690
12927,4062
12927,4510
12927,4676
12927,4751
12927,5173
12927,5294
12927,5910
12927,5943
12927,6086
12927,6385
12927,6510
12927,6988
12927,7806
12927,8087
12927,8409
12927,8903
12927,8905
12927,9321
12927,9386
12927,9656
12927,10310
12927,10470
12927,10533
12927,10684
12927,11021
12927,11023
12927,11804
12927,12011
12927,12013
12927,12206
12927,12360
12927,12417
12927,12420
12927,12931
12927,12932
12927,5
12927,0
12928,12929
12928,8370
12928,4757
12928,3617
12928,3398
12928,3
12928,1
12929,2673
12929,2686
12929,6557
12929,7918
12929,8229
12929,8476
12929,9018
12929,9486
12929,9915
12929,10102
12929,10603
12929,11480
12929,11882
12929,12080
12929,12928
12929,12931
12929,12932
12929,1
12929,0
12930,661
12930,8656
12930,9163
12930,9388
12930,9658
12930,12931
12930,12932
12930,2
12930,0
12931,2971
12931,12472
12931,12923
12931,12924
12931,12925
12931,12926
12931,12927
12931,12929
12931,12930
12931,12932
12931,12960
12931,13081
12931,7253
12931,1
12931,0
12932,12472
12932,12665
12932,12666
12932,12667
12932,12924
12932,12926
12932,12927
12932,12929
12932,12930
12932,12931
12932,2336
12932,2
12932,0
12933,468
12933,469
12933,1464
12933,2329
12933,2529
12933,2697
12933,3267
12933,3958
12933,5854
12933,6582
12933,7943
12933,12920
12933,12921
12933,713
12933,1
12933,0
12934,249
12934,1258
12934,1634
12934,1636
12934,1834
12934,1836
12934,2314
12934,2315
12934,2675
12934,3254
12934,3754
12934,3940
12934,4127
12934,4271
12934,4935
12934,5077
12934,6156
12934,6558
12934,6904
12934,7062
12934,7201
12934,7580
12934,8230
12934,8477
12934,8748
12934,9020
12934,9212
12934,9488
12934,10364
12934,10365
12934,10605
12934,10866
12934,10867
12934,11277
12934,11278
12934,11481
12934,11663
12934,11883
12934,11885
12934,12920
12934,12921
12934,12922
12934,8557
12934,2556
12934,713
12934,640
12934,457
12934,2
12934,0
12935,271
12935,653
12935,1368
12935,1555
12935,1559
12935,1768
12935,1935
12935,2208
12935,2443
12935,2617
12935,3011
12935,3190
12935,3368
12935,3373
12935,3848
12935,4507
12935,4732
12935,5171
12935,6380
12935,6855
12935,6983
12935,7146
12935,7407
12935,7800
12935,8636
12935,8898
12935,9155
12935,10043
12935,10285
12935,10521
12935,11411
12935,11793
12935,11799
12935,11998
12935,12191
12935,12678
12935,12679
12935,1
12935,0
12936,1078
12936,1803
12936,1994
12936,1998
12936,2287
12936,2627
12936,3216
12936,3393
12936,3717
12936,4103
12936,4367
12936,4515
12936,4767
12936,5052
12936,5382
12936,5384
12936,5818
12936,5963
12936,6262
12936,7315
12936,7560
12936,7874
12936,8179
12936,8982
12936,9883
12936,10059
12936,10559
12936,10832
12936,11849
12936,12043
12936,12229
12936,12544
12936,12545
12936,12546
12936,12547
12936,1
12936,0
12937,492
12937,950
12937,2541
12937,2722
12937,2919
12937,3098
12937,3603
12937,3771
12937,4957
12937,5106
12937,5868
12937,6006
12937,6177
12937,6315
12937,6789
12937,7964
12937,8279
12937,9053
12937,9258
12937,9541
12937,10150
12937,10908
12937,11313
12937,12309
12937,12544
12937,12545
12937,12546
12937,12547
12937,1
12937,0
12938,460
12938,1121
12938,1457
12938,1651
12938,1652
12938,1849
12938,2323
12938,2690
12938,3425
12938,3758
12938,3951
12938,4134
12938,4278
12938,4280
12938,4792
12938,4794
12938,4948
12938,5090
12938,5237
12938,5417
12938,5850
12938,5991
12938,6164
12938,6300
12938,7935
12938,8247
12938,8758
12938,9227
12938,9930
12938,10387
12938,11096
12938,11490
12938,11901
12938,13072
12938,13073
12938,7242
12938,1
12938,0
12939,968
12939,1143
12939,1497
12939,1695
12939,1697
12939,2360
12939,2560
12939,2943
12939,3305
12939,3624
12939,3625
12939,3794
12939,3992
12939,4301
12939,5120
12939,5443
12939,5444
12939,5886
12939,6024
12939,6334
12939,6806
12939,8805
12939,9078
12939,9558
12939,9560
12939,10174
12939,10930
12939,10932
12939,11331
12939,11332
12939,11534
12939,12138
12939,13072
12939,13073
12939,2
12939,0
12940,691
12940,879
12940,1600
12940,1995
12940,2288
12940,2480
12940,2626
12940,2628
12940,3909
12940,3910
12940,4102
12940,5051
12940,5053
12940,5197
12940,5383
12940,5819
12940,5820
12940,5964
12940,6130
12940,7174
12940,7313
12940,7435
12940,7690
12940,7875
12940,9188
12940,9450
12940,9678
12940,10833
12940,11450
12940,11624
12940,11850
12940,12230
12940,13135
12940,13136
12940,13137
12940,13138
12940,3649
12940,1038
12940,510
12940,1
12940,0
12941,590
12941,805
12941,806
12941,1006
12941,1736
12941,1915
12941,2413
12941,2592
12941,3168
12941,3170
12941,3344
12941,3508
12941,3660
12941,4331
12941,4476
12941,4866
12941,6063
12941,6481
12941,7396
12941,7633
12941,7776
12941,8041
12941,8356
12941,8594
12941,8855
12941,8856
12941,9119
12941,10236
12941,10240
12941,10487
12941,10488
12941,10702
12941,11763
12941,12171
12941,12990
12941,12991
12941,12992
12941,12993
12941,1260
12941,503
12941,498
12941,489
12941,1
12941,0
12942,993
12942,995
12942,1329
12942,1515
12942,1900
12942,2388
12942,2961
12942,3487
12942,3641
12942,3643
12942,4014
12942,4016
12942,4193
12942,4319
12942,4673
12942,4851
12942,5904
12942,6663
12942,6945
12942,7258
12942,8826
12942,9104
12942,9105
12942,9318
12942,9585
12942,9586
12942,9798
12942,10202
12942,10682
12942,11553
12942,11744
12942,11746
12942,11945
12942,11946
12942,12156
12942,12358
12942,13000
12942,13001
12942,13002
12942,13003
12942,13004
12942,13005
12942,51
12942,2
12942,0
12943,772
12943,970
12943,1309
12943,1700
12943,1889
12943,3311
12943,3313
12943,3469
12943,3628
12943,6027
12943,6633
12943,6808
12943,7242
12943,7749
12943,7994
12943,8309
12943,8546
12943,8812
12943,9080
12943,9299
12943,9564
12943,9565
12943,9778
12943,9779
12943,9974
12943,10183
12943,11138
12943,11333
12943,11725
12943,11934
12943,12338
12943,13126
12943,13127
12943,13129
12943,8508
12943,8366
12943,581
12943,576
12943,438
12943,425
12943,400
12943,391
12943,304
12943,1
12943,0
12944,147
12944,978
12944,1507
12944,1710
12944,1711
12944,1894
12944,2131
12944,2571
12944,2766
12944,3138
12944,4182
12944,4977
12944,5282
12944,5450
12944,6341
12944,6940
12944,7250
12944,8318
12944,9574
12944,10188
12944,10669
12944,10943
12944,10945
12944,11148
12944,11149
12944,11344
12944,11734
12944,11735
12944,13135
12944,13136
12944,13137
12944,13138
12944,8129
12944,1130
12944,1038
12944,510
12944,2
12944,0
12945,654
12945,2847
12945,4744
12945,8085
12945,8901
12945,9856
12945,12502
12945,13132
12945,13133
12945,13134
12945,640
12945,355
12945,1
12945,0
12946,422
12946,425
12946,900
12946,1094
12946,1426
12946,1621
12946,1820
12946,2031
12946,2033
12946,2301
12946,5064
12946,6146
12946,6277
12946,6892
12946,7052
12946,7053
12946,7703
12946,7704
12946,7894
12946,9470
12946,9695
12946,9697
12946,10350
12946,11068
12946,11262
12946,12064
12946,12588
12946,12589
12946,12590
12946,2459
12946,1331
12946,526
12946,369
12946,146
12946,89
12946,1
12946,0
12947,574
12947,1523
12947,1907
12947,2968
12947,3156
12947,3337
12947,3497
12947,3499
12947,4203
12947,4325
12947,4858
12947,4994
12947,6473
12947,6474
12947,6823
12947,6952
12947,7114
12947,7267
12947,7269
12947,7390
12947,7770
12947,8342
12947,8580
12947,9811
12947,10213
12947,10215
12947,10477
12947,10691
12947,10969
12947,11365
12947,11755
12947,11953
12947,12165
12947,12363
12947,12588
12947,12589
12947,12590
12947,5145
12947,2459
12947,1331
12947,526
12947,437
12947,369
12947,146
12947,89
12947,2
12947,0
12948,576
12948,799
12948,2150
12948,2401
12948,2786
12948,4022
12948,4204
12948,4685
12948,5913
12948,7271
12948,7624
12948,8344
12948,8582
12948,8585
12948,8843
12948,9330
12948,10216
12948,10692
12948,10971
12948,11172
12948,11955
12948,12367
12948,12846
12948,12847
12948,12848
12948,12849
12948,1343
12948,618
12948,602
12948,551
12948,532
12948,522
12948,407
12948,269
12948,231
12948,76
12948,1
12948,0
12949,495
12949,756
12949,1682
12949,2351
12949,2543
12949,2922
12949,2924
12949,3104
12949,3289
12949,3448
12949,3607
12949,3779
12949,4291
12949,4292
12949,4434
12949,4436
12949,4613
12949,5109
12949,5110
12949,5259
12949,5431
12949,6012
12949,6013
12949,6179
12949,6318
12949,6443
12949,6603
12949,6791
12949,6922
12949,7087
12949,7602
12949,7965
12949,7969
12949,8285
12949,8787
12949,9753
12949,10420
12949,10909
12949,11121
12949,11320
12949,11515
12949,11518
12949,11701
12949,11705
12949,11920
12949,12118
12949,12123
12949,12314
12949,12316
12949,12829
12949,12830
12949,12831
12949,12832
12949,12833
12949,12834
12949,12835
12949,12836
12949,12837
12949,12839
12949,12840
12949,8403
12949,7628
12949,1230
12949,704
12949,479
12949,349
12949,283
12949,282
12949,185
12949,158
12949,53
12949,42
12949,1
12949,0
12950,1103
12950,1627
12950,1826
12950,2043
12950,2657
12950,3563
12950,4118
12950,4557
12950,4782
12950,5402
12950,5979
12950,6544
12950,7056
12950,7191
12950,7573
12950,7711
12950,7903
12950,8214
12950,8216
12950,8469
12950,9475
12950,9701
12950,9906
12950,10091
12950,10358
12950,11268
12950,11471
12950,11878
12950,12072
12950,12517
12950,12518
12950,7221
12950,6758
12950,6725
12950,1347
12950,568
12950,475
12950,2
12950,0
12951,560
12951,791
12951,845
12951,1169
12951,2618
12951,2774
12951,3488
12951,3642
12951,4192
12951,4460
12951,4671
12951,5458
12951,6206
12951,6661
12951,6718
12951,7112
12951,7259
12951,8017
12951,8396
12951,8827
12951,10044
12951,10203
12951,10291
12951,10465
12951,11214
12951,11794
12951,12752
12951,12753
12951,8471
12951,1
12951,0
12952,455
12952,730
12952,731
12952,925
12952,1268
12952,1269
12952,1648
12952,2683
12952,3260
12952,3947
12952,4409
12952,4579
12952,4581
12952,4790
12952,4941
12952,5084
12952,5413
12952,6425
12952,7064
12952,7587
12952,7928
12952,8238
12952,8239
12952,8489
12952,9027
12952,10113
12952,11088
12952,11286
12952,11896
12952,12597
12952,12598
12952,12599
12952,6944
12952,251
12952,1
12952,0
12953,217
12953,516
12953,1302
12953,2743
12953,2937
12953,2940
12953,3460
12953,4443
12953,4640
12953,4827
12953,6020
12953,6618
12953,6804
12953,6929
12953,7236
12953,7983
12953,8299
12953,8300
12953,9555
12953,9769
12953,9964
12953,10432
12953,10925
12953,10926
12953,11135
12953,11327
12953,11529
12953,11719
12953,13000
12953,13001
12953,13002
12953,13003
12953,13004
12953,13005
12953,51
12953,1
12953,0
12954,8040
12954,8429
12954,12994
12954,12995
12954,12996
12954,13054
12954,1069
12954,1
12954,0
12955,12961
12955,1
12955,0
12956,487
12956,1131
12956,1293
12956,1864
12956,2340
12956,2347
12956,2725
12956,3970
12956,4147
12956,4285
12956,4606
12956,4810
12956,4818
12956,5252
12956,5423
12956,6595
12956,6601
12956,6786
12956,6916
12956,7354
12956,9947
12956,9956
12956,10408
12956,10630
12956,11319
12956,12961
12956,7374
12956,2
12956,0
12957,568
12957,1331
12957,1726
12957,1906
12957,2783
12957,3334
12957,3494
12957,3495
12957,4020
12957,4993
12957,5295
12957,5464
12957,5911
12957,6472
12957,6670
12957,7389
12957,7622
12957,8340
12957,8838
12957,9808
12957,10002
12957,10004
12957,10475
12957,11167
12957,11559
12957,11753
12957,12961
12957,3
12957,0
12958,459
12958,472
12958,1456
12958,1650
12958,2069
12958,2082
12958,2322
12958,2518
12958,2698
12958,3421
12958,3591
12958,3949
12958,4413
12958,4420
12958,4945
12958,5088
12958,5859
12958,5989
12958,6435
12958,7067
12958,7210
12958,7348
12958,7460
12958,7932
12958,8257
12958,9042
12958,10133
12958,10396
12958,10883
12958,11101
12958,11291
12958,11686
12958,12098
12958,12291
12958,12301
12958,12961
12958,2532
12958,1350
12958,4
12958,0
12959,543
12959,8555
12959,9094
12959,9304
12959,9986
12959,10456
12959,10946
12959,11346
12959,11736
12959,12961
12959,2881
12959,1
12959,0
12960,12756
12960,12931
12960,12961
12960,1
12960,0
12961,12756
12961,12757
12961,12767
12961,12768
12961,12955
12961,12956
12961,12957
12961,12958
12961,12959
12961,12960
12961,12962
12961,6340
12961,97
12961,2
12961,0
12962,1
12962,651
12962,1040
12962,1378
12962,1773
12962,1938
12962,2441
12962,3372
12962,3537
12962,3685
12962,4235
12962,4352
12962,4504
12962,4649
12962,5169
12962,5339
12962,5494
12962,6084
12962,6379
12962,6508
12962,6725
12962,6854
12962,7298
12962,7543
12962,7798
12962,8404
12962,8649
12962,8896
12962,9154
12962,9377
12962,10298
12962,11410
12962,12198
12962,12407
12962,12961
12962,8449
12962,1468
12962,0
12963,846
12963,1035
12963,1209
12963,1373
12963,2197
12963,2199
12963,2439
12963,2836
12963,3007
12963,3370
12963,3679
12963,4057
12963,5938
12963,6240
12963,6719
12963,7149
12963,7294
12963,7410
12963,7644
12963,7794
12963,8078
12963,8397
12963,8642
12963,8643
12963,9373
12963,9643
12963,9644
12963,10524
12963,10525
12963,11008
12963,11010
12963,11215
12963,11408
12963,11598
12963,12399
12963,12990
12963,12991
12963,12992
12963,12993
12963,2478
12963,503
12963,489
12963,1
12963,0
12964,13000
12964,13003
12964,2
12964,0
12965,501
12965,512
12965,596
12965,1684
12965,1875
12965,2350
12965,3452
12965,4621
12965,4868
12965,5149
12965,6180
12965,6685
12965,9061
12965,9341
12965,9608
12965,9959
12965,10417
12965,10641
12965,11922
12965,12990
12965,12991
12965,12992
12965,12993
12965,503
12965,489
12965,1
12965,0
12966,501
12966,596
12966,1684
12966,1875
12966,3608
12966,4621
12966,5008
12966,5873
12966,6180
12966,8788
12966,9608
12966,9758
12966,11922
12966,12990
12966,12991
12966,12992
12966,12993
12966,7219
12966,503
12966,489
12966,1
12966,0
12967,811
12967,1741
12967,2419
12967,2594
12967,3173
12967,3511
12967,3827
12967,4480
12967,4869
12967,6484
12967,6832
12967,7280
12967,8362
12967,8363
12967,8861
12967,9612
12967,10019
12967,10245
12967,10491
12967,10706
12967,11190
12967,11573
12967,11766
12967,11968
12967,13000
12967,13001
12967,13002
12967,13003
12967,13004
12967,13005
12967,51
12967,13
12967,0
12968,1745
12968,2804
12968,3175
12968,3666
12968,4037
12968,5309
12968,6687
12968,7131
12968,8046
12968,9123
12968,11192
12968,12990
12968,12991
12968,1
12968,14
12968,0
12969,601
12969,1194
12969,1347
12969,1919
12969,2803
12969,2804
12969,3175
12969,4482
12969,4700
12969,5309
12969,6361
12969,6687
12969,6688
12969,7131
12969,8046
12969,9123
12969,9345
12969,10021
12969,10987
12969,11192
12969,11382
12969,12378
12969,12990
12969,12991
12969,12992
12969,12993
12969,8615
12969,2027
12969,503
12969,489
12969,1
12969,14
12969,0
12970,1192
12970,1344
12970,1916
12970,2162
12970,2799
12970,2980
12970,4332
12970,6221
12970,6483
12970,6683
12970,6684
12970,8359
12970,8597
12970,10016
12970,11189
12970,11381
12970,12990
12970,12991
12970,1
12970,15
12970,0
12971,595
12971,1008
12971,1192
12971,1344
12971,1535
12971,1737
12971,1916
12971,2162
12971,2593
12971,3171
12971,3509
12971,4212
12971,4332
12971,5305
12971,6064
12971,6483
12971,6684
12971,6960
12971,7128
12971,8359
12971,9607
12971,11186
12971,11378
12971,11966
12971,12990
12971,12991
12971,12992
12971,12993
12971,503
12971,489
12971,1
12971,15
12971,0
12972,1189
12972,1340
12972,2158
12972,2591
12972,2979
12972,5004
12972,5303
12972,6828
12972,7775
12972,8853
12972,9338
12972,10233
12972,11183
12972,12169
12972,12990
12972,12991
12972,1
12972,16
12972,0
12973,589
12973,1005
12973,1735
12973,1914
12973,2158
12973,2795
12973,2979
12973,5004
12973,5303
12973,6828
12973,7520
12973,8853
12973,10233
12973,12169
12973,12170
12973,12990
12973,12991
12973,12992
12973,12993
12973,8406
12973,7218
12973,1740
12973,503
12973,489
12973,1
12973,16
12973,0
12974,758
12974,958
12974,2548
12974,2734
12974,3292
12974,4823
12974,5874
12974,6924
12974,7482
12974,8790
12974,10160
12974,11521
12974,12317
12974,12990
12974,12991
12974,12992
12974,12993
12974,503
12974,489
12974,1
12974,2
12974,0
12975,758
12975,759
12975,958
12975,2734
12975,3108
12975,3292
12975,4823
12975,7604
12975,7742
12975,8286
12975,8790
12975,9284
12975,10160
12975,11521
12975,12317
12975,12990
12975,12991
12975,12992
12975,12993
12975,503
12975,489
12975,1
12975,2
12975,0
12976,506
12976,1686
12976,2736
12976,3110
12976,3610
12976,4159
12976,4629
12976,6016
12976,6607
12976,6794
12976,7971
12976,8529
12976,8794
12976,12318
12976,12990
12976,12991
12976,12992
12976,12993
12976,1322
12976,503
12976,489
12976,1
12976,3
12976,0
12977,2109
12977,2935
12977,3459
12977,3786
12977,4298
12977,5113
12977,6447
12977,6612
12977,6799
12977,7606
12977,8297
12977,8535
12977,9277
12977,9278
12977,9553
12977,9766
12977,10428
12977,10647
12977,12129
12977,12990
12977,12991
12977,12992
12977,12993
12977,2116
12977,503
12977,489
12977,1
12977,4
12977,0
12978,817
12978,2170
12978,3350
12978,8368
12978,8606
12978,10714
12978,11770
12978,11973
12978,12176
12978,12990
12978,12991
12978,392
12978,1
12978,5
12978,0
12979,817
12979,2170
12979,2421
12979,2986
12979,3350
12979,8864
12979,10714
12979,11770
12979,11973
12979,12176
12979,12990
12979,12991
12979,12992
12979,12993
12979,503
12979,489
12979,392
12979,1
12979,5
12979,0
12980,10423
12980,12990
12980,12991
12980,1
12980,6
12980,0
12981,2112
12981,3616
12981,8293
12981,9601
12981,9761
12981,10423
12981,12990
12981,12991
12981,12992
12981,12993
12981,503
12981,489
12981,1
12981,6
12981,0
12982,1210
12982,1770
12982,2200
12982,3682
12982,7150
12982,7296
12982,8079
12982,9646
12982,9647
12982,10045
12982,10527
12982,11011
12982,11409
12982,11600
12982,12002
12982,12990
12982,12991
12982,2116
12982,1740
12982,1
12982,7
12982,0
12983,2200
12983,4737
12983,6722
12983,7150
12983,7411
12983,7796
12983,9646
12983,10527
12983,11011
12983,11796
12983,12003
12983,12195
12983,12990
12983,12991
12983,12992
12983,12993
12983,1740
12983,503
12983,489
12983,1
12983,7
12983,0
12984,588
12984,6679
12984,8354
12984,10232
12984,10486
12984,13000
12984,13001
12984,13002
12984,13003
12984,13004
12984,13005
12984,8
12984,0
12985,814
12985,1195
12985,1348
12985,1539
12985,1920
12985,3513
12985,4335
12985,4701
12985,4703
12985,5151
12985,6069
12985,6224
12985,6486
12985,6963
12985,7523
12985,7782
12985,8366
12985,8601
12985,8602
12985,8863
12985,9124
12985,9828
12985,10248
12985,10713
12985,11384
12985,11576
12985,11768
12985,12379
12985,13000
12985,13001
12985,13002
12985,13003
12985,13004
12985,13005
12985,51
12985,9
12985,0
12986,502
12986,1491
12986,2552
12986,3113
12986,3985
12986,5378
12986,5618
12986,5961
12986,6117
12986,6605
12986,8527
12986,8532
12986,9267
12986,9677
12986,10159
12986,11323
12986,11927
12986,12126
12986,12990
12986,12991
12986,13148
12986,8574
12986,1337
12986,489
12986,1
12986,0
12987,8353
12987,12992
12987,12993
12987,8569
12987,8549
12987,8501
12987,7316
12987,7063
12987,1740
12987,498
12987,489
12987,0
12988,1007
12988,1534
12988,8357
12988,9120
12988,9604
12988,9822
12988,10239
12988,10981
12988,11184
12988,11377
12988,11762
12988,12364
12988,12717
12988,12718
12988,13000
12988,13001
12988,13002
12988,13003
12988,13004
12988,13005
12988,13056
12988,8580
12988,8414
12988,145
12988,120
12988,108
12988,51
12988,2
12988,0
12989,200
12989,281
12989,299
12989,329
12989,337
12989,386
12989,3780
12989,4086
12989,4960
12989,5194
12989,5378
12989,5618
12989,8854
12989,9603
12989,10012
12989,13000
12989,13001
12989,13002
12989,13003
12989,13005
12989,13056
12989,3108
12989,1714
12989,1623
12989,888
12989,869
12989,3
12989,0
12990,4545
12990,5470
12990,7892
12990,8202
12990,12941
12990,12963
12990,12965
12990,12966
12990,12968
12990,12969
12990,12970
12990,12971
12990,12972
12990,12973
12990,12974
12990,12975
12990,12976
12990,12977
12990,12978
12990,12979
12990,12980
12990,12981
12990,12982
12990,12983
12990,12986
12990,12992
12990,12995
12990,12996
12990,13007
12990,13009
12990,13014
12990,1938
12990,364
12990,167
12990,1
12990,0
12991,12
12991,4545
12991,5470
12991,6530
12991,7892
12991,8202
12991,12941
12991,12963
12991,12965
12991,12966
12991,12968
12991,12969
12991,12970
12991,12971
12991,12972
12991,12973
12991,12974
12991,12975
12991,12976
12991,12977
12991,12978
12991,12979
12991,12980
12991,12981
12991,12982
12991,12983
12991,12986
12991,12997
12991,12998
12991,12999
12991,13007
12991,13008
12991,13009
12991,13010
12991,13011
12991,13012
12991,13014
12991,13048
12991,4630
12991,1938
12991,1234
12991,705
12991,528
12991,364
12991,265
12991,239
12991,173
12991,167
12991,1
12991,0
12992,12
12992,12456
12992,12865
12992,12941
12992,12963
12992,12965
12992,12966
12992,12969
12992,12971
12992,12973
12992,12974
12992,12975
12992,12976
12992,12977
12992,12979
12992,12981
12992,12983
12992,12987
12992,12990
12992,12994
12992,12998
12992,13009
12992,13010
12992,13011
12992,13012
12992,13014
12992,2165
12992,2116
12992,705
12992,528
12992,485
12992,265
12992,1
12992,0
12993,12865
12993,12941
12993,12963
12993,12965
12993,12966
12993,12969
12993,12971
12993,12973
12993,12974
12993,12975
12993,12976
12993,12977
12993,12979
12993,12981
12993,12983
12993,12987
12993,12994
12993,12995
12993,12996
12993,12997
12993,12998
12993,12999
12993,13009
12993,13012
12993,13014
12993,2165
12993,1234
12993,705
12993,485
12993,265
12993,173
12993,2
12993,0
12994,12455
12994,12592
12994,12594
12994,12954
12994,12992
12994,12993
12994,13002
12994,13004
12994,13006
12994,13039
12994,3335
12994,2989
12994,2370
12994,1997
12994,1889
12994,1429
12994,1367
12994,692
12994,597
12994,565
12994,489
12994,383
12994,15
12994,3
12994,0
12995,12591
12995,12592
12995,12593
12995,12594
12995,12954
12995,12990
12995,12993
12995,13001
12995,13005
12995,13006
12995,13039
12995,3335
12995,534
12995,51
12995,3
12995,0
12996,12591
12996,12592
12996,12593
12996,12594
12996,12954
12996,12990
12996,12993
12996,13001
12996,13005
12996,13006
12996,13038
12996,13039
12996,1740
12996,534
12996,498
12996,1
12996,3
12996,0
12997,12455
12997,12663
12997,12693
12997,12754
12997,12755
12997,12991
12997,12993
12997,13000
12997,13005
12997,13006
12997,13074
12997,6974
12997,6425
12997,2989
12997,2370
12997,1997
12997,1889
12997,1740
12997,1577
12997,1429
12997,1367
12997,1069
12997,692
12997,597
12997,565
12997,498
12997,408
12997,383
12997,97
12997,15
12997,1
12997,4
12997,0
12998,12693
12998,12694
12998,12754
12998,12991
12998,12992
12998,12993
12998,13000
12998,13005
12998,13074
12998,13075
12998,1997
12998,1069
12998,489
12998,4
12998,0
12999,12693
12999,12754
12999,12991
12999,12993
12999,13000
12999,13001
12999,13002
12999,13003
12999,13004
12999,13005
12999,13074
12999,13075
12999,1997
12999,1069
12999,51
12999,4
12999,0
13000,10972
13000,12884
13000,12942
13000,12953
13000,12964
13000,12967
13000,12984
13000,12985
13000,12988
13000,12989
13000,12997
13000,12998
13000,12999
13000,13010
13000,13011
13000,13012
13000,13015
13000,13016
13000,1234
13000,705
13000,528
13000,265
13000,239
13000,173
13000,5
13000,0
13001,1984
13001,6126
13001,10972
13001,12884
13001,12942
13001,12953
13001,12967
13001,12984
13001,12985
13001,12988
13001,12989
13001,12995
13001,12996
13001,12999
13001,13011
13001,13015
13001,13016
13001,528
13001,239
13001,5
13001,0
13002,6126
13002,12884
13002,12942
13002,12953
13002,12967
13002,12984
13002,12985
13002,12988
13002,12989
13002,12994
13002,12999
13002,13011
13002,13012
13002,13015
13002,528
13002,239
13002,173
13002,6
13002,0
13003,12884
13003,12942
13003,12953
13003,12964
13003,12967
13003,12984
13003,12985
13003,12988
13003,12989
13003,12999
13003,13010
13003,13011
13003,13015
13003,705
13003,528
13003,265
13003,6
13003,0
13004,1984
13004,4626
13004,12884
13004,12942
13004,12953
13004,12967
13004,12984
13004,12985
13004,12988
13004,12994
13004,12999
13004,13011
13004,13015
13004,528
13004,265
13004,6
13004,0
13005,12884
13005,12942
13005,12953
13005,12967
13005,12984
13005,12985
13005,12988
13005,12989
13005,12995
13005,12996
13005,12997
13005,12998
13005,12999
13005,13011
13005,13015
13005,1234
13005,534
13005,6
13005,0
13006,12913
13006,12994
13006,12995
13006,12996
13006,12997
13006,13011
13006,13012
13006,8522
13006,705
13006,528
13006,265
13006,239
13006,173
13006,0
13007,8353
13007,12990
13007,12991
13007,1
13007,2
13007,0
13008,12991
13008,1
13009,282
13009,1298
13009,1490
13009,1689
13009,3611
13009,4634
13009,6610
13009,9069
13009,9273
13009,10168
13009,10921
13009,12990
13009,12991
13009,12992
13009,12993
13009,13011
13009,2116
13009,503
13009,489
13009,1
13009,0
13010,12607
13010,12608
13010,12609
13010,12991
13010,12992
13010,13000
13010,13003
13010,13048
13010,8539
13010,2370
13010,1367
13010,630
13010,416
13010,284
13010,192
13010,152
13010,15
13010,1
13010,0
13011,12455
13011,12607
13011,12608
13011,12609
13011,12912
13011,12991
13011,12992
13011,13000
13011,13001
13011,13002
13011,13003
13011,13004
13011,13005
13011,13006
13011,13009
13011,13048
13011,6974
13011,6425
13011,3645
13011,2370
13011,1889
13011,1429
13011,1367
13011,692
13011,639
13011,630
13011,597
13011,565
13011,489
13011,416
13011,383
13011,284
13011,192
13011,152
13011,51
13011,15
13011,4
13011,1
13011,0
13012,12455
13012,12991
13012,12992
13012,12993
13012,13000
13012,13002
13012,13006
13012,3645
13012,2989
13012,1740
13012,1367
13012,692
13012,503
13012,498
13012,489
13012,15
13012,1
13012,2
13012,0
13013,235
13013,567
13013,1719
13013,2780
13013,3152
13013,3490
13013,3646
13013,3816
13013,4462
13013,6045
13013,6209
13013,6947
13013,7113
13013,7385
13013,7510
13013,7766
13013,8021
13013,8575
13013,8833
13013,9323
13013,9591
13013,9801
13013,10469
13013,10471
13013,10685
13013,10962
13013,11163
13013,11359
13013,11748
13013,11949
13013,12159
13013,12846
13013,12847
13013,12848
13013,12849
13013,8217
13013,1343
13013,618
13013,602
13013,551
13013,532
13013,522
13013,407
13013,269
13013,231
13013,76
13013,1
13013,0
13014,602
13014,603
13014,768
13014,818
13014,963
13014,1011
13014,1197
13014,1350
13014,2171
13014,2597
13014,2741
13014,2807
13014,2985
13014,3115
13014,3178
13014,3351
13014,3516
13014,3517
13014,4040
13014,4217
13014,4705
13014,5014
13014,5924
13014,6801
13014,6835
13014,7234
13014,7285
13014,7636
13014,8049
13014,8369
13014,9126
13014,9279
13014,9347
13014,9554
13014,9619
13014,10249
13014,10429
13014,10715
13014,11769
13014,11771
13014,12130
13014,12177
13014,12990
13014,12991
13014,12992
13014,12993
13014,8746
13014,8377
13014,8163
13014,2391
13014,2116
13014,503
13014,489
13014,1
13014,0
13015,924
13015,1452
13015,1646
13015,1647
13015,1847
13015,2320
13015,2515
13015,3067
13015,3259
13015,3419
13015,3575
13015,3757
13015,4789
13015,5083
13015,5988
13015,6161
13015,6567
13015,6569
13015,7345
13015,7926
13015,8487
13015,8488
13015,8753
13015,9025
13015,9222
13015,9500
13015,9925
13015,9927
13015,10111
13015,10380
13015,10876
13015,11671
13015,11672
13015,11894
13015,12087
13015,13000
13015,13001
13015,13002
13015,13003
13015,13004
13015,13005
13015,7620
13015,2731
13015,51
13015,2
13015,0
13016,6104
13016,8294
13016,9070
13016,10166
13016,10920
13016,11128
13016,11523
13016,12754
13016,12755
13016,13000
13016,13001
13016,3375
13016,1577
13016,51
13016,1
13016,0
13017,473
13017,475
13017,1125
13017,1859
13017,2333
13017,2532
13017,2700
13017,2909
13017,3434
13017,3435
13017,3963
13017,4805
13017,5245
13017,5247
13017,5860
13017,7218
13017,7595
13017,7730
13017,7949
13017,8258
13017,8504
13017,8769
13017,9043
13017,9237
13017,9521
13017,9522
13017,9734
13017,9936
13017,9937
13017,10136
13017,10397
13017,11103
13017,11302
13017,11689
13017,11908
13017,12303
13017,13072
13017,13073
13017,1
13017,0
13018,1243
13018,1811
13018,4542
13018,7048
13018,7440
13018,8208
13018,12056
13018,13025
13018,13034
13018,13035
13018,13036
13018,13037
13018,1
13018,0
13019,515
13019,1301
13019,2356
13019,2842
13019,3298
13019,3986
13019,4166
13019,5267
13019,5439
13019,7608
13019,9378
13019,9556
13019,10171
13019,10430
13019,11930
13019,13034
13019,13035
13019,13036
13019,13037
13019,13
13019,0
13020,1141
13020,1299
13020,1880
13020,2105
13020,3614
13020,3617
13020,4637
13020,4963
13020,5114
13020,7094
13020,7095
13020,7233
13020,7486
13020,7980
13020,8798
13020,8799
13020,9552
13020,10645
13020,10646
13020,11325
13020,13034
13020,13035
13020,13036
13020,13037
13020,8396
13020,6359
13020,6352
13020,14
13020,0
13021,717
13021,910
13021,1106
13021,1108
13021,1254
13021,1422
13021,1435
13021,1615
13021,1829
13021,2052
13021,2495
13021,2887
13021,3231
13021,4784
13021,5225
13021,6154
13021,6289
13021,6900
13021,7058
13021,7340
13021,7451
13021,7712
13021,7713
13021,7889
13021,7906
13021,7907
13021,9690
13021,10360
13021,10580
13021,10598
13021,11259
13021,11271
13021,11461
13021,11478
13021,12273
13021,13043
13021,13045
13021,13046
13021,13047
13021,8400
13021,1217
13021,560
13021,15
13021,0
13022,2037
13022,3050
13022,3555
13022,3921
13022,5972
13022,6270
13022,9460
13022,9891
13022,10586
13022,10844
13022,10845
13022,12067
13022,13025
13022,13034
13022,13035
13022,13036
13022,13037
13022,2
13022,0
13023,1369
13023,5495
13023,6984
13023,7801
13023,10287
13023,13034
13023,13035
13023,3
13023,0
13024,1369
13024,5495
13024,6984
13024,7801
13024,10287
13024,13025
13024,13034
13024,13035
13024,13036
13024,13037
13024,3
13024,0
13025,1553
13025,3187
13025,3846
13025,4052
13025,4498
13025,4729
13025,5331
13025,5332
13025,5934
13025,6505
13025,7144
13025,7537
13025,9367
13025,10041
13025,10519
13025,10734
13025,13018
13025,13022
13025,13024
13025,13026
13025,13027
13025,13034
13025,13035
13025,13036
13025,13037
13025,8415
13025,8375
13025,7229
13025,178
13025,4
13025,0
13026,626
13026,830
13026,1762
13026,3000
13026,4720
13026,6077
13026,6078
13026,6374
13026,6706
13026,6846
13026,6847
13026,7643
13026,8065
13026,8391
13026,9637
13026,9638
13026,9836
13026,11401
13026,12391
13026,13025
13026,13034
13026,13035
13026,13050
13026,5
13026,0
13027,626
13027,830
13027,1762
13027,2433
13027,3000
13027,4049
13027,4720
13027,6077
13027,6078
13027,6374
13027,6706
13027,6846
13027,6847
13027,7643
13027,8065
13027,8391
13027,9637
13027,9638
13027,9836
13027,11401
13027,12391
13027,13025
13027,13034
13027,13035
13027,13036
13027,13037
13027,8550
13027,8474
13027,5
13027,0
13028,4716
13028,9360
13028,13043
13028,13045
13028,13046
13028,13047
13028,8556
13028,1217
13028,560
13028,6
13028,0
13029,911
13029,1255
13029,2054
13029,3566
13029,3750
13029,3936
13029,4397
13029,4567
13029,4786
13029,5072
13029,6414
13029,7577
13029,7909
13029,7912
13029,8223
13029,9014
13029,9482
13029,9708
13029,9909
13029,9912
13029,10094
13029,10096
13029,10861
13029,11273
13029,12077
13029,13043
13029,13045
13029,13046
13029,13047
13029,6546
13029,1454
13029,1217
13029,560
13029,7
13029,0
13030,636
13030,4727
13030,6714
13030,8072
13030,8886
13030,9366
13030,9642
13030,10518
13030,13034
13030,13035
13030,13036
13030,13037
13030,8295
13030,7134
13030,1
13030,0
13031,634
13031,2832
13031,4724
13031,6713
13031,8633
13031,8884
13031,9365
13031,10282
13031,10517
13031,13043
13031,13045
13031,13046
13031,13047
13031,1217
13031,675
13031,320
13031,2
13031,0
13032,13043
13032,3
13032,0
13034,1620
13034,1819
13034,5468
13034,7115
13034,11045
13034,12732
13034,12767
13034,12771
13034,12772
13034,12886
13034,13018
13034,13019
13034,13020
13034,13022
13034,13023
13034,13024
13034,13025
13034,13026
13034,13027
13034,13030
13034,13040
13034,13041
13034,13048
13034,13049
13034,13050
13034,13051
13034,639
13034,416
13034,284
13034,192
13034,1
13034,0
13035,5468
13035,7115
13035,11045
13035,12732
13035,12771
13035,12772
13035,12886
13035,13018
13035,13019
13035,13020
13035,13022
13035,13023
13035,13024
13035,13025
13035,13026
13035,13027
13035,13030
13035,13038
13035,13039
13035,13041
13035,13042
13035,13049
13035,13050
13035,13051
13035,639
13035,1
13035,0
13036,11045
13036,12732
13036,12771
13036,12772
13036,12886
13036,13018
13036,13019
13036,13020
13036,13022
13036,13024
13036,13025
13036,13027
13036,13030
13036,13038
13036,13039
13036,13048
13036,13049
13036,13050
13036,1277
13036,639
13036,416
13036,284
13036,192
13036,2
13036,0
13037,11045
13037,12732
13037,12771
13037,12772
13037,12886
13037,13018
13037,13019
13037,13020
13037,13022
13037,13024
13037,13025
13037,13027
13037,13030
13037,13041
13037,13042
13037,13049
13037,13050
13037,13051
13037,1277
13037,2
13037,0
13038,12524
13038,12996
13038,13035
13038,13036
13038,13041
13038,13046
13038,13047
13038,13130
13038,13131
13038,6695
13038,3452
13038,2020
13038,1217
13038,560
13038,487
13038,399
13038,3
13038,0
13039,12524
13039,12994
13039,12995
13039,12996
13039,13035
13039,13036
13039,13041
13039,13046
13039,13130
13039,13131
13039,13133
13039,6695
13039,3452
13039,2020
13039,1217
13039,1069
13039,487
13039,399
13039,3
13039,0
13040,12524
13040,13034
13040,13041
13040,13042
13040,13130
13040,487
13040,3
13040,0
13041,12525
13041,12593
13041,12734
13041,12735
13041,13034
13041,13035
13041,13037
13041,13038
13041,13039
13041,13040
13041,13043
13041,13045
13041,4
13041,0
13042,12525
13042,12591
13042,12592
13042,12593
13042,12594
13042,12734
13042,12735
13042,12736
13042,13035
13042,13037
13042,13040
13042,13043
13042,13045
13042,13047
13042,8581
13042,560
13042,4
13042,0
13043,12631
13043,12702
13043,12733
13043,12767
13043,12785
13043,12887
13043,13021
13043,13028
13043,13029
13043,13031
13043,13032
13043,13041
13043,13042
13043,13048
13043,13049
13043,13050
13043,13051
13043,13059
13043,1847
13043,639
13043,416
13043,284
13043,192
13043,5
13043,0
13045,12523
13045,12631
13045,12702
13045,12733
13045,12785
13045,12887
13045,13021
13045,13028
13045,13029
13045,13031
13045,13041
13045,13042
13045,13048
13045,13049
13045,13059
13045,639
13045,416
13045,284
13045,192
13045,6
13045,0
13046,12523
13046,12631
13046,12702
13046,12733
13046,12785
13046,12887
13046,13021
13046,13028
13046,13029
13046,13031
13046,13038
13046,13039
13046,13049
13046,13050
13046,13059
13046,6
13046,0
13047,4099
13047,12523
13047,12631
13047,12702
13047,12733
13047,12785
13047,12887
13047,13021
13047,13028
13047,13029
13047,13031
13047,13038
13047,13042
13047,13049
13047,13050
13047,13051
13047,13059
13047,284
13047,192
13047,6
13047,0
13048,3703
13048,3892
13048,4070
13048,4242
13048,7168
13048,8100
13048,12991
13048,13010
13048,13011
13048,13034
13048,13036
13048,13043
13048,13045
13048,13049
13048,13050
13048,705
13048,528
13048,265
13048,1
13048,0
13049,12610
13049,12611
13049,12612
13049,12613
13049,12767
13049,12768
13049,12858
13049,13034
13049,13035
13049,13036
13049,13037
13049,13043
13049,13045
13049,13046
13049,13047
13049,13048
13049,7192
13049,7166
13049,1217
13049,639
13049,416
13049,284
13049,192
13049,2
13049,0
13050,7168
13050,12610
13050,12611
13050,12612
13050,12613
13050,12758
13050,12767
13050,12768
13050,13026
13050,13034
13050,13035
13050,13036
13050,13037
13050,13043
13050,13046
13050,13047
13050,13048
13050,1217
13050,560
13050,416
13050,97
13050,4
13050,2
13050,0
13051,12610
13051,12611
13051,12768
13051,13034
13051,13035
13051,13037
13051,13043
13051,13047
13051,560
13051,2
13051,0
13052,30
13052,426
13052,735
13052,886
13052,1238
13052,1414
13052,1808
13052,2014
13052,2068
13052,2637
13052,3043
13052,3070
13052,3223
13052,3261
13052,4106
13052,4250
13052,4526
13052,6519
13052,6573
13052,6907
13052,7458
13052,7885
13052,8984
13052,8988
13052,9033
13052,9194
13052,9456
13052,9685
13052,9722
13052,10073
13052,10881
13052,12691
13052,12692
13052,1961
13052,1958
13052,1954
13052,329
13052,1
13052,0
13053,488
13053,490
13053,749
13053,944
13053,1669
13053,2091
13053,2341
13053,2344
13053,2718
13053,3277
13053,3278
13053,3600
13053,3769
13053,4148
13053,4286
13053,4287
13053,4607
13053,4811
13053,5424
13053,5866
13053,6003
13053,7077
13053,8275
13053,9052
13053,9251
13053,9253
13053,9536
13053,9748
13053,9949
13053,10145
13053,10410
13053,10631
13053,10906
13053,11111
13053,11513
13053,12107
13053,12691
13053,12692
13053,8588
13053,7230
13053,1958
13053,580
13053,2
13053,0
13054,3713
13054,10558
13054,12693
13054,12694
13054,12954
13054,3522
13054,539
13054,1
13054,0
13055,333
13055,599
13055,815
13055,834
13055,1196
13055,1346
13055,1349
13055,1549
13055,1743
13055,1746
13055,2164
13055,2983
13055,2984
13055,3174
13055,3346
13055,3348
13055,3515
13055,4038
13055,4050
13055,4871
13055,4878
13055,5013
13055,5150
13055,5477
13055,6067
13055,6223
13055,6225
13055,6487
13055,7282
13055,7283
13055,8365
13055,8388
13055,8626
13055,8876
13055,9122
13055,9125
13055,9346
13055,9613
13055,9827
13055,10036
13055,10494
13055,10512
13055,11383
13055,11575
13055,11767
13055,11786
13055,11970
13055,13135
13055,13136
13055,13137
13055,13138
13055,8655
13055,1038
13055,510
13055,1
13055,0
13056,6553
13056,12988
13056,12989
13056,1
13056,0
13057,1182
13057,2403
13057,2405
13057,2788
13057,2972
13057,3338
13057,3551
13057,3724
13057,4024
13057,4470
13057,4686
13057,4860
13057,5469
13057,5969
13057,6054
13057,6352
13057,6674
13057,6824
13057,7060
13057,7454
13057,7717
13057,8028
13057,8345
13057,8347
13057,8583
13057,8845
13057,9114
13057,10217
13057,10219
13057,10693
13057,10695
13057,11563
13057,11565
13057,11957
13057,12166
13057,12368
13057,12752
13057,12753
13057,12767
13057,646
13057,1
13057,0
13058,920
13058,1639
13058,3064
13058,4938
13058,5985
13058,6158
13058,6295
13058,6422
13058,6769
13058,7207
13058,7722
13058,8234
13058,8485
13058,9718
13058,9921
13058,10106
13058,10371
13058,10873
13058,11280
13058,11484
13058,11668
13058,11890
13058,12083
13058,12758
13058,12759
13058,12760
13058,12761
13058,7918
13058,2
13058,0
13059,2839
13059,3009
13059,3371
13059,3536
13059,3683
13059,3853
13059,4234
13059,5493
13059,6507
13059,8082
13059,8402
13059,8894
13059,9152
13059,9648
13059,10530
13059,11013
13059,11016
13059,11603
13059,11797
13059,12197
13059,13043
13059,13045
13059,13046
13059,13047
13059,1217
13059,560
13059,1
13059,0
13060,753
13060,754
13060,954
13060,1136
13060,1480
13060,1678
13060,1873
13060,2346
13060,2921
13060,3101
13060,3102
13060,3287
13060,3446
13060,3773
13060,3976
13060,4152
13060,4153
13060,4432
13060,4433
13060,4817
13060,5108
13060,5256
13060,5870
13060,6010
13060,7086
13060,7309
13060,7361
13060,7479
13060,8519
13060,8521
13060,9164
13060,9262
13060,10414
13060,10415
13060,10638
13060,10911
13060,11317
13060,11318
13060,11517
13060,11919
13060,12115
13060,12117
13060,12313
13060,12846
13060,12847
13060,12848
13060,12849
13060,8401
13060,2648
13060,1343
13060,618
13060,602
13060,551
13060,532
13060,522
13060,407
13060,269
13060,231
13060,76
13060,1
13060,0
13061,616
13061,1757
13061,2179
13061,4225
13061,4342
13061,5020
13061,5322
13061,5930
13061,7532
13061,7642
13061,8070
13061,8384
13061,8393
13061,9138
13061,10508
13061,10993
13061,11783
13061,11983
13061,13072
13061,13073
13061,1
13061,0
13062,737
13062,1273
13062,1851
13062,2073
13062,2327
13062,2693
13062,2903
13062,3074
13062,3076
13062,3582
13062,3760
13062,3822
13062,4023
13062,4795
13062,4950
13062,6429
13062,6908
13062,7938
13062,8249
13062,8763
13062,9231
13062,9511
13062,10388
13062,10389
13062,10887
13062,11097
13062,11294
13062,11493
13062,11494
13062,11904
13062,12094
13062,13072
13062,13073
13062,7772
13062,13
13062,0
13063,1277
13063,1465
13063,1466
13063,1663
13063,1857
13063,2080
13063,2908
13063,3080
13063,3268
13063,3960
13063,6169
13063,6433
13063,6583
13063,6911
13063,7217
13063,7946
13063,8502
13063,8767
13063,9041
13063,9518
13063,9520
13063,9732
13063,10132
13063,10393
13063,10621
13063,11099
13063,11100
13063,11299
13063,12097
13063,13072
13063,13073
13063,14
13063,0
13064,617
13064,635
13064,828
13064,1021
13064,1359
13064,3527
13064,3836
13064,4492
13064,5022
13064,5324
13064,6701
13064,7292
13064,8621
13064,8622
13064,8885
13064,9139
13064,9140
13064,10033
13064,10510
13064,10996
13064,11985
13064,13065
13064,13072
13064,13073
13064,8514
13064,2361
13064,2
13064,0
13065,638
13065,832
13065,835
13065,1361
13065,1362
13065,1759
13065,1930
13065,3360
13065,3839
13065,4879
13065,5023
13065,5164
13065,6501
13065,6704
13065,7142
13065,7405
13065,7792
13065,8624
13065,9144
13065,9837
13065,9839
13065,10271
13065,10730
13065,10998
13065,11586
13065,11987
13065,11989
13065,13064
13065,13072
13065,13073
13065,7228
13065,6714
13065,3
13065,0
13066,6581
13066,13072
13066,13073
13066,4
13066,0
13067,291
13067,467
13067,740
13067,1660
13067,2523
13067,2527
13067,2904
13067,2906
13067,3429
13067,3762
13067,3954
13067,4798
13067,5238
13067,5993
13067,6302
13067,6577
13067,7213
13067,7463
13067,8250
13067,9232
13067,9234
13067,9359
13067,9513
13067,9932
13067,10126
13067,10128
13067,10392
13067,10617
13067,10889
13067,11498
13067,13072
13067,13073
13067,682
13067,5
13067,0
13068,208
13068,214
13068,765
13068,2835
13068,8395
13068,8428
13068,8888
13068,9437
13068,10042
13068,11596
13068,11839
13068,13072
13068,13073
13068,2852
13068,2689
13068,2440
13068,1599
13068,439
13068,1
13068,0
13069,355
13069,479
13069,2705
13069,5745
13069,7954
13069,8263
13069,8428
13069,8505
13069,9046
13069,9241
13069,9437
13069,10400
13069,10626
13069,11691
13069,13072
13069,13073
13069,7258
13069,2
13069,0
13070,71
13070,74
13070,4631
13070,7973
13070,8291
13070,9550
13070,10424
13070,13072
13070,13073
13070,3
13070,0
13071,1055
13071,4286
13071,1
13071,0
13072,214
13072,1055
13072,1221
13072,7393
13072,12938
13072,12939
13072,13017
13072,13061
13072,13062
13072,13063
13072,13064
13072,13065
13072,13066
13072,13067
13072,13068
13072,13069
13072,13070
13072,13074
13072,13075
13072,13076
13072,13077
13072,13079
13072,2560
13072,1
13072,0
13073,617
13073,12938
13073,12939
13073,13017
13073,13061
13073,13062
13073,13063
13073,13064
13073,13065
13073,13066
13073,13067
13073,13068
13073,13069
13073,13070
13073,13074
13073,13075
13073,13076
13073,13077
13073,13079
13073,2
13073,0
13074,12755
13074,12997
13074,12998
13074,12999
13074,13072
13074,13073
13074,13077
13074,1234
13074,534
13074,3
13074,0
13075,12612
13075,12998
13075,12999
13075,13072
13075,13073
13075,13077
13075,13078
13075,8618
13075,2164
13075,196
13075,3
13075,0
13076,12595
13076,12596
13076,12610
13076,12611
13076,12612
13076,12613
13076,13072
13076,13073
13076,13077
13076,13078
13076,8618
13076,196
13076,4
13076,0
13077,12595
13077,12596
13077,12611
13077,12612
13077,13072
13077,13073
13077,13074
13077,13075
13077,13076
13077,4
13077,0
13078,13075
13078,13076
13078,8798
13078,8748
13078,8540
13078,7117
13078,6802
13078,213
13078,3
13078,1
13079,9843
13079,11587
13079,13072
13079,13073
13079,1
13079,0
13080,1337
13080,1529
13080,1731
13080,2154
13080,2587
13080,3161
13080,3503
13080,3656
13080,3823
13080,4206
13080,4208
13080,4329
13080,4473
13080,4689
13080,5915
13080,6057
13080,6675
13080,6954
13080,7119
13080,7274
13080,7518
13080,8031
13080,9333
13080,10481
13080,10482
13080,11174
13080,11176
13080,11567
13080,11959
13080,11960
13080,12588
13080,12589
13080,12590
13080,5785
13080,1992
13080,1331
13080,526
13080,369
13080,146
13080,89
13080,1
13080,0
13081,12931
13081,1
13081,0
13082,692
13082,1231
13082,1601
13082,1804
13082,2003
13082,2290
13082,2481
13082,2484
13082,2630
13082,3038
13082,3217
13082,3395
13082,4369
13082,4516
13082,6131
13082,6263
13082,6876
13082,7437
13082,7691
13082,7693
13082,8708
13082,8983
13082,9189
13082,9679
13082,10064
13082,10330
13082,10564
13082,10834
13082,10835
13082,11053
13082,11247
13082,11851
13082,12046
13082,12232
13082,12668
13082,12669
13082,8785
13082,8511
13082,3480
13082,1280
13082,1
13082,0
13083,12906
13083,12907
13083,1
13083,0
13084,399
13084,400
13084,1081
13084,1410
13084,2006
13084,3039
13084,3219
13084,3548
13084,4769
13084,4909
13084,5055
13084,5199
13084,6514
13084,6878
13084,7176
13084,8185
13084,8711
13084,10067
13084,11054
13084,11249
13084,11854
13084,12906
13084,12907
13084,2
13084,0
13085,697
13085,885
13085,1807
13085,2295
13085,3400
13085,3914
13085,4373
13085,4521
13085,4585
13085,4913
13085,5823
13085,6135
13085,6399
13085,6747
13085,7044
13085,7694
13085,8189
13085,10572
13085,12049
13085,12242
13085,12244
13085,12906
13085,12907
13085,3509
13085,3484
13085,3
13085,0
13086,2850
13086,8408
13086,8902
13086,9448
13086,12701
13086,12908
13086,12909
13086,1
13086,0
13087,762
13087,1139
13087,1688
13087,1879
13087,2101
13087,3111
13087,3781
13087,3782
13087,4160
13087,4161
13087,4294
13087,4439
13087,5264
13087,5876
13087,6017
13087,6018
13087,6181
13087,6925
13087,7605
13087,7744
13087,7972
13087,8292
13087,9066
13087,9272
13087,9762
13087,9960
13087,10422
13087,10916
13087,10917
13087,11322
13087,12124
13087,12321
13087,12920
13087,12921
13087,12922
13087,713
13087,559
13087,515
13087,1
13087,0
13088,1291
13088,1292
13088,1677
13088,1679
13088,1872
13088,2345
13088,2920
13088,3288
13088,3445
13088,3772
13088,3774
13088,4615
13088,4958
13088,5107
13088,5430
13088,6442
13088,6600
13088,7085
13088,7227
13088,7478
13088,7480
13088,8283
13088,9261
13088,9544
13088,9955
13088,10153
13088,10637
13088,11118
13088,11704
13088,11918
13088,12116
13088,12920
13088,12921
13088,12922
13088,8373
13088,2
13088,0
13089,2867
13089,8436
13089,8707
13089,9451
13089,10329
13089,11052
13089,11246
13089,12044
13089,12906
13089,12907
13089,2
13089,0
13090,504
13090,761
13090,959
13090,1297
13090,1485
13090,1486
13090,1687
13090,1878
13090,2144
13090,2550
13090,2735
13090,3109
13090,3181
13090,3283
13090,3293
13090,3331
13090,3356
13090,3604
13090,4221
13090,4438
13090,4488
13090,4628
13090,4630
13090,4989
13090,5137
13090,5434
13090,5463
13090,5875
13090,6046
13090,6469
13090,6606
13090,6608
13090,6819
13090,6840
13090,6971
13090,7137
13090,7288
13090,7386
13090,7401
13090,7483
13090,7511
13090,7789
13090,7970
13090,8289
13090,8528
13090,8791
13090,8793
13090,9064
13090,9268
13090,9271
13090,9759
13090,10162
13090,10914
13090,10915
13090,11047
13090,11925
13090,12829
13090,12830
13090,12831
13090,12832
13090,12833
13090,12834
13090,12835
13090,12836
13090,12837
13090,12838
13090,12839
13090,12840
13090,7788
13090,1230
13090,479
13090,349
13090,283
13090,282
13090,185
13090,158
13090,53
13090,42
13090,1
13090,0
13091,751
13091,949
13091,1290
13091,3282
13091,3442
13091,3770
13091,3973
13091,4150
13091,4289
13091,4430
13091,4813
13091,5253
13091,5426
13091,6004
13091,6313
13091,6788
13091,7080
13091,7225
13091,7475
13091,7736
13091,7962
13091,8276
13091,8278
13091,8782
13091,9257
13091,9751
13091,10147
13091,11916
13091,11917
13091,12111
13091,12846
13091,12847
13091,12848
13091,12849
13091,1343
13091,618
13091,602
13091,551
13091,532
13091,522
13091,407
13091,269
13091,231
13091,76
13091,2
13091,0
13092,510
13092,1492
13092,2931
13092,3612
13092,3784
13092,4635
13092,5435
13092,8533
13092,9764
13092,10167
13092,10922
13092,11324
13092,11524
13092,12127
13092,12544
13092,12545
13092,1
13092,0
13093,1315
13093,1503
13093,2124
13093,2331
13093,2759
13093,2907
13093,3079
13093,3182
13093,3316
13093,3317
13093,3359
13093,3589
13093,3630
13093,3806
13093,4224
13093,4308
13093,4802
13093,5125
13093,5162
13093,5856
13093,6032
13093,6306
13093,6432
13093,6637
13093,6844
13093,6938
13093,7105
13093,7140
13093,7403
13093,7465
13093,7729
13093,8312
13093,9782
13093,11143
13093,11728
13093,13126
13093,13127
13093,13129
13093,7213
13093,3332
13093,581
13093,576
13093,425
13093,400
13093,391
13093,304
13093,1
13093,0
13094,1540
13094,2359
13094,3118
13094,3472
13094,3621
13094,3791
13094,5015
13094,5118
13094,5270
13094,6449
13094,6966
13094,8802
13094,9076
13094,9618
13094,10250
13094,12136
13094,12324
13094,13126
13094,13127
13094,13129
13094,581
13094,576
13094,438
13094,425
13094,400
13094,391
13094,304
13094,1
13094,0
13095,253
13095,1540
13095,1693
13095,2359
13095,2558
13095,3118
13095,3464
13095,5270
13095,6449
13095,6621
13095,6625
13095,7100
13095,7132
13095,8802
13095,9076
13095,9618
13095,10250
13095,11385
13095,12136
13095,13126
13095,13127
13095,13129
13095,581
13095,576
13095,438
13095,425
13095,400
13095,391
13095,1
13095,0
13096,466
13096,600
13096,934
13096,1010
13096,1461
13096,1463
13096,1658
13096,1661
13096,2076
13096,2165
13096,2525
13096,2528
13096,2696
13096,3265
13096,3665
13096,3955
13096,3957
13096,4136
13096,4216
13096,4417
13096,4484
13096,4699
13096,4799
13096,4801
13096,5239
13096,6304
13096,6430
13096,6775
13096,6777
13096,6909
13096,7214
13096,7215
13096,7941
13096,8048
13096,8251
13096,8254
13096,8498
13096,9514
13096,9614
13096,9728
13096,10391
13096,10619
13096,10710
13096,11500
13096,11679
13096,11682
13096,12095
13096,12298
13096,13135
13096,13136
13096,13137
13096,13138
13096,7224
13096,6590
13096,3546
13096,1374
13096,1038
13096,10
13096,0
13097,939
13097,1145
13097,1305
13097,1923
13097,2596
13097,2802
13097,2944
13097,3994
13097,4599
13097,4965
13097,5121
13097,5152
13097,5885
13097,6335
13097,7101
13097,8367
13097,9079
13097,9244
13097,9291
13097,9741
13097,10176
13097,10657
13097,11106
13097,11306
13097,12137
13097,12140
13097,12325
13097,13126
13097,13127
13097,13129
13097,581
13097,576
13097,438
13097,425
13097,400
13097,391
13097,304
13097,2
13097,0
13098,939
13098,1305
13098,1469
13098,1923
13098,2596
13098,3177
13098,3796
13098,3994
13098,5121
13098,5152
13098,5885
13098,6190
13098,8539
13098,8600
13098,9079
13098,10176
13098,10931
13098,11306
13098,12137
13098,12325
13098,12380
13098,13099
13098,13126
13098,13129
13098,576
13098,438
13098,425
13098,400
13098,391
13098,2
13098,0
13099,363
13099,526
13099,938
13099,1147
13099,2337
13099,2362
13099,2561
13099,2706
13099,2945
13099,4647
13099,4648
13099,4830
13099,6192
13099,6584
13099,6630
13099,7372
13099,7596
13099,7732
13099,7950
13099,8256
13099,8259
13099,8265
13099,8500
13099,8506
13099,9047
13099,9242
13099,9731
13099,9775
13099,9938
13099,10178
13099,10398
13099,10440
13099,10935
13099,12329
13099,13098
13099,13126
13099,13127
13099,13129
13099,581
13099,576
13099,438
13099,425
13099,400
13099,391
13099,3
13099,0
13100,831
13100,1932
13100,3365
13100,3531
13100,4728
13100,5026
13100,7536
13100,8066
13100,8620
13100,9142
13100,9362
13100,9882
13100,10270
13100,11003
13100,11994
13100,13126
13100,3196
13100,581
13100,400
13100,304
13100,4
13100,0
13101,831
13101,1029
13101,1766
13101,1932
13101,2616
13101,3365
13101,3845
13101,4728
13101,5026
13101,5489
13101,6715
13101,6974
13101,7536
13101,8066
13101,8386
13101,8618
13101,8620
13101,9362
13101,9882
13101,10728
13101,11003
13101,11994
13101,13126
13101,13127
13101,13129
13101,581
13101,576
13101,438
13101,425
13101,400
13101,391
13101,304
13101,4
13101,0
13102,598
13102,1009
13102,1354
13102,1545
13102,1750
13102,1754
13102,1926
13102,2173
13102,2422
13102,2819
13102,5017
13102,5316
13102,6691
13102,6716
13102,7526
13102,7640
13102,7790
13102,8058
13102,9368
13102,10028
13102,10244
13102,10490
13102,11593
13102,13126
13102,1970
13102,581
13102,400
13102,5
13102,0
13103,598
13103,640
13103,1009
13103,1018
13103,1193
13103,1754
13103,2173
13103,2418
13103,2811
13103,2833
13103,2988
13103,3525
13103,3663
13103,3669
13103,4479
13103,5017
13103,5319
13103,6365
13103,6497
13103,6691
13103,6831
13103,6841
13103,6967
13103,7279
13103,7522
13103,7526
13103,7531
13103,7640
13103,7790
13103,8058
13103,8073
13103,8615
13103,8859
13103,9368
13103,9833
13103,10040
13103,10244
13103,10253
13103,10490
13103,10497
13103,10984
13103,11209
13103,11593
13103,12376
13103,13126
13103,13127
13103,13129
13103,576
13103,438
13103,425
13103,400
13103,391
13103,304
13103,5
13103,0
13104,420
13104,720
13104,905
13104,1825
13104,1831
13104,2656
13104,2670
13104,3240
13104,3253
13104,3938
13104,4399
13104,4544
13104,5835
13104,6405
13104,6543
13104,6755
13104,6896
13104,7188
13104,7566
13104,8201
13104,8212
13104,8474
13104,8737
13104,10089
13104,10363
13104,10848
13104,11275
13104,13126
13104,8612
13104,581
13104,400
13104,304
13104,6
13104,0
13105,420
13105,712
13105,720
13105,1093
13105,1101
13105,1425
13105,1619
13105,1825
13105,1831
13105,2656
13105,2878
13105,3051
13105,3253
13105,3930
13105,4544
13105,4556
13105,4924
13105,5062
13105,5835
13105,5976
13105,6145
13105,6410
13105,6755
13105,7190
13105,7566
13105,7571
13105,7702
13105,8201
13105,8474
13105,8746
13105,9003
13105,9199
13105,9693
13105,9714
13105,9898
13105,10089
13105,10363
13105,10594
13105,10848
13105,10856
13105,10863
13105,12079
13105,12267
13105,12278
13105,13126
13105,13127
13105,13129
13105,8612
13105,2300
13105,581
13105,576
13105,438
13105,425
13105,400
13105,391
13105,304
13105,6
13105,0
13106,4031
13106,13126
13106,400
13106,7
13106,0
13107,2978
13107,4031
13107,10230
13107,13126
13107,13127
13107,13129
13107,576
13107,438
13107,425
13107,400
13107,391
13107,7
13107,0
13108,554
13108,555
13108,1512
13108,2385
13108,3325
13108,3483
13108,3640
13108,4011
13108,4456
13108,4849
13108,4985
13108,5454
13108,6040
13108,6204
13108,7618
13108,8012
13108,8326
13108,9099
13108,9576
13108,10461
13108,10679
13108,11352
13108,11353
13108,11743
13108,12350
13108,13126
13108,2272
13108,581
13108,400
13108,304
13108,8
13108,0
13109,554
13109,1160
13109,1162
13109,1512
13109,1714
13109,1952
13109,2138
13109,2385
13109,2577
13109,3146
13109,3325
13109,3484
13109,3640
13109,4009
13109,4849
13109,4985
13109,5290
13109,5902
13109,6039
13109,6658
13109,7618
13109,7763
13109,8012
13109,8014
13109,9098
13109,9100
13109,9576
13109,9579
13109,9580
13109,9993
13109,10200
13109,10461
13109,10679
13109,11741
13109,11743
13109,12350
13109,12351
13109,13126
13109,13127
13109,13129
13109,581
13109,576
13109,438
13109,425
13109,400
13109,391
13109,304
13109,8
13109,0
13110,7876
13110,8706
13110,10061
13110,13135
13110,13136
13110,13137
13110,13138
13110,1038
13110,510
13110,9
13110,0
13111,13114
13111,1
13111,0
13112,12780
13112,13126
13112,581
13112,572
13112,400
13112,1
13112,0
13113,12780
13113,13127
13113,13129
13113,576
13113,572
13113,391
13113,1
13113,0
13114,12779
13114,13111
13114,13126
13114,13129
13114,581
13114,576
13114,400
13114,391
13114,2
13114,0
13115,12777
13115,12779
13115,12782
13115,13126
13115,13127
13115,13129
13115,581
13115,576
13115,438
13115,400
13115,391
13115,304
13115,2
13115,0
13116,12779
13116,12781
13116,13126
13116,581
13116,400
13116,304
13116,3
13116,0
13117,12777
13117,12779
13117,12781
13117,13127
13117,13129
13117,576
13117,391
13117,3
13117,0
13118,7168
13118,12468
13118,13133
13118,13145
13118,8715
13118,8516
13118,8453
13118,8101
13118,6823
13118,6617
13118,6522
13118,6366
13118,3596
13118,2167
13118,2020
13118,640
13118,0
13119,983
13119,2136
13119,2773
13119,3144
13119,3479
13119,3639
13119,3810
13119,4984
13119,6652
13119,8009
13119,8325
13119,8562
13119,8824
13119,9791
13119,10677
13119,10952
13119,11154
13119,11551
13119,11740
13119,13126
13119,13127
13119,13129
13119,8463
13119,640
13119,581
13119,576
13119,438
13119,425
13119,400
13119,391
13119,304
13119,1
13119,0
13120,12468
13120,2
13120,0
13121,551
13121,4664
13121,6649
13121,9095
13121,9313
13121,10950
13121,12468
13121,13135
13121,13136
13121,13137
13121,13138
13121,552
13121,2
13121,0
13122,11
13122,128
13122,153
13122,206
13122,353
13122,359
13122,369
13122,375
13122,5262
13122,9941
13122,10140
13122,12102
13122,13135
13122,13136
13122,13137
13122,13138
13122,7278
13122,1492
13122,1038
13122,921
13122,745
13122,712
13122,510
13122,3
13122,0
13126,3703
13126,3892
13126,4027
13126,4070
13126,4242
13126,7168
13126,8100
13126,11044
13126,12471
13126,12943
13126,13093
13126,13094
13126,13095
13126,13097
13126,13098
13126,13099
13126,13100
13126,13101
13126,13102
13126,13103
13126,13104
13126,13105
13126,13106
13126,13107
13126,13108
13126,13109
13126,13112
13126,13114
13126,13115
13126,13116
13126,13119
13126,13131
13126,13132
13126,13133
13126,13142
13126,13143
13126,13144
13126,13145
13126,13146
13126,1551
13126,640
13126,1
13126,0
13127,3703
13127,3892
13127,8100
13127,12471
13127,12943
13127,13093
13127,13094
13127,13095
13127,13097
13127,13099
13127,13101
13127,13103
13127,13105
13127,13107
13127,13109
13127,13113
13127,13115
13127,13117
13127,13119
13127,13130
13127,13134
13127,13140
13127,13143
13127,13144
13127,13146
13127,2
13127,0
13129,3703
13129,3892
13129,4070
13129,4242
13129,7168
13129,8100
13129,11044
13129,12471
13129,12943
13129,13093
13129,13094
13129,13095
13129,13097
13129,13098
13129,13099
13129,13101
13129,13103
13129,13105
13129,13107
13129,13109
13129,13113
13129,13114
13129,13115
13129,13117
13129,13119
13129,13130
13129,13133
13129,13134
13129,13141
13129,13143
13129,13144
13129,13146
13129,6575
13129,640
13129,2
13129,0
13130,11242
13130,12504
13130,12591
13130,12841
13130,12842
13130,13038
13130,13039
13130,13040
13130,13127
13130,13129
13130,13134
13130,13135
13130,13136
13130,13138
13130,2794
13130,2765
13130,570
13130,438
13130,400
13130,391
13130,3
13130,0
13131,12832
13131,12841
13131,12842
13131,12845
13131,12849
13131,12851
13131,13038
13131,13039
13131,13126
13131,13133
13131,6461
13131,1551
13131,640
13131,581
13131,304
13131,3
13131,0
13132,12503
13132,12504
13132,12921
13132,12945
13132,13126
13132,13135
13132,8564
13132,6461
13132,1038
13132,581
13132,304
13132,4
13132,0
13133,12452
13133,12454
13133,12503
13133,12504
13133,12841
13133,12842
13133,12887
13133,12921
13133,12922
13133,12945
13133,13039
13133,13118
13133,13126
13133,13129
13133,13131
13133,13136
13133,13138
13133,13139
13133,13141
13133,8519
13133,8454
13133,8421
13133,3169
13133,3131
13133,1873
13133,1847
13133,1551
13133,1231
13133,1197
13133,600
13133,435
13133,390
13133,4
13133,0
13134,8085
13134,11242
13134,12501
13134,12503
13134,12504
13134,12842
13134,12921
13134,12945
13134,13127
13134,13129
13134,13130
13134,13137
13134,8765
13134,576
13134,570
13134,510
13134,487
13134,438
13134,399
13134,4
13134,0
13135,3703
13135,3892
13135,4070
13135,4242
13135,7168
13135,8100
13135,12475
13135,12476
13135,12530
13135,12710
13135,12711
13135,12870
13135,12940
13135,12944
13135,13055
13135,13096
13135,13110
13135,13121
13135,13122
13135,13130
13135,13132
13135,13145
13135,13146
13135,5
13135,0
13136,3703
13136,3892
13136,4070
13136,4242
13136,7168
13136,8100
13136,9672
13136,12475
13136,12476
13136,12530
13136,12710
13136,12711
13136,12870
13136,12940
13136,12944
13136,13055
13136,13096
13136,13110
13136,13121
13136,13122
13136,13130
13136,13133
13136,640
13136,487
13136,399
13136,5
13136,0
13137,3703
13137,3892
13137,4070
13137,4242
13137,7168
13137,8100
13137,12475
13137,12476
13137,12530
13137,12710
13137,12711
13137,12870
13137,12940
13137,12944
13137,13055
13137,13096
13137,13110
13137,13121
13137,13122
13137,13134
13137,13145
13137,13146
13137,6
13137,0
13138,3703
13138,3892
13138,4070
13138,4242
13138,7168
13138,8100
13138,12475
13138,12476
13138,12530
13138,12710
13138,12711
13138,12870
13138,12940
13138,12944
13138,13055
13138,13096
13138,13110
13138,13121
13138,13122
13138,13130
13138,13133
13138,640
13138,570
13138,487
13138,399
13138,6
13138,0
13139,4070
13139,7168
13139,13133
13139,13145
13139,13146
13139,8565
13139,6338
13139,2693
13139,2020
13139,2016
13139,1
13140,13127
13140,581
13140,438
13140,304
13140,60
13140,2
13140,0
13141,8043
13141,8598
13141,9609
13141,9825
13141,13129
13141,13133
13141,6476
13141,6423
13141,5604
13141,4216
13141,2419
13141,576
13141,425
13141,391
13141,286
13141,2
13141,0
13142,8043
13142,8598
13142,9609
13142,9825
13142,13126
13142,6476
13142,6423
13142,5604
13142,4216
13142,2419
13142,400
13142,286
13142,2
13142,0
13143,637
13143,641
13143,3263
13143,4100
13143,4730
13143,8760
13143,10284
13143,10615
13143,10886
13143,11293
13143,11295
13143,11405
13143,11995
13143,12092
13143,13126
13143,13127
13143,13129
13143,7220
13143,581
13143,576
13143,425
13143,400
13143,391
13143,1
13143,0
13144,364
13144,2285
13144,4100
13144,4590
13144,4730
13144,9369
13144,9371
13144,10284
13144,11293
13144,11405
13144,11496
13144,11595
13144,11995
13144,12295
13144,13126
13144,13127
13144,13129
13144,7220
13144,581
13144,576
13144,438
13144,425
13144,400
13144,391
13144,1
13144,0
13145,12452
13145,12454
13145,13118
13145,13126
13145,13135
13145,13137
13145,13139
13145,8519
13145,8454
13145,3169
13145,1197
13145,1038
13145,600
13145,510
13145,435
13145,425
13145,390
13145,2
13145,0
13146,12452
13146,12454
13146,13126
13146,13127
13146,13129
13146,13135
13146,13137
13146,13139
13146,1231
13146,1197
13146,1038
13146,581
13146,510
13146,438
13146,435
13146,425
13146,304
13146,2
13146,0
13148,9177
13148,12986
13148,1341
13148,485
13148,1
